RA,DEC,DIST,MAG,TYPE,NAME,SIZE
101.287215,-16.716116,2.6371,-1.44,star A0m...,"Sirius ;HIP 32349 ;HD  48915 ;HR  2491 ;GL  Gl 244A ;BF  9Alp CMa ;",0
95.987925,-52.69566,94.7867,-0.62,star F0Ib,"Canopus ;HIP 30438 ;HD  45348 ;HR  2326 ;BF  Alp Car ;",0
213.91545,19.18241,11.2575,-0.05,star K2IIIp,"Arcturus ;HIP 69673 ;HD  124897 ;HR  5340 ;GL  Gl 541 ;BF  16Alp Boo ;",0
219.911475,-60.833976,1.3248,-0.01,star G2V,"Rigil Kentaurus ;HIP 71683 ;HD  128620 ;HR  5459 ;GL  Gl 559A ;BF  Alp1Cen ;",0
279.2346,38.783692,7.6787,0.03,star A0Vvar,"Vega ;HIP 91262 ;HD  172167 ;HR  7001 ;GL  Gl 721 ;BF  3Alp Lyr ;",0
79.17225,45.997991,13.1234,0.08,star M1: comp,"Capella ;HIP 24608 ;HD  34029 ;HR  1708 ;GL  Gl 194A ;BF  13Alp Aur ;",0
78.63447,-8.20164,264.5503,0.18,star B8Ia,"Rigel ;HIP 24436 ;HD  34085 ;HR  1713 ;BF  19Bet Ori ;",0
114.825495,5.224993,3.5142,0.4,star F5IV-V,"Procyon ;HIP 37279 ;HD  61421 ;HR  2943 ;GL  Gl 280A ;BF  10Alp CMi ;",0
24.42834,-57.236757,42.7533,0.45,star B3Vp,"Achernar ;HIP 7588 ;HD  10144 ;HR  472 ;BF  Alp Eri ;",0
88.792935,7.407063,152.6718,0.45,star M2Ib,"Betelgeuse ;HIP 27989 ;HD  39801 ;HR  2061 ;BF  58Alp Ori ;",0
210.955935,-60.373039,120.1923,0.61,star B1III,"Hadar ;HIP 68702 ;HD  122451 ;HR  5267 ;BF  Bet Cen ;",0
297.69582,8.868322,5.1295,0.76,star A7IV-V,"Altair ;HIP 97649 ;HD  187642 ;HR  7557 ;GL  Gl 768 ;BF  53Alp Aql ;",0
186.649665,-63.099092,98.7167,0.77,star B0.5IV,"Acrux ;HIP 60718 ;HD  108248 ;HR  4730 ;BF  Alp1Cru ;",0
68.980155,16.509301,20.4332,0.87,star K5III,"Aldebaran ;HIP 21421 ;HD  29139 ;HR  1457 ;GL  Gl 171.1A ;BF  87Alp Tau ;",0
79.16889,46.000842,12.9383,0.96,star G0 III,"GL  Gl 194B ;",0
201.298245,-11.161322,76.5697,0.98,star B1V,"Spica ;HIP 65474 ;HD  116658 ;HR  5056 ;BF  67Alp Vir ;",0
247.35192,-26.432002,169.7793,1.06,star M1Ib + B2.5V,"Antares ;HIP 80763 ;HD  148478 ;HR  6134 ;BF  21Alp Sco ;",0
116.329155,28.026199,10.3584,1.16,star K0IIIvar,"Pollux ;HIP 37826 ;HD  62509 ;HR  2990 ;GL  Gl 286 ;BF  78Bet Gem ;",0
344.41257,-29.622236,7.7036,1.17,star A3V,"Fomalhaut ;HIP 113368 ;HD  216956 ;HR  8728 ;GL  Gl 881 ;BF  24Alp PsA ;",0
191.930385,-59.688764,85.3971,1.25,star B0.5III,"Becrux ;HIP 62434 ;HD  111123 ;HR  4853 ;BF  Bet Cru ;",0
310.35798,45.280338,432.9004,1.25,star A2Ia,"Deneb ;HIP 102098 ;HD  197345 ;HR  7924 ;BF  50Alp Cyg ;",0
219.90519,-60.8383,1.3248,1.35,star K1V,"HIP 71681 ;HD  128621 ;HR  5460 ;GL  Gl 559B ;BF  Alp2Cen ;",0
152.09298,11.967207,24.3132,1.36,star B7V,"Regulus ;HIP 49669 ;HD  87901 ;HR  3982 ;BF  32Alp Leo ;",0
104.656455,-28.972084,124.2236,1.5,star B2II,"Adhara ;HIP 33579 ;HD  52089 ;HR  2618 ;BF  21Eps CMa ;",0
113.64951,31.888276,15.5958,1.58,star A2Vm,"Castor ;HIP 36850 ;HD  60179 ;HR  2891 ;GL  Gl 278A ;BF  66Alp Gem ;",0
187.791435,-57.113212,27.1518,1.59,star M4III,"Gacrux ;HIP 61084 ;HD  108903 ;HR  4763 ;BF  Gam Cru ;",0
263.402175,-37.103821,175.1313,1.62,star B1.5IV+...,"Shaula ;HIP 85927 ;HD  158926 ;HR  6527 ;BF  35Lam Sco ;",0
81.282765,6.349702,77.3994,1.64,star B2III,"Bellatrix ;HIP 25336 ;HD  35468 ;HR  1790 ;BF  24Gam Ori ;",0
81.57297,28.60745,41.0509,1.65,star B7III,"Alnath ;HIP 25428 ;HD  35497 ;HR  1791 ;BF  112Bet Tau ;",0
138.300615,-69.717208,34.6981,1.67,star A2IV,"Miaplacidus ;HIP 45238 ;HD  80007 ;HR  3685 ;BF  Bet Car ;",0
84.053385,-1.20192,606.0606,1.69,star B0Ia,"Alnilam ;HIP 26311 ;HD  37128 ;HR  1903 ;BF  46Eps Ori ;",0
332.058135,-46.960975,30.9693,1.73,star B7IV,"Alnair ;HIP 109268 ;HD  209952 ;HR  8425 ;GL  Gl 848.2 ;BF  Alp Gru ;",0
85.189695,-1.942572,225.7336,1.74,star O9.5Ib SB,"Alnitak ;HIP 26727 ;HD  37742 ;HR  1948 ;BF  50Zet Ori ;",0
122.38314,-47.336588,342.4658,1.75,star WC8 + O9I,"HIP 39953 ;HD  68273 ;HR  3207 ;BF  Gam2Vel ;",0
193.50708,55.959821,25.31,1.76,star A0p,"Alioth ;HIP 62956 ;HD  112185 ;HR  4905 ;BF  77Eps UMa ;",0
51.08067,49.86118,155.2795,1.79,star F5Ib,"Mirphak ;HIP 15863 ;HD  20902 ;HR  1017 ;BF  33Alp Per ;",0
276.04302,-34.384616,43.9367,1.79,star B9.5III,"Kaus Australis ;HIP 90185 ;HD  169022 ;HR  6879 ;BF  20Eps Sgr ;",0
165.932325,61.751033,37.679,1.81,star F7V comp,"Dubhe ;HIP 54061 ;HD  95689 ;HR  4301 ;BF  50Alp UMa ;",0
107.097855,-26.3932,492.6108,1.83,star F8Ia,"Wezen ;HIP 34444 ;HD  54605 ;HR  2693 ;BF  25Del CMa ;",0
206.88531,49.313265,31.8674,1.85,star B3V SB,"Alkaid ;HIP 67301 ;HD  120315 ;HR  5191 ;BF  85Eta UMa ;",0
125.62854,-59.509483,185.5288,1.86,star K3III+B2V,"Avior ;HIP 41037 ;HD  71129 ;HR  3307 ;BF  Eps Car ;",0
264.3297,-42.997824,92.081,1.86,star F1II,"Sargas ;HIP 86228 ;HD  159532 ;HR  6553 ;BF  The Sco ;",0
89.882235,44.947433,24.8694,1.9,star A2V,"Menkalinan ;HIP 28360 ;HD  40183 ;HR  2088 ;GL  NN 3375 ;BF  34Bet Aur ;",0
252.166155,-69.027715,119.7605,1.91,star K2IIb-IIIa,"Atria ;HIP 82273 ;HD  150798 ;HR  6217 ;BF  Alp TrA ;",0
99.42792,16.399252,33.5121,1.93,star A0IV,"Alhena ;HIP 31681 ;HD  47105 ;HR  2421 ;BF  24Gam Gem ;",0
131.175885,-54.708821,24.6975,1.93,star A1V,"HIP 42913 ;HD  74956 ;HR  3485 ;GL  Gl 321.3A ;BF  Del Vel ;",0
306.411885,-56.73509,54.8246,1.94,star B2IV,"Peacock ;HIP 100751 ;HD  193924 ;HR  7790 ;BF  Alp Pav ;",0
37.94625,89.264109,132.626,1.97,star F7:Ib-IIv SB,"Polaris ;HIP 11767 ;HD  8890 ;HR  424 ;BF  1Alp UMi ;",0
95.674935,-17.955918,151.0574,1.98,star B1II/III,"Mirzam ;HIP 30324 ;HD  44743 ;HR  2294 ;BF  2Bet CMa ;",0
141.89685,-8.658603,55.2792,1.99,star K3III,"Alphard ;HIP 46390 ;HD  81797 ;HR  3748 ;BF  30Alp Hya ;",0
31.793325,23.462423,20.1776,2.01,star K2III,"Hamal ;HIP 9884 ;HD  12929 ;HR  617 ;GL  Gl 84.3 ;BF  13Alp Ari ;",0
154.993095,19.841489,39.8883,2.01,star K0III,"Algieba ;HIP 50583 ;HD  89484 ;HR  4057 ;BF  41Gam1Leo ;",0
10.89735,-17.986605,29.5334,2.04,star K0III,"Diphda ;HIP 3419 ;HD  4128 ;HR  188 ;GL  Gl 31 ;BF  16Bet Cet ;",0
283.81635,-26.296722,69.8324,2.05,star B2.5V,"Nunki ;HIP 92855 ;HD  175191 ;HR  7121 ;BF  34Sig Sgr ;",0
211.670925,-36.369954,18.0343,2.06,star K0IIIb,"Menkent ;HIP 68933 ;HD  123139 ;HR  5288 ;GL  Gl 539 ;BF  5The Cen ;",0
2.096865,29.090432,29.7442,2.07,star B9p,"Alpheratz ;HIP 677 ;HD  358 ;HR  15 ;BF  21Alp And ;",0
17.43291,35.620558,60.5327,2.07,star M0IIIvar,"Mirach ;HIP 5447 ;HD  6860 ;HR  337 ;GL  Gl 53.3 ;BF  43Bet And ;",0
86.939115,-9.669605,198.4127,2.07,star B0.5Iavar,"Saiph ;HIP 27366 ;HD  38771 ;HR  2004 ;BF  53Kap Ori ;",0
222.676575,74.155505,40.1445,2.07,star K4IIIvar,"Kochab ;HIP 72607 ;HD  131873 ;HR  5563 ;BF  7Bet UMi ;",0
340.666725,-46.884577,54.2594,2.07,star M5III,"HIP 112122 ;HD  214952 ;HR  8636 ;BF  Bet Gru ;",0
263.733615,12.560035,14.8965,2.08,star A5III,"Rasalhague ;HIP 86032 ;HD  159561 ;HR  6556 ;GL  Gl 681 ;BF  55Alp Oph ;",0
47.04222,40.955648,27.571,2.09,star B8V,"Algol ;HIP 14576 ;HD  19356 ;HR  936 ;BF  26Bet Per ;",0
30.97476,42.329725,120.4819,2.1,star B8V,"Almaak ;HIP 9640 ;HD  12533 ;HR  603 ;BF  57Gam1And ;",0
177.264945,14.57206,10.9999,2.14,star A3Vvar,"Denebola ;HIP 57632 ;HD  102647 ;HR  4534 ;GL  Gl 448 ;BF  94Bet Leo ;",0
14.177145,60.71674,168.3502,2.15,star B0IV:evar,"Cih ;HIP 4427 ;HD  5394 ;HR  264 ;BF  27Gam Cas ;",0
190.379565,-48.959888,39.9042,2.2,star A1IV,"HIP 61932 ;HD  110304 ;HR  4819 ;BF  Gam Cen ;",0
120.896055,-40.003148,332.2259,2.21,star O5IAf,"Naos ;HIP 39429 ;HD  66811 ;HR  3165 ;BF  Zet Pup ;",0
139.27257,-59.275229,234.7418,2.21,star A8Ib,"Tureis ;HIP 45556 ;HD  80404 ;HR  3699 ;BF  Iot Car ;",0
233.67192,26.714693,23.0097,2.22,star A0V,"Alphekka ;HIP 76267 ;HD  139006 ;HR  5793 ;BF  5Alp CrB ;",0
136.99902,-43.432589,166.9449,2.23,star K4Ib-II,"HIP 44816 ;HD  78647 ;HR  3634 ;BF  Lam Vel ;",0
200.981205,54.925362,26.3089,2.23,star A2V,"Mizar ;HIP 65378 ;HD  116656 ;HR  5054 ;GL  NN 3783A ;BF  79Zet UMa ;",0
305.557095,40.256679,561.7978,2.23,star F8Ib,"Sadr ;HIP 100453 ;HD  194093 ;HR  7796 ;BF  37Gam Cyg ;",0
10.12674,56.537331,69.979,2.24,star K0II-IIIvar,"Shedir ;HIP 3179 ;HD  3712 ;HR  168 ;BF  18Alp Cas ;",0
269.151555,51.488895,47.3037,2.24,star K5III,"Etamin ;HIP 87833 ;HD  164058 ;HR  6705 ;BF  33Gam Dra ;",0
83.001675,-0.299092,212.3142,2.25,star O9.5II,"Mintaka ;HIP 25930 ;HD  36486 ;HR  1852 ;BF  34Del Ori ;",0
2.293305,59.14978,16.7842,2.28,star F2III-IV,"Caph ;HIP 746 ;HD  432 ;HR  21 ;GL  Gl 8 ;BF  11Bet Cas ;",0
204.97194,-53.466394,131.0616,2.29,star B1III,"HIP 66657 ;HD  118716 ;HR  5132 ;BF  Eps Cen ;",0
240.083355,-22.62171,150.6024,2.29,star B0.2IV,"Dschubba ;HIP 78401 ;HD  143275 ;HR  5953 ;BF  7Del Sco ;",0
252.5412,-34.293232,19.5351,2.29,star K2IIIb,"HIP 82396 ;HD  151680 ;HR  6241 ;BF  26Eps Sco ;",0
220.482345,-47.3882,142.4501,2.3,star B1.5III,"HIP 71860 ;HD  129056 ;HR  5469 ;BF  Alp Lup ;",0
218.87679,-42.157824,93.7207,2.33,star B1Vn + A,"HIP 71352 ;HD  127972 ;HR  5440 ;BF  Eta Cen ;",0
165.460155,56.382427,24.4499,2.34,star A1V,"Merak ;HIP 53910 ;HD  95418 ;HR  4295 ;GL  Wo 9343 ;BF  48Bet UMa ;",0
221.24676,27.074222,62.1118,2.35,star A0,"Izar ;HIP 72105 ;HD  129988 ;HR  5505 ;BF  36Eps Boo ;",0
326.046495,9.875011,211.4165,2.38,star K2Ibvar,"Enif ;HIP 107315 ;HD  206778 ;HR  8308 ;BF  8Eps Peg ;",0
265.62198,-39.029983,148.1481,2.39,star B1.5III,"HIP 86670 ;HD  160578 ;HR  6580 ;BF  Kap Sco ;",0
6.57084,-42.305981,25.974,2.4,star K0III...,"Ankaa ;HIP 2081 ;HD  2261 ;HR  99 ;BF  Alp Phe ;",0
178.45752,53.69476,25.5037,2.41,star A0V SB,"Phad ;HIP 58001 ;HD  103287 ;HR  4554 ;BF  64Gam UMa ;",0
257.59452,-15.72491,27.0929,2.43,star A2.5Va,"HIP 84012 ;HD  155125 ;HR  6378 ;GL  Gl 656.1A ;BF  35Eta Oph ;",0
345.943515,28.082789,60.0962,2.44,star M2II-IIIvar,"Scheat ;HIP 113881 ;HD  217906 ;HR  8775 ;BF  53Bet Peg ;",0
111.02376,-29.303104,609.7561,2.45,star B5Ia,"Aludra ;HIP 35904 ;HD  58350 ;HR  2827 ;BF  31Eta CMa ;",0
319.64445,62.585573,15.0376,2.45,star A7IV-V,"Alderamin ;HIP 105199 ;HD  203280 ;HR  8162 ;GL  Gl 826 ;BF  5Alp Cep ;",0
140.52843,-55.010668,175.4386,2.47,star B2IV,"HIP 45941 ;HD  81188 ;HR  3734 ;BF  Kap Vel ;",0
311.55267,33.970256,22.2916,2.48,star K0III,"Gienah ;HIP 102488 ;HD  197989 ;HR  7949 ;GL  Gl 806.1A ;BF  53Eps Cyg ;",0
346.19022,15.205264,40.8831,2.49,star B9.5III,"Markab ;HIP 113963 ;HD  218045 ;HR  8781 ;BF  54Alp Peg ;",0
45.56988,4.089734,76.3942,2.54,star M2III,"Menkar ;HIP 14135 ;HD  18884 ;HR  911 ;BF  92Alp Cet ;",0
249.28974,-10.56709,112.2334,2.54,star O9.5V,"HIP 81377 ;HD  149757 ;HR  6175 ;BF  13Zet Oph ;",0
208.885005,-47.288375,117.096,2.55,star B2.5IV,"HIP 68002 ;HD  121263 ;HR  5231 ;BF  Zet Cen ;",0
168.52707,20.523717,17.9147,2.56,star A4V,"Zosma ;HIP 54872 ;HD  97603 ;HR  4357 ;GL  Gl 419 ;BF  68Del Leo ;",0
241.3593,-19.805453,123.9157,2.56,star B0.5V,"Graffias ;HIP 78820 ;HD  144217 ;HR  5984 ;BF  8Bet1Sco ;",0
83.18256,-17.822289,680.2721,2.58,star F0Ib,"Arneb ;HIP 25985 ;HD  36673 ;HR  1865 ;BF  11Alp Lep ;",0
182.08965,-50.722425,127.2265,2.58,star B2IVne,"HIP 59196 ;HD  105435 ;HR  4621 ;BF  Del Cen ;",0
183.951555,-17.541929,47.1032,2.58,star B8III,"Gienah Ghurab ;HIP 59803 ;HD  106625 ;HR  4662 ;BF  4Gam Crv ;",0
285.65298,-29.880105,27.0416,2.6,star A3IV,"HIP 93506 ;HD  176687 ;HR  7194 ;BF  38Zet Sgr ;",0
229.251735,-9.382917,56.7537,2.61,star B8V,"Zubeneschemali ;HIP 74785 ;HD  135742 ;HR  5685 ;BF  27Bet Lib ;",0
236.06697,6.425627,22.6757,2.63,star K2III,"Unukalhai ;HIP 77070 ;HD  140573 ;HR  5854 ;GL  Gl 596.2 ;BF  24Alp Ser ;",0
28.66002,20.808035,17.9856,2.64,star A5V...,"Sheratan ;HIP 8903 ;HD  11636 ;HR  553 ;GL  Gl 80 ;BF  6Bet Ari ;",0
84.912255,-34.074108,80.1282,2.65,star B7IV,"Phakt ;HIP 26634 ;HD  37795 ;HR  1956 ;BF  Alp Col ;",0
89.930265,37.212585,50.7614,2.65,star A0p Si,"HIP 28380 ;HD  40312 ;HR  2095 ;BF  37The Aur ;",0
188.596815,-23.396759,44.6628,2.65,star G5II,"Kraz ;HIP 61359 ;HD  109379 ;HR  4786 ;BF  9Bet Crv ;",0
21.45324,60.235283,30.4785,2.66,star A5Vv SB,"Ruchbah ;HIP 6686 ;HD  8538 ;HR  403 ;BF  37Del Cas ;",0
208.671165,18.397717,11.396,2.68,star G0IV,"Mufrid ;HIP 67927 ;HD  121370 ;HR  5235 ;GL  Gl 534 ;BF  8Eta Boo ;",0
224.633055,-43.13396,117.3709,2.68,star B2III,"HIP 73273 ;HD  132058 ;HR  5571 ;BF  Bet Lup ;",0
74.24841,33.16609,151.2859,2.69,star K3IIvar,"Hassaleh ;HIP 23015 ;HD  31398 ;HR  1577 ;BF  3Iot Aur ;",0
161.69232,-49.420255,35.9195,2.69,star G5III SB,"HIP 52727 ;HD  93497 ;HR  4216 ;BF  Mu  Vel ;",0
189.296085,-69.135564,96.7118,2.69,star B2IV-V,"HIP 61585 ;HD  109668 ;HR  4798 ;BF  Alp Mus ;",0
262.69098,-37.295811,176.6784,2.7,star B2IV,"HIP 85696 ;HD  158408 ;HR  6508 ;BF  34Ups Sco ;",0
109.285665,-37.09747,247.5248,2.71,star K3Ib,"HIP 35264 ;HD  56855 ;HR  2773 ;BF  Pi  Pup ;",0
275.2485,-29.828103,106.6098,2.72,star K3III,"Kaus Meridionalis ;HIP 89931 ;HD  168454 ;HR  6859 ;BF  19Del Sgr ;",0
296.56491,10.613261,121.0654,2.72,star K3II,"Tarazed ;HIP 97278 ;HD  186791 ;HR  7525 ;BF  50Gam Aql ;",0
243.58641,-3.694323,52.4659,2.73,star M1III,"HIP 79593 ;HD  146051 ;HR  6056 ;BF  1Del Oph ;",0
245.9979,61.514213,28.2326,2.73,star G8III,"HIP 80331 ;HD  148387 ;HR  6132 ;GL  Gl 624.1A ;BF  14Eta Dra ;",0
160.739235,-64.39445,139.6648,2.74,star B0Vp,"HIP 52419 ;HD  93030 ;HR  4199 ;BF  The Car ;",0
190.415175,-1.449375,11.685,2.74,star F0V+...,"Porrima ;HIP 61941 ;HD  110379 ;HR  4825 ;GL  Gl 482A ;BF  29Gam Vir ;",0
83.858265,-5.909901,714.2857,2.75,star O9III,"Hatsya ;HIP 26241 ;HD  37043 ;HR  1899 ;BF  44Iot Ori ;",0
200.14944,-36.712295,18.0213,2.75,star A2V,"HIP 65109 ;HD  115892 ;HR  5028 ;GL  Gl 508.1 ;BF  Iot Cen ;",0
222.719655,-16.041778,23.2396,2.75,star A3IV,"Zubenelgenubi ;HIP 72622 ;HD  130841 ;HR  5531 ;GL  Gl 564.1 ;BF  9Alp2Lib ;",0
265.868145,4.567303,25.0941,2.76,star K2III,"Cebalrai ;HIP 86742 ;HD  161096 ;HR  6603 ;BF  60Bet Oph ;",0
76.962435,-5.086446,27.3973,2.78,star A3IIIvar,"Cursa ;HIP 23875 ;HD  33111 ;HR  1666 ;GL  Wo 9175 ;BF  67Bet Eri ;",0
247.55502,21.489613,42.6621,2.78,star G8III,"Kornephoros ;HIP 80816 ;HD  148856 ;HR  6148 ;BF  27Bet Her ;",0
258.661905,14.390333,110.2536,2.78,star M5IIvar,"Rasalgethi ;HIP 84345 ;HD  156014 ;HR  6406 ;BF  64Alp1Her ;",0
183.786405,-58.748928,105.8201,2.79,star B2IV,"HIP 59747 ;HD  106490 ;HR  4656 ;BF  Del Cru ;",0
262.608195,52.301387,116.5501,2.79,star G2II,"Rastaban ;HIP 85670 ;HD  159181 ;HR  6536 ;BF  23Bet Dra ;",0
233.785215,-41.166757,129.0323,2.8,star B2IV,"HIP 76297 ;HD  138690 ;HR  5776 ;BF  Gam Lup ;",0
82.06134,-20.759441,49.1642,2.81,star G5II,"Nihal ;HIP 25606 ;HD  36079 ;HR  1829 ;BF  9Bet Lep ;",0
250.321695,31.602726,10.7158,2.81,star F9IV,"HIP 81693 ;HD  150680 ;HR  6212 ;GL  Gl 635A ;BF  40Zet Her ;",0
6.41874,-77.254247,7.4588,2.82,star G2IV,"HIP 2021 ;HD  2151 ;HR  98 ;GL  Gl 19 ;BF  Bet Hyi ;",0
248.970645,-28.216016,145.3488,2.82,star B0V,"HIP 81266 ;HD  149438 ;HR  6165 ;BF  23Tau Sco ;",0
276.992685,-25.4217,23.9693,2.82,star K1IIIb,"Kaus Borealis ;HIP 90496 ;HD  169916 ;HR  6913 ;GL  Gl 713.1 ;BF  22Lam Sgr ;",0
3.30897,15.183596,120.048,2.83,star B2IV,"Algenib ;HIP 1067 ;HD  886 ;HR  39 ;BF  88Gam Peg ;",0
121.886055,-24.304324,19.4818,2.83,star F2mF5IIp,"HIP 39757 ;HD  67523 ;HR  3185 ;BF  15Rho Pup ;",0
238.786245,-63.430727,12.3778,2.83,star F2III,"HIP 77952 ;HD  141891 ;HR  5897 ;GL  Gl 601A ;BF  Bet TrA ;",0
58.533,31.883635,230.4147,2.84,star B1Ib,"HIP 18246 ;HD  24398 ;HR  1203 ;BF  44Zet Per ;",0
261.324975,-55.529884,198.0198,2.84,star K3Ib-II,"HIP 85258 ;HD  157244 ;HR  6461 ;BF  Bet Ara ;",0
262.960425,-49.876145,81.9672,2.84,star B2Vne,"HIP 85792 ;HD  158427 ;HR  6510 ;BF  Alp Ara ;",0
56.87115,24.105137,123.6094,2.85,star B7III,"Alcyone ;HIP 17702 ;HD  23630 ;HR  1165 ;BF  25Eta Tau ;",0
195.54417,10.95915,33.6022,2.85,star G8IIIvar,"Vindemiatrix ;HIP 63608 ;HD  113226 ;HR  4932 ;BF  47Eps Vir ;",0
326.760165,-16.127286,11.8666,2.85,star A5mF2 (IV),"HIP 107556 ;HD  207098 ;HR  8322 ;GL  Gl 837 ;BF  49Del Cap ;",0
113.652405,31.89052,15.8053,2.85,star A m,"HD  60178 ;HR  2890 ;GL  Gl 278B ;BF  66Alp Gem ;",0
29.691765,-61.569859,22.0119,2.86,star F0V,"HIP 9236 ;HD  12311 ;HR  591 ;GL  Gl 83 ;BF  Alp Hyi ;",0
296.24361,45.13081,50.5817,2.86,star B9.5III,"HIP 97165 ;HD  186882 ;HR  7528 ;BF  18Del Cyg ;",0
95.740095,22.513586,71.0227,2.87,star M3IIIvar,"HIP 30343 ;HD  44478 ;HR  2286 ;BF  13Mu  Gem ;",0
229.727715,-68.679545,56.3698,2.87,star A1V,"HIP 74946 ;HD  135382 ;HR  5671 ;BF  Gam TrA ;",0
334.625565,-60.259587,61.237,2.87,star K3III,"HIP 110130 ;HD  211416 ;HR  8502 ;BF  Alp Tuc ;",0
44.565345,-40.304672,49.4315,2.88,star A4III+...,"Acamar ;HIP 13847 ;HD  18622 ;HR  897 ;BF  The1Eri ;",0
287.440965,-21.023615,156.25,2.88,star F2II/III,"Albaldah ;HIP 94141 ;HD  178524 ;HR  7264 ;BF  41Pi  Sgr ;",0
111.78768,8.289315,49.5786,2.89,star B8Vvar,"Gomeisa ;HIP 36188 ;HD  58715 ;HR  2845 ;BF  3Bet CMi ;",0
194.007105,38.31838,35.1989,2.89,star A0spe...,"Cor Caroli ;HIP 63125 ;HD  112413 ;HR  4915 ;BF  12Alp2CVn ;",0
239.712975,-26.114105,179.5332,2.89,star B1V + B2V,"HIP 78265 ;HD  143018 ;HR  5944 ;BF  6Pi  Sco ;",0
59.46345,40.010215,195.6947,2.9,star B0.5V,"HIP 18532 ;HD  24760 ;HR  1220 ;BF  45Eps Per ;",0
245.297145,-25.592796,213.6752,2.9,star B1III,"HIP 80112 ;HD  147165 ;HR  6084 ;BF  20Sig Sco ;",0
322.88973,-5.571172,164.7446,2.9,star G0Ib,"Sadalsuud ;HIP 106278 ;HD  204867 ;HR  8232 ;BF  22Bet Aqr ;",0
46.19913,53.50644,74.5712,2.91,star G8III+...,"HIP 14328 ;HD  18925 ;HR  915 ;BF  23Gam Per ;",0
146.77554,-65.072007,440.5286,2.92,star A9,"HIP 48002 ;HD  85123 ;HR  3890 ;BF  Ups Car ;",0
340.75056,30.221245,65.703,2.93,star G2II-III..,"Matar ;HIP 112158 ;HD  215182 ;HR  8650 ;BF  44Eta Peg ;",0
102.48399,-50.61456,55.8036,2.94,star K0III...,"HIP 32768 ;HD  50310 ;HR  2553 ;BF  Tau Pup ;",0
187.466085,-16.515432,26.6312,2.94,star B9.5V,"Algorab ;HIP 60965 ;HD  108767 ;HR  4757 ;BF  7Del Crv ;",0
331.445985,-0.319851,160.5136,2.95,star G2Ib,"Sadalmelik ;HIP 109074 ;HD  209750 ;HR  8414 ;BF  34Alp Aqr ;",0
59.507355,-13.508515,62.3441,2.97,star M1IIIb Ca-1,"Zaurak ;HIP 18543 ;HD  25025 ;HR  1231 ;BF  34Gam Eri ;",0
84.411195,21.142549,136.4256,2.97,star B4IIIp,"HIP 26451 ;HD  37202 ;HR  1910 ;BF  123Zet Tau ;",0
146.46282,23.774255,75.643,2.97,star G0II,"Ras Elased Australis ;HIP 47908 ;HD  84441 ;HR  3873 ;BF  17Eps Leo ;",0
271.452045,-30.424091,29.7,2.98,star K0III,"Nash ;HIP 88635 ;HD  165135 ;HR  6746 ;BF  10Gam2Sgr ;",0
199.730385,-23.171512,41.0341,2.99,star G8III,"HIP 64962 ;HD  115659 ;HR  5020 ;BF  46Gam Hya ;",0
266.89617,-40.126997,591.716,2.99,star F3Ia,"HIP 87073 ;HD  161471 ;HR  6615 ;BF  Iot1Sco ;",0
286.352535,13.863478,25.4582,2.99,star A0Vn,"HIP 93747 ;HD  177724 ;HR  7235 ;GL  NN 4095A ;BF  17Zet Aql ;",0
32.38587,34.987297,38.8954,3,star A5III,"HIP 10064 ;HD  13161 ;HR  622 ;BF  4Bet Tri ;",0
167.41593,44.498487,44.3066,3,star K1III,"HIP 54539 ;HD  96833 ;HR  4335 ;BF  52Psi UMa ;",0
230.182245,71.834016,149.2537,3,star A3II-III,"HIP 75097 ;HD  137422 ;HR  5735 ;BF  13Gam UMi ;",0
252.967635,-38.04738,153.6098,3,star B1.5IV + B,"HIP 82514 ;HD  151890 ;HR  6247 ;BF  Mu 1Sco ;",0
328.48212,-37.364852,64.7249,3,star B8III,"HIP 108085 ;HD  207971 ;HR  8353 ;BF  Gam Gru ;",0
55.73124,47.787551,158.2278,3.01,star B5III SB,"HIP 17358 ;HD  22928 ;HR  1122 ;BF  39Del Per ;",0
95.078295,-30.063367,111.1111,3.02,star B2.5V,"HIP 30122 ;HD  44402 ;HR  2282 ;BF  1Zet CMa ;",0
105.756135,-23.833291,847.4576,3.02,star B3Ia,"HIP 33977 ;HD  53138 ;HR  2653 ;BF  24Omi2CMa ;",0
182.53119,-22.619766,97.4659,3.02,star K2III,"HIP 59316 ;HD  105707 ;HR  4630 ;BF  2Eps Crv ;",0
75.492225,43.823308,653.5948,3.03,star F0Ia,"HIP 23416 ;HD  31964 ;HR  1605 ;BF  7Eps Aur ;",0
191.57019,-68.108119,104.712,3.04,star B2V,"HIP 62322 ;HD  110879 ;HR  4844 ;BF  Bet Mus ;",0
218.01954,38.308253,26.6099,3.04,star A7IIIvar,"HIP 71075 ;HD  127762 ;HR  5435 ;BF  27Gam Boo ;",0
292.680345,27.959681,133.1558,3.05,star K3II+...,"Albireo ;HIP 95947 ;HD  183912 ;HR  7417 ;BF  6Bet1Cyg ;",0
305.252805,-14.781367,100.2004,3.05,star A5:n,"HIP 100345 ;HD  193495 ;HR  7776 ;BF  9Bet Cap ;",0
100.98303,25.131124,259.0674,3.06,star A3mA6-A9,"HIP 32246 ;HD  48329 ;HR  2473 ;BF  27Eps Gem ;",0
155.582325,41.499516,70.6215,3.06,star M0III SB,"HIP 50801 ;HD  89758 ;HR  4069 ;BF  34Mu  UMa ;",0
288.138375,67.661541,29.8686,3.07,star G9III,"HIP 94376 ;HD  180711 ;HR  7310 ;BF  57Del Dra ;",0
274.406895,-36.761686,44.7427,3.1,star M2III,"HIP 89642 ;HD  167618 ;HR  6832 ;BF  Eta Sgr ;",0
133.84845,5.945563,51.2558,3.11,star G8III-IV,"HIP 43813 ;HD  76294 ;HR  3547 ;BF  16Zet Hya ;",0
162.406185,-16.193648,44.0723,3.11,star K0/K1III,"HIP 52943 ;HD  93813 ;HR  4232 ;BF  Nu  Hya ;",0
173.945445,-63.019841,128.7001,3.11,star B9II:,"HIP 56561 ;HD  100841 ;HR  4467 ;BF  Lam Cen ;",0
309.39174,-47.291502,30.1477,3.11,star K0III,"HIP 101772 ;HD  196171 ;HR  7869 ;GL  Gl 794.1 ;BF  Alp Ind ;",0
87.739935,-35.768309,26.7308,3.12,star K1.5III,"HIP 27628 ;HD  39425 ;HR  2040 ;BF  Bet Col ;",0
134.80242,48.041826,14.5096,3.12,star A7IV,"HIP 44127 ;HD  76644 ;HR  3569 ;GL  Gl 331A ;BF  9Iot UMa ;",0
254.65509,-55.990141,149.0313,3.12,star K5III,"HIP 83081 ;HD  152786 ;HR  6285 ;GL  Wo 9581 ;BF  Zet Ara ;",0
258.757965,24.839204,23.0362,3.12,star A3IVv SB,"HIP 84379 ;HD  156164 ;HR  6410 ;GL  NN 3995A ;BF  65Del Her ;",0
224.790375,-42.104194,117.5088,3.13,star B2IV,"HIP 73334 ;HD  132200 ;HR  5576 ;BF  Kap Cen ;",0
140.263875,34.392562,62.2665,3.14,star M0IIIvar,"HIP 45860 ;HD  80493 ;HR  3705 ;BF  40Alp Lyn ;",0
142.805565,-57.034377,73.2601,3.16,star K5III,"HIP 46701 ;HD  82668 ;HR  3803 ;",0
258.76182,36.809162,115.4734,3.16,star K3IIvar,"HIP 84380 ;HD  156283 ;HR  6418 ;BF  67Pi  Her ;",0
99.440295,-43.195934,113.8952,3.17,star B8III SB,"HIP 31685 ;HD  47670 ;HR  2451 ;BF  Nu  Pup ;",0
143.215725,51.6773,13.4789,3.17,star F6IV,"HIP 46853 ;HD  82328 ;HR  3775 ;GL  Gl 354A ;BF  25The UMa ;",0
257.19672,65.714683,100.7049,3.17,star B6III,"HIP 83895 ;HD  155763 ;HR  6396 ;BF  22Zet Dra ;",0
281.4141,-26.990778,73.3676,3.17,star B8.5III,"HIP 92041 ;HD  173300 ;HR  7039 ;BF  27Phi Sgr ;",0
76.6287,41.234474,74.6269,3.18,star B3V,"HIP 23767 ;HD  32630 ;HR  1641 ;BF  10Eta Aur ;",0
220.62738,-64.975138,16.57,3.18,star F1Vp,"HIP 71908 ;HD  128898 ;HR  5463 ;GL  Gl 560A ;BF  Alp Cir ;",0
72.460035,6.961276,8.0684,3.19,star F6V,"HIP 22449 ;HD  30652 ;HR  1543 ;GL  Gl 178 ;BF  1Pi 3Ori ;",0
76.36527,-22.371032,65.4022,3.19,star K4III,"HIP 23685 ;HD  32887 ;HR  1654 ;BF  2Eps Lep ;",0
254.417085,9.375033,28.0426,3.19,star K2IIIvar,"HIP 83000 ;HD  153210 ;HR  6299 ;BF  27Kap Oph ;",0
267.464475,-37.043304,38.5802,3.19,star K0/K1III,"HIP 87261 ;HD  161892 ;HR  6630 ;",0
318.234105,30.226916,43.8789,3.21,star G8II SB,"HIP 104732 ;HD  202109 ;HR  8115 ;BF  64Zet Cyg ;",0
354.8373,77.632276,14.1024,3.21,star K1IV,"HIP 116727 ;HD  222404 ;HR  8974 ;GL  Gl 903 ;BF  35Gam Cep ;",0
230.343015,-40.647518,271.0027,3.22,star B1.5IV,"HIP 75141 ;HD  136298 ;HR  5695 ;BF  Del Lup ;",0
244.58037,-4.692511,32.6371,3.23,star G8III,"HIP 79882 ;HD  146791 ;HR  6075 ;GL  NN 3949 ;BF  2Eps Oph ;",0
275.327505,-2.898825,18.5426,3.23,star K0III-IV,"HIP 89962 ;HD  168723 ;HR  6869 ;GL  Gl 711 ;BF  58Eta Ser ;",0
322.16493,70.560716,210.084,3.23,star B2IIIv SB,"HIP 106032 ;HD  205021 ;HR  8238 ;BF  8Bet Cep ;",0
102.04791,-61.941391,29.6033,3.24,star A7IV,"HIP 32607 ;HD  50241 ;HR  2550 ;GL  Gl 248 ;BF  Alp Pic ;",0
302.826195,-0.821461,87.7963,3.24,star B9.5III,"HIP 99473 ;HD  191692 ;HR  7710 ;BF  65The Aql ;",0
112.307685,-43.301432,59.3824,3.25,star K5III SB,"HIP 36377 ;HD  59717 ;HR  2878 ;BF  Sig Pup ;",0
211.592895,-26.682361,30.9598,3.25,star K2III,"HIP 68895 ;HD  123123 ;HR  5287 ;GL  Gl 538.1 ;BF  49Pi  Hya ;",0
226.017585,-25.281965,88.4173,3.25,star M3/M4III,"HIP 73714 ;HD  133216 ;HR  5603 ;BF  20Sig Lib ;",0
284.735925,32.689557,190.1141,3.25,star B9III,"HIP 93194 ;HD  176437 ;HR  7178 ;BF  14Gam Lyr ;",0
56.809425,-74.238962,65.6168,3.26,star M2III,"HIP 17678 ;HD  24512 ;HR  1208 ;BF  Gam Hyi ;",0
9.83193,30.861024,32.352,3.27,star K3III...,"HIP 3092 ;HD  3627 ;HR  165 ;BF  31Del And ;",0
260.502405,-24.999545,133.6898,3.27,star B2IV,"HIP 84970 ;HD  157056 ;HR  6453 ;BF  42The Oph ;",0
343.662555,-15.82082,49.2368,3.27,star A3V,"HIP 113136 ;HD  216627 ;HR  8709 ;BF  76Del Aqr ;",0
78.23292,-16.205468,57.0125,3.29,star B9IV: HgMn,"HIP 24305 ;HD  33904 ;HR  1702 ;BF  5Mu  Lep ;",0
153.434415,-70.037903,104.8218,3.29,star B8III,"HIP 50099 ;HD  89080 ;HR  4037 ;BF  Ome Car ;",0
231.23241,58.966065,31.027,3.29,star K2III,"HIP 75458 ;HD  137759 ;HR  5744 ;BF  12Iot Dra ;",0
68.49897,-55.044975,51.7063,3.3,star A0V:,"HIP 21281 ;HD  29305 ;HR  1465 ;BF  Alp Dor ;",0
158.006145,-61.685332,148.1481,3.3,star B4Vne,"HIP 51576 ;HD  91465 ;HR  4140 ;",0
93.719415,22.506799,117.9245,3.31,star M3III,"HIP 29655 ;HD  42995 ;HR  2216 ;BF  7Eta Gem ;",0
261.348585,-56.377727,341.2969,3.31,star B1Ib,"HIP 85267 ;HD  157246 ;HR  6462 ;BF  Gam Ara ;",0
16.521105,-46.718414,100000,3.32,star G8IIIvar,"HIP 5165 ;HD  6595 ;HR  322 ;BF  Bet Phe ;",0
46.29405,38.840274,94.3396,3.32,star M3IIIvar,"HIP 14354 ;HD  19058 ;HR  921 ;BF  25Rho Per ;",0
183.85629,57.032617,24.6853,3.32,star A3Vvar,"Megrez ;HIP 59774 ;HD  106591 ;HR  4660 ;GL  Gl 459 ;BF  69Del UMa ;",0
258.03828,-43.239189,22.5276,3.32,star F3p,"HIP 84143 ;HD  155203 ;HR  6380 ;GL  Gl 657 ;BF  Eta Sco ;",0
269.756625,-9.773632,46.2107,3.32,star K0III,"HIP 88048 ;HD  163917 ;HR  6698 ;BF  64Nu  Oph ;",0
286.73505,-27.670423,37.2856,3.32,star K1/K2III,"HIP 93864 ;HD  177716 ;HR  7234 ;GL  Wo 9643 ;BF  40Tau Sgr ;",0
63.60606,-62.473858,49.554,3.33,star G7III,"HIP 19780 ;HD  27256 ;HR  1336 ;BF  Alp Ret ;",0
168.560025,15.42957,50.6073,3.33,star A2V,"HIP 54879 ;HD  97633 ;HR  4359 ;BF  70The Leo ;",0
117.323565,-24.859786,367.6471,3.34,star G6Ia,"HIP 38170 ;HD  63700 ;HR  3045 ;BF  7Xi  Pup ;",0
28.59876,63.670101,126.2626,3.35,star B2pvar,"HIP 8886 ;HD  11415 ;HR  542 ;BF  45Eps Cas ;",0
81.119235,-2.397146,299.4012,3.35,star B1V + B2,"HIP 25281 ;HD  35411 ;HR  1788 ;BF  28Eta Ori ;",0
101.32236,12.895591,17.9986,3.35,star F5IV,"HIP 32362 ;HD  48737 ;HR  2484 ;GL  Gl 242 ;BF  31Xi  Gem ;",0
127.566465,60.718169,54.9149,3.35,star G4II-III,"HIP 41704 ;HD  71369 ;HR  3323 ;BF  1Omi UMa ;",0
291.37458,3.114775,15.5255,3.36,star F0IV,"HIP 95501 ;HD  182640 ;HR  7377 ;GL  Gl 760 ;BF  30Del Aql ;",0
230.670315,-44.689622,156.9859,3.37,star B2IV-V,"HIP 75264 ;HD  136504 ;HR  5708 ;BF  Eps Lup ;",0
131.693805,6.418809,39.6354,3.38,star G0III-IV,"HIP 43109 ;HD  74874 ;HR  3482 ;BF  11Eps Hya ;",0
203.6733,-0.59582,22.7118,3.38,star A3V,"HIP 66249 ;HD  118098 ;HR  5107 ;GL  NN 3792 ;BF  79Zet Vir ;",0
83.784495,9.934158,336.7003,3.39,star O...,"HIP 26207 ;HD  36861 ;HR  1879 ;BF  39Lam Ori ;",0
154.2708,-61.332304,201.6129,3.39,star K3II,"HIP 50371 ;HD  89388 ;HR  4050 ;",0
193.900875,3.39747,60.8273,3.39,star M3III,"HIP 63090 ;HD  112300 ;HR  4910 ;BF  43Del Vir ;",0
332.71362,58.201261,256.4103,3.39,star K1Ibv SB,"HIP 109492 ;HD  210745 ;HR  8465 ;BF  21Zet Cep ;",0
67.165575,15.870883,46.1042,3.4,star A7III,"HIP 20894 ;HD  28319 ;HR  1412 ;BF  78The2Tau ;",0
257.591745,-15.726921,25.7931,3.4,star A3 V,"GL  Gl 656.1B ;",0
22.091385,-43.318234,71.6332,3.41,star K5II-III,"HIP 6867 ;HD  9053 ;HR  429 ;BF  Gam Phe ;",0
60.17007,12.490347,148.368,3.41,star B3V + A,"HIP 18724 ;HD  25204 ;HR  1239 ;BF  35Lam Tau ;",0
207.37617,-41.687709,133.8688,3.41,star B2IV,"HIP 67464 ;HD  120307 ;HR  5190 ;BF  Nu  Cen ;",0
228.0714,-52.099247,35.9712,3.41,star G8III,"HIP 74395 ;HD  134505 ;HR  5649 ;GL  Wo 9512A ;BF  Zet Lup ;",0
311.322165,61.838782,14.2653,3.41,star K0IV,"HIP 102422 ;HD  198149 ;HR  7957 ;GL  Gl 807 ;BF  3Eta Cep ;",0
340.365495,10.831364,62.6566,3.41,star B8.5V,"HIP 112029 ;HD  214923 ;HR  8634 ;BF  42Zet Peg ;",0
28.27044,29.578829,19.4175,3.42,star F6IV,"HIP 8796 ;HD  11443 ;HR  544 ;GL  Gl 78.1 ;BF  2Alp Tri ;",0
240.03054,-38.396706,135.5014,3.42,star B2.5IV,"HIP 78384 ;HD  143118 ;HR  5948 ;BF  Eta Lup ;",0
266.614785,27.720676,8.3105,3.42,star G5IV,"HIP 86974 ;HD  161797 ;HR  6623 ;GL  Gl 695A ;BF  86Mu  Her ;",0
311.23971,-66.203212,41.425,3.42,star A5IV,"HIP 102395 ;HD  197051 ;HR  7913 ;BF  Bet Pav ;",0
137.74206,-58.966896,136.9863,3.43,star B2IV,"HIP 45080 ;HD  79351 ;HR  3659 ;",0
154.172565,23.417311,84.0336,3.43,star F0III,"HIP 50335 ;HD  89025 ;HR  4031 ;BF  36Zet Leo ;",0
286.56225,-4.882554,37.9219,3.43,star B9Vn,"HIP 93805 ;HD  177756 ;HR  7236 ;BF  16Lam Aql ;",0
154.27428,42.914365,42.1585,3.45,star A2IV,"HIP 50372 ;HD  89021 ;HR  4033 ;BF  33Lam UMa ;",0
12.2739,57.815187,5.9531,3.46,star G0V SB,"HIP 3821 ;HD  4614 ;HR  219 ;GL  Gl 34A ;BF  24Eta Cas ;",0
17.14746,-10.182264,37.9939,3.46,star K2III,"HIP 5364 ;HD  6805 ;HR  334 ;GL  NN 3075 ;BF  31Eta Cet ;",0
119.194695,-52.98236,139.47,3.46,star B3IVp,"HIP 38827 ;HD  65575 ;HR  3117 ;BF  Chi Car ;",0
228.87564,33.314833,37.3413,3.46,star G8III,"HIP 74666 ;HD  135722 ;HR  5681 ;BF  49Del Boo ;",0
40.82517,3.235818,24.4081,3.47,star A3V,"HIP 12706 ;HD  16970 ;HR  804 ;GL  Gl 106.1A ;BF  86Gam Cet ;",0
207.404145,-42.473732,155.0388,3.47,star B2IV-Ve,"HIP 67472 ;HD  120324 ;HR  5193 ;BF  Mu  Cen ;",0
151.833135,16.762664,389.1051,3.48,star A0Ib,"HIP 49583 ;HD  87737 ;HR  3975 ;BF  30Eta Leo ;",0
250.723995,38.922254,33.3111,3.48,star G8III-IV,"HIP 81833 ;HD  150997 ;HR  6220 ;BF  44Eta Her ;",0
26.017185,-15.93748,3.6502,3.49,star G8V,"HIP 8102 ;HD  10700 ;HR  509 ;GL  Gl 71 ;BF  52Tau Cet ;",0
105.42978,-27.93483,343.6426,3.49,star K4III,"HIP 33856 ;HD  52877 ;HR  2646 ;BF  22Sig CMa ;",0
169.619745,33.094306,122.399,3.49,star K3III SB,"HIP 55219 ;HD  98262 ;HR  4377 ;BF  54Nu  UMa ;",0
225.48654,40.390566,69.0608,3.49,star G8III,"HIP 73555 ;HD  133208 ;HR  5602 ;BF  42Bet Boo ;",0
276.743415,-45.968459,85.1789,3.49,star B3IV,"HIP 90422 ;HD  169467 ;HR  6897 ;BF  Alp Tel ;",0
342.138585,-51.316864,39.5257,3.49,star A3V,"HIP 112623 ;HD  215789 ;HR  8675 ;GL  Wo 9796 ;BF  Eps Gru ;",0
102.460245,-32.508478,202.0202,3.5,star B1.5IVne,"HIP 32759 ;HD  50013 ;HR  2538 ;BF  13Kap CMa ;",0
110.030745,21.98232,18.5391,3.5,star F0IV...,"HIP 35550 ;HD  56986 ;HR  2777 ;GL  Gl 271A ;BF  55Del Gem ;",0
342.4203,66.200408,35.3482,3.5,star K0III,"HIP 112724 ;HD  216228 ;HR  8694 ;BF  32Iot Cep ;",0
299.689275,19.492148,79.2393,3.51,star K5III,"HIP 98337 ;HD  189319 ;HR  7635 ;BF  12Gam Sge ;",0
342.500775,24.601579,32.5309,3.51,star M2III,"HIP 112748 ;HD  216131 ;HR  8684 ;GL  NN 4298 ;BF  48Mu  Peg ;",0
55.81209,-9.763395,9.0408,3.52,star K0IV,"HIP 17378 ;HD  23249 ;HR  1136 ;GL  Gl 150 ;BF  23Del Eri ;",0
145.287645,9.892308,39.9521,3.52,star A5V+...,"HIP 47508 ;HD  83808 ;HR  3852 ;BF  14Omi Leo ;",0
149.21562,-54.56779,487.8049,3.52,star B5Ib,"HIP 48774 ;HD  86440 ;HR  3940 ;BF  Phi Vel ;",0
282.519975,33.362667,294.9853,3.52,star A8:V comp SB,"Sheliak ;HIP 92420 ;HD  174638 ;HR  7106 ;BF  10Bet Lyr ;",0
284.432505,-21.106654,111.9821,3.52,star G8/K0II/III,"HIP 93085 ;HD  175775 ;HR  7150 ;BF  37Xi 2Sgr ;",0
332.54994,6.197865,28.2965,3.52,star A2V,"HIP 109427 ;HD  210418 ;HR  8450 ;GL  Wo 9771 ;BF  26The Peg ;",0
190.412565,-1.449235,11.8301,3.52,star F0 V,"HD  110380 ;HR  4826 ;GL  Gl 482B ;BF  29Gam Vir ;",0
67.154145,19.180431,44.964,3.53,star K0III,"HIP 20889 ;HD  28305 ;HR  1409 ;BF  74Eps Tau ;",0
124.12884,9.185545,93.0233,3.53,star K4III,"HIP 40526 ;HD  69267 ;HR  3249 ;BF  17Bet Cnc ;",0
173.25057,-31.857625,39.7456,3.54,star G8III,"HIP 56343 ;HD  100407 ;HR  4450 ;BF  Xi  Hya ;",0
237.40503,-3.430208,52.0021,3.54,star A0V,"HIP 77516 ;HD  141513 ;HR  5881 ;BF  32Mu  Ser ;",0
264.396675,-15.398557,32.2789,3.54,star F0IIIp,"HIP 86263 ;HD  159876 ;HR  6561 ;BF  55Xi  Ser ;",0
64.473555,-33.798348,54.5554,3.55,star B9V,"HIP 20042 ;HD  27376 ;HR  1347 ;BF  41Ups4Eri ;",0
86.738925,-14.82195,21.6076,3.55,star A2Vann,"HIP 27288 ;HD  38678 ;HR  1998 ;GL  Gl 217.1 ;BF  14Zet Lep ;",0
214.85094,-46.058093,103.6269,3.55,star B2.5IV,"HIP 69996 ;HD  125238 ;HR  5354 ;BF  Iot Lup ;",0
275.26104,72.732843,8.0574,3.55,star F7Vvar,"HIP 89937 ;HD  170153 ;HR  6927 ;GL  Gl 713A ;BF  44Chi Dra ;",0
302.177355,-66.182068,6.1084,3.55,star G5IV-Vvar,"HIP 99240 ;HD  190248 ;HR  7665 ;GL  Gl 780 ;BF  Del Pav ;",0
4.856985,-8.823921,84.1751,3.56,star K2III,"HIP 1562 ;HD  1522 ;HR  74 ;BF  8Iot Cet ;",0
34.12731,-51.512165,47.1254,3.56,star B8IV-V,"HIP 10602 ;HD  14228 ;HR  674 ;BF  Phi Eri ;",0
169.835205,-14.778541,56.9476,3.56,star K0III,"HIP 55282 ;HD  98430 ;HR  4382 ;BF  12Del Crt ;",0
253.083945,-38.017536,145.3488,3.56,star B2IV,"HIP 82545 ;HD  151985 ;HR  6252 ;BF  Mu 2Sco ;",0
116.111895,24.397993,43.3463,3.57,star G8III,"HIP 37740 ;HD  62345 ;HR  2985 ;BF  77Kap Gem ;",0
135.906405,47.156525,109.8901,3.57,star A1Vn,"HIP 44471 ;HD  77327 ;HR  3594 ;BF  12Kap UMa ;",0
217.9575,30.371437,49.0918,3.57,star K3III,"HIP 71053 ;HD  127665 ;HR  5429 ;BF  25Rho Boo ;",0
230.4516,-36.261376,84.317,3.57,star K5III,"HIP 75177 ;HD  136422 ;HR  5705 ;BF  Phi1Lup ;",0
109.52325,16.540383,30.931,3.58,star A3V...,"HIP 35350 ;HD  56537 ;HR  2763 ;GL  Wo 9231A ;BF  54Lam Gem ;",0
304.51356,-12.544852,32.4465,3.58,star G6/G8III,"HIP 100064 ;HD  192947 ;HR  7754 ;BF  6Alp2Cap ;",0
24.498075,48.628213,54.3183,3.59,star K3III,"HIP 7607 ;HD  9927 ;HR  464 ;BF  51    And ;",0
79.40163,-6.844409,151.5152,3.59,star B5III,"HIP 24674 ;HD  34503 ;HR  1735 ;BF  20Tau Ori ;",0
86.115855,-22.448382,8.927,3.59,star F7V,"HIP 27072 ;HD  38393 ;HR  1983 ;GL  Gl 216A ;BF  13Gam Lep ;",0
177.67383,1.764718,10.929,3.59,star F8V,"HIP 57757 ;HD  102870 ;HR  4540 ;GL  Gl 449 ;BF  5Bet Vir ;",0
185.340465,-60.401147,70.4722,3.59,star K3/K4III,"HIP 60260 ;HD  107446 ;HR  4700 ;BF  Eps Cru ;",0
21.00585,-8.183257,34.8918,3.6,star K0III,"HIP 6537 ;HD  8512 ;HR  402 ;BF  45The Cet ;",0
103.19724,33.961254,57.971,3.6,star A3III,"HIP 33018 ;HD  50019 ;HR  2540 ;BF  34The Gem ;",0
130.07331,-52.921887,151.2859,3.6,star B3IV,"HIP 42536 ;HD  74195 ;HR  3447 ;",0
142.67511,-40.466769,18.8147,3.6,star F2IV,"HIP 46651 ;HD  82434 ;HR  3786 ;GL  Gl 351A ;BF  Psi Vel ;",0
234.25605,-28.135079,68.5871,3.6,star K3III,"HIP 76470 ;HD  139063 ;HR  5794 ;BF  39Ups Lib ;",0
262.77477,-60.683848,60.6796,3.6,star B8V,"HIP 85727 ;HD  158094 ;HR  6500 ;BF  Del Ara ;",0
42.495945,27.260507,50.7872,3.61,star B8Vn,"HIP 13209 ;HD  17573 ;HR  838 ;BF  41    Ari ;",0
51.20331,9.02887,89.2061,3.61,star G8III,"HIP 15900 ;HD  21120 ;HR  1030 ;BF  1Omi Tau ;",0
152.647005,-12.354083,34.5066,3.61,star K0III,"HIP 49841 ;HD  88284 ;HR  3994 ;BF  41Lam Hya ;",0
195.566385,-71.548855,27.8707,3.61,star K2III,"HIP 63613 ;HD  112985 ;HR  4923 ;BF  Del Mus ;",0
266.433315,-64.723871,107.9914,3.61,star K1III,"HIP 86929 ;HD  160635 ;HR  6582 ;BF  Eta Pav ;",0
22.870875,15.345823,107.1811,3.62,star G8III,"HIP 7097 ;HD  9270 ;HR  437 ;BF  99Eta Psc ;",0
57.290595,24.053415,117.2333,3.62,star B8III,"HIP 17847 ;HD  23850 ;HR  1178 ;BF  27    Tau ;",0
116.313735,-37.968584,347.2222,3.62,star K4III,"HIP 37819 ;HD  63032 ;HR  3017 ;",0
253.645965,-42.361313,40.568,3.62,star K4III,"HIP 82729 ;HD  152334 ;HR  6271 ;BF  Zet2Sco ;",0
345.480255,42.325979,210.5263,3.62,star B6pv SB,"HIP 113726 ;HD  217675 ;HR  8762 ;BF  1Omi And ;",0
176.402115,-66.728763,38.9864,3.63,star A7III,"HIP 57363 ;HD  102249 ;HR  4520 ;BF  Lam Mus ;",0
309.38724,14.595087,30.931,3.64,star F5IV,"HIP 101769 ;HD  196524 ;HR  7882 ;BF  6Bet Del ;",0
64.948335,15.627642,49.5295,3.65,star G8III,"HIP 20205 ;HD  27371 ;HR  1346 ;BF  54Gam Tau ;",0
142.881795,63.061861,23.8152,3.65,star F0IV,"HIP 46733 ;HD  81937 ;HR  3757 ;GL  NN 3559 ;BF  23    UMa ;",0
236.546895,15.421826,47.5511,3.65,star A3V,"HIP 77233 ;HD  141003 ;HR  5867 ;BF  28Bet Ser ;",0
271.6578,-50.091477,249.3766,3.65,star B2Ib,"HIP 88714 ;HD  165024 ;HR  6743 ;BF  The Ara ;",0
337.207965,-0.019972,28.169,3.65,star F3III-IV,"HIP 110960 ;HD  213051 ;HR  8558 ;BF  55Zet1Aqr ;",0
231.95727,29.105703,34.2818,3.66,star F0p,"HIP 75695 ;HD  137909 ;HR  5747 ;BF  3Bet CrB ;",0
234.66405,-29.777754,112.4859,3.66,star B2.5V,"HIP 76600 ;HD  139365 ;HR  5812 ;BF  40Tau Lib ;",0
211.097475,64.37585,92.9368,3.67,star A0III SB,"Thuban ;HIP 68756 ;HD  123299 ;HR  5291 ;BF  11Alp Dra ;",0
313.70247,-58.454155,187.6173,3.67,star K0III,"HIP 103227 ;HD  198700 ;HR  7986 ;BF  Bet Ind ;",0
72.80151,5.605104,322.5806,3.68,star B2III SB,"HIP 22549 ;HD  30836 ;HR  1552 ;BF  3Pi 4Ori ;",0
130.898085,-33.186385,269.5418,3.68,star B1.5III,"HIP 42828 ;HD  74575 ;HR  3468 ;BF  Alp Pyx ;",0
296.846925,18.534286,182.1494,3.68,star M2II + B6,"HIP 97365 ;HD  187076 ;HR  7536 ;BF  7Del Sge ;",0
347.361645,-21.17241,82.9876,3.68,star K1III,"HIP 114341 ;HD  218594 ;HR  8812 ;BF  88    Aqr ;",0
9.24282,53.896909,181.8182,3.69,star B2IV,"HIP 2920 ;HD  3360 ;HR  153 ;BF  17Zet Cas ;",0
28.98846,-51.608896,17.8508,3.69,star G5IV,"HIP 9007 ;HD  11937 ;HR  566 ;GL  Gl 81A ;BF  Chi Eri ;",0
75.619515,41.075837,240.9639,3.69,star K4II comp,"HIP 23453 ;HD  32068 ;HR  1612 ;BF  8Zet Aur ;",0
146.311755,-62.507903,478.4689,3.69,star G5Iab/Ib,"HIP 47854 ;HD  84810 ;HR  3884 ;",0
176.512725,47.779406,56.3063,3.69,star K0III,"HIP 57399 ;HD  102224 ;HR  4518 ;BF  63Chi UMa ;",0
325.022715,-16.662308,48.1464,3.69,star A7III:mp...,"HIP 106985 ;HD  206088 ;HR  8278 ;GL  NN 4209 ;BF  40Gam Cap ;",0
49.87917,-21.757864,93.3707,3.7,star M3/M4III,"HIP 15474 ;HD  20720 ;HR  1003 ;BF  16Tau4Eri ;",0
269.44116,29.24788,41.9463,3.7,star K0III,"HIP 87933 ;HD  163993 ;HR  6703 ;BF  92Xi  Her ;",0
349.29141,3.282289,42.3012,3.7,star G7III,"HIP 114971 ;HD  219615 ;HR  8852 ;BF  6Gam Psc ;",0
73.562895,2.440672,411.5226,3.71,star B2III SB,"HIP 22797 ;HD  31237 ;HR  1567 ;BF  8Pi 5Ori ;",0
89.10123,-14.1677,14.8787,3.71,star F1V,"HIP 28103 ;HD  40136 ;HR  2085 ;GL  Gl 225 ;BF  16Eta Lep ;",0
118.05432,-40.575786,108.1081,3.71,star G5III...,"HIP 38414 ;HD  64440 ;HR  3080 ;",0
237.704025,4.47773,21.5983,3.71,star A2m,"HIP 77622 ;HD  141795 ;HR  5892 ;GL  NN 3921 ;BF  37Eps Ser ;",0
271.83744,9.563847,26.6312,3.71,star A4IVs,"HIP 88771 ;HD  165777 ;HR  6771 ;GL  Wo 9615A ;BF  72    Oph ;",0
298.828305,6.406763,13.6986,3.71,star G8IVvar,"Alshain ;HIP 98036 ;HD  188512 ;HR  7602 ;GL  Gl 771A ;BF  60Bet Aql ;",0
53.23272,-9.458262,3.2161,3.72,star K2V,"HIP 16537 ;HD  22049 ;HR  1084 ;GL  Gl 144 ;BF  18Eps Eri ;",0
56.218905,24.113339,124.0695,3.72,star B6III,"HIP 17499 ;HD  23302 ;HR  1142 ;BF  17    Tau ;",0
89.881665,54.284656,38.6399,3.72,star K0III,"HIP 28358 ;HD  40035 ;HR  2077 ;BF  33Del Aur ;",0
316.23276,43.927852,258.3979,3.72,star K5Ibv SB,"HIP 104060 ;HD  200905 ;HR  8079 ;BF  62Xi  Cyg ;",0
51.7923,9.73268,64.1026,3.73,star B9Vn,"HIP 16083 ;HD  21364 ;HR  1038 ;BF  2Xi  Tau ;",0
221.56218,1.892885,41.2371,3.73,star A0V,"HIP 72220 ;HD  130109 ;HR  5511 ;BF  109    Vir ;",0
268.38201,56.872643,34.5066,3.73,star K2III,"HIP 87585 ;HD  163588 ;HR  6688 ;BF  32Xi  Dra ;",0
325.368795,-77.390046,21.1999,3.73,star K0III,"HIP 107089 ;HD  205478 ;HR  8254 ;GL  Gl 835.1 ;BF  Nu  Oct ;",0
343.15365,-7.579599,118.0638,3.73,star M2IIIvar,"HIP 112961 ;HD  216386 ;HR  8698 ;BF  73Lam Aqr ;",0
27.86514,-10.335038,72.0461,3.74,star K2III,"HIP 8645 ;HD  11353 ;HR  539 ;BF  55Zet Cet ;",0
245.48007,19.15313,59.0667,3.74,star A9III,"HIP 80170 ;HD  147547 ;HR  6095 ;BF  20Gam Her ;",0
318.697755,38.045317,20.3417,3.74,star F1IV,"HIP 104887 ;HD  202444 ;HR  8130 ;GL  Gl 822.1A ;BF  65Tau Cyg ;",0
136.03872,-47.097737,91.8274,3.75,star K2III,"HIP 44511 ;HD  78004 ;HR  3614 ;",0
266.973165,2.707276,31.5159,3.75,star A0V,"HIP 87108 ;HD  161868 ;HR  6629 ;BF  62Gam Oph ;",0
83.406315,-62.489825,308.642,3.76,star F6Ia,"HIP 26069 ;HD  37350 ;HR  1922 ;BF  Bet Dor ;",0
87.830355,-20.879089,34.8675,3.76,star G8III/IV,"HIP 27654 ;HD  39364 ;HR  2035 ;BF  15Del Lep ;",0
97.204455,-7.033062,207.4689,3.76,star B3Ve,"HIP 30867 ;HD  45725 ;HR  2356 ;BF  11Bet Mon ;",0
286.17075,-21.741496,43.554,3.76,star K0III,"HIP 93683 ;HD  177241 ;HR  7217 ;GL  Wo 9641 ;BF  39Omi Sgr ;",0
292.42647,51.729779,37.2024,3.76,star A5Vn,"HIP 95853 ;HD  184006 ;HR  7420 ;BF  10Iot2Cyg ;",0
337.822725,50.282491,31.4564,3.76,star A1V,"HIP 111169 ;HD  213558 ;HR  8585 ;BF  7Alp Lac ;",0
42.674175,55.895496,269.5418,3.77,star K3Ib comp SB,"HIP 13268 ;HD  17506 ;HR  834 ;BF  15Eta Per ;",0
56.29848,42.578549,170.6485,3.77,star F5IIvar,"HIP 17529 ;HD  23230 ;HR  1135 ;BF  41Nu  Per ;",0
65.733705,17.542514,47.7099,3.77,star G8III,"HIP 20455 ;HD  27697 ;HR  1373 ;BF  61Del1Tau ;",0
84.686535,-2.600069,328.9474,3.77,star O9.5V...,"HIP 26549 ;HD  37468 ;HR  1931 ;BF  48Sig Ori ;",0
126.434265,-66.13689,32.9707,3.77,star K2IIIvar,"HIP 41312 ;HD  71878 ;HR  3347 ;GL  NN 3499 ;BF  Bet Vol ;",0
130.156545,-46.648744,100000,3.77,star F3Ia,"HIP 42570 ;HD  74180 ;HR  3445 ;",0
252.4464,-59.041378,91.7431,3.77,star K5III,"HIP 82363 ;HD  151249 ;HR  6229 ;BF  Eta Ara ;",0
309.909525,15.912072,77.821,3.77,star B9V,"HIP 101958 ;HD  196867 ;HR  7906 ;BF  9Alp Del ;",0
321.66678,-22.411332,118.2033,3.77,star G4Ibp...,"HIP 105881 ;HD  204075 ;HR  8204 ;BF  34Zet Cap ;",0
331.752705,25.345112,11.7261,3.77,star F5V,"HIP 109176 ;HD  210027 ;HR  8430 ;GL  Gl 848 ;BF  24Iot Peg ;",0
107.18682,-70.498932,42.8633,3.78,star G8IIIvar,"HIP 34481 ;HD  55865 ;HR  2736 ;BF  Gam2Vol ;",0
111.431685,27.79808,36.9004,3.78,star G9III+...,"HIP 36046 ;HD  58207 ;HR  2821 ;BF  60Iot Gem ;",0
147.748005,59.038735,35.6379,3.78,star F0IV,"HIP 48319 ;HD  84999 ;HR  3888 ;BF  29Ups UMa ;",0
163.373385,-58.853171,29.129,3.78,star K0III-IV...,"HIP 53253 ;HD  94510 ;HR  4257 ;GL  Gl 404.1 ;",0
220.2873,13.7283,53.8793,3.78,star A3IVn,"HIP 71795 ;HD  129246 ;HR  5477 ;BF  30Zet Boo ;",0
311.91897,-9.495776,63.6943,3.78,star A1V,"HIP 102618 ;HD  198001 ;HR  7950 ;BF  2Eps Aqr ;",0
47.37387,44.857544,34.5662,3.79,star K0III,"HIP 14668 ;HD  19476 ;HR  941 ;BF  27Kap Per ;",0
163.32789,34.214871,29.0867,3.79,star K0III-IV,"HIP 53229 ;HD  94264 ;HR  4247 ;BF  46    LMi ;",0
48.018735,-28.987618,14.2369,3.8,star F8V,"HIP 14879 ;HD  20010 ;HR  963 ;GL  Gl 127A ;BF  Alp For ;",0
114.70779,-26.803836,106.2699,3.8,star B5IV,"HIP 37229 ;HD  61555 ;HR  2948 ;",0
233.700615,10.538867,69.9301,3.8,star F0IV,"HIP 76276 ;HD  138917 ;HR  5788 ;BF  13Del Ser ;",0
289.2756,53.368459,38.0662,3.8,star K0III,"HIP 94779 ;HD  181276 ;HR  7328 ;BF  1Kap Cyg ;",0
303.40794,46.741329,271.0027,3.8,star K2II+...,"HIP 99675 ;HD  192577 ;HR  7735 ;BF  31    Cyg ;",0
68.88768,-30.562341,65.5738,3.81,star G8III,"HIP 21393 ;HD  29291 ;HR  1464 ;BF  52Ups2Eri ;",0
156.969735,-58.739403,411.5226,3.81,star F2II,"HIP 51232 ;HD  90853 ;HR  4114 ;",0
235.685715,26.295637,44.7828,3.81,star A1Vs,"HIP 76952 ;HD  140436 ;HR  5849 ;BF  8Gam CrB ;",0
354.39084,46.458152,26.4061,3.81,star G8III-IV,"HIP 116584 ;HD  222107 ;HR  8961 ;GL  Wo 9832 ;BF  16Lam And ;",0
30.511755,2.763759,46.1681,3.82,star A2,"HIP 9487 ;HD  12446 ;HR  595 ;BF  113Alp Psc ;",0
139.711035,36.802597,38.2702,3.82,star A1V,"HIP 45688 ;HD  80081 ;HR  3690 ;BF  38    Lyn ;",0
172.851105,69.331076,102.145,3.82,star M0IIIvar,"HIP 56211 ;HD  100029 ;HR  4434 ;BF  1Lam Dra ;",0
247.728435,1.983923,53.0786,3.82,star A2V,"HIP 80883 ;HD  148857 ;HR  6149 ;BF  10Lam Oph ;",0
264.866205,46.006332,139.47,3.82,star B3V SB,"HIP 86414 ;HD  160762 ;HR  6588 ;BF  85Iot Her ;",0
156.52263,-16.83629,71.7875,3.83,star K4III,"HIP 51069 ;HD  90432 ;HR  4094 ;BF  42Mu  Hya ;",0
209.56779,-42.100753,161.0306,3.83,star B2IV,"HIP 68245 ;HD  121743 ;HR  5248 ;BF  Phi Cen ;",0
221.965515,-79.044751,136.9863,3.83,star K5III,"HIP 72370 ;HD  129078 ;HR  5470 ;BF  Alp Aps ;",0
56.048895,-64.806903,29.8597,3.84,star K0IV SB,"HIP 17440 ;HD  23817 ;HR  1175 ;GL  Gl 154.2 ;BF  Bet Ret ;",0
56.07972,32.288248,343.6426,3.84,star B1III,"HIP 17448 ;HD  23180 ;HR  1131 ;BF  38Omi Per ;",0
67.14372,15.962181,47.3261,3.84,star G7III,"HIP 20885 ;HD  28307 ;HR  1411 ;BF  77The1Tau ;",0
133.761855,-60.644609,98.0392,3.84,star B8III,"HIP 43783 ;HD  76728 ;HR  3571 ;",0
158.202795,9.306586,100000,3.84,star B1Ib SB,"HIP 51624 ;HD  91316 ;HR  4133 ;BF  47Rho Leo ;",0
159.325755,-48.22562,26.8384,3.84,star A3m+...,"HIP 51986 ;HD  92139 ;HR  4167 ;",0
188.11701,-72.132988,99.6016,3.84,star B5V,"HIP 61199 ;HD  109026 ;HR  4773 ;BF  Gam Mus ;",0
271.88562,28.762488,103.6269,3.84,star B9.5V,"HIP 88794 ;HD  166014 ;HR  6779 ;BF  103Omi Her ;",0
273.44088,-21.058834,100000,3.84,star B2III:,"HIP 89341 ;HD  166937 ;HR  6812 ;BF  13Mu  Sgr ;",0
297.04275,70.26793,45.3721,3.84,star G8III,"HIP 97433 ;HD  188119 ;HR  7582 ;BF  63Eps Dra ;",0
63.500445,-42.294368,35.2609,3.85,star K1III,"HIP 19747 ;HD  26967 ;HR  1326 ;BF  Alp Hor ;",0
86.821185,-51.066514,19.4401,3.85,star A3V,"HIP 27321 ;HD  39060 ;HR  2020 ;GL  Gl 219 ;BF  Bet Pic ;",0
95.52846,-33.4364,71.736,3.85,star G7II,"HIP 30277 ;HD  44762 ;HR  2296 ;BF  Del Col ;",0
153.684105,-42.121942,31.0752,3.85,star A2V,"HIP 50191 ;HD  88955 ;HR  4023 ;",0
188.37087,69.788238,150.3759,3.85,star B6IIIp,"HIP 61281 ;HD  109387 ;HR  4787 ;BF  5Kap Dra ;",0
189.42591,-48.541304,40.2414,3.85,star A2V,"HIP 61622 ;HD  109787 ;HR  4802 ;BF  Tau Cen ;",0
239.11323,15.661617,11.2537,3.85,star F6V,"HIP 78072 ;HD  142860 ;HR  5933 ;GL  Gl 603 ;BF  41Gam Ser ;",0
275.924505,21.769752,36.4697,3.85,star K2III,"HIP 90139 ;HD  169414 ;HR  6895 ;BF  109    Her ;",0
278.801775,-8.244073,61.0501,3.85,star K2III,"HIP 91117 ;HD  171443 ;HR  6973 ;BF  Alp Sct ;",0
14.188275,38.499345,39.7772,3.86,star A5V,"HIP 4436 ;HD  5448 ;HR  269 ;BF  37Mu  And ;",0
69.5451,-14.30402,33.6814,3.86,star K1III,"HIP 21594 ;HD  29503 ;HR  1481 ;GL  Wo 9160A ;BF  53    Eri ;",0
82.803135,-35.470519,80.7103,3.86,star K1II/III,"HIP 25859 ;HD  36597 ;HR  1862 ;BF  Eps Col ;",0
243.859455,-63.685682,186.2197,3.86,star G5II,"HIP 79664 ;HD  145544 ;HR  6030 ;BF  Del TrA ;",0
248.364135,-78.897148,47.9157,3.86,star K0IV SB,"HIP 81065 ;HD  147675 ;HR  6102 ;GL  Gl 626.1 ;BF  Gam Aps ;",0
269.06325,37.250539,230.9469,3.86,star K1IIvar,"HIP 87808 ;HD  163770 ;HR  6695 ;BF  91The Her ;",0
335.41407,-1.387331,50.2008,3.86,star A0V,"HIP 110395 ;HD  212061 ;HR  8518 ;GL  Wo 9779 ;BF  48Gam Aqr ;",0
56.456685,24.367748,117.5088,3.87,star B8III,"HIP 17573 ;HD  23408 ;HR  1149 ;BF  20    Tau ;",0
131.50686,-46.041527,568.1818,3.87,star A1III,"HIP 43023 ;HD  75063 ;HR  3487 ;",0
209.669805,-44.803584,131.0616,3.87,star B2IV-V,"HIP 68282 ;HD  121790 ;HR  5249 ;BF  Ups1Cen ;",0
220.765095,-5.658207,18.2715,3.87,star F2III,"HIP 71957 ;HD  129502 ;HR  5487 ;GL  Wo 9491 ;BF  107Mu  Vir ;",0
239.221155,-29.214073,144.7178,3.87,star B2IV/V,"HIP 78104 ;HD  142669 ;HR  5928 ;BF  5Rho Sco ;",0
298.118205,1.005661,423.7288,3.87,star F6Ibv SB,"HIP 97804 ;HD  187929 ;HR  7570 ;BF  55Eta Aql ;",0
2.35254,-45.747426,44.2087,3.88,star K0III,"HIP 765 ;HD  496 ;HR  25 ;GL  Gl 9.1 ;BF  Eps Phe ;",0
28.38255,19.293852,50.3018,3.88,star A1p Si,"HIP 8832 ;HD  11502 ;HR  546 ;BF  5Gam2Ari ;",0
148.19097,26.006951,38.0518,3.88,star K0III,"HIP 48455 ;HD  85503 ;HR  3905 ;BF  24Mu  Leo ;",0
227.98377,-48.737819,55.1876,3.88,star B9V,"HIP 74376 ;HD  134481 ;HR  5646 ;BF  Kap1Lup ;",0
347.5896,-45.246711,56.1798,3.88,star K0III SB,"HIP 114421 ;HD  218670 ;HR  8820 ;BF  Iot Gru ;",0
44.10687,-8.898144,41.8585,3.89,star K1III-IV,"HIP 13701 ;HD  18322 ;HR  874 ;BF  3Eta Eri ;",0
103.533135,-24.184211,100000,3.89,star K3Iab,"HIP 33152 ;HD  50877 ;HR  2580 ;BF  16Omi1CMa ;",0
138.591075,2.31428,34.7947,3.89,star B9.5V,"HIP 45336 ;HD  79469 ;HR  3665 ;BF  22The Hya ;",0
184.97649,-0.666803,81.367,3.89,star A2IV,"HIP 60129 ;HD  107259 ;HR  4689 ;BF  15Eta Vir ;",0
299.07657,35.083424,41.3736,3.89,star K0IIIvar,"HIP 98110 ;HD  188947 ;HR  7615 ;BF  21Eta Cyg ;",0
144.964005,-1.14281,80.7103,3.9,star K3IIIvar,"HIP 47431 ;HD  83618 ;HR  3845 ;BF  35Iot Hya ;",0
170.251755,-54.491019,109.6491,3.9,star B5Vn,"HIP 55425 ;HD  98718 ;HR  4390 ;BF  Pi  Cen ;",0
202.761075,-39.407307,277.7778,3.9,star G8II/III,"HIP 65936 ;HD  117440 ;HR  5089 ;",0
60.78909,5.989305,35.8551,3.91,star A1V,"HIP 18907 ;HD  25490 ;HR  1251 ;BF  38Nu  Tau ;",0
126.41514,-3.906424,37.5094,3.91,star A0V,"HIP 41307 ;HD  71155 ;HR  3314 ;",0
187.009965,-50.230635,126.2626,3.91,star B3V,"HIP 60823 ;HD  108483 ;HR  4743 ;BF  Sig Cen ;",0
226.279545,-47.051245,135.8696,3.91,star B5,"HIP 73807 ;HD  133242 ;HR  5605 ;BF  Pi  Lup ;",0
233.881575,-14.789537,50.025,3.91,star K0III,"HIP 76333 ;HD  138905 ;HR  5787 ;GL  NN 3912 ;BF  38Gam Lib ;",0
244.935165,46.313366,94.2507,3.91,star B5IV,"HIP 79992 ;HD  147394 ;HR  6092 ;BF  22Tau Her ;",0
255.072405,30.926405,47.5285,3.92,star A0V,"HIP 83207 ;HD  153808 ;HR  6324 ;BF  58Eps Her ;",0
290.418165,-17.847197,38.9257,3.92,star F0III/IV,"HIP 95168 ;HD  181577 ;HR  7340 ;GL  NN 4107 ;BF  44Rho1Sgr ;",0
318.955965,5.247845,58.3431,3.92,star G0III+...,"HIP 104987 ;HD  202447 ;HR  8131 ;BF  8Alp Equ ;",0
6.55074,-43.679829,23.8095,3.93,star A7V,"HIP 2072 ;HD  2262 ;HR  100 ;GL  Gl 20 ;BF  Kap Phe ;",0
22.812765,-49.072702,43.573,3.93,star K0III-IV,"HIP 7083 ;HD  9362 ;HR  440 ;BF  Del Phe ;",0
43.564425,52.762479,77.9423,3.93,star G4III...,"HIP 13531 ;HD  17878 ;HR  854 ;BF  18Tau Per ;",0
69.079755,-3.352459,207.0393,3.93,star B2III SB,"HIP 21444 ;HD  29248 ;HR  1463 ;BF  48Nu  Eri ;",0
115.45506,-72.606098,43.2339,3.93,star K0III,"HIP 37504 ;HD  63295 ;HR  3024 ;BF  Zet Vol ;",0
167.147475,-58.975037,100000,3.93,star G0Ia0,"HIP 54463 ;HD  96918 ;HR  4337 ;",0
241.70178,-20.669192,144.5087,3.93,star B1V,"HIP 78933 ;HD  144470 ;HR  5993 ;BF  9Ome1Sco ;",0
270.16131,2.931568,377.3585,3.93,star B5Ib,"HIP 88192 ;HD  164353 ;HR  6714 ;BF  67    Oph ;",0
17.09613,-55.24576,91.5751,3.94,star B6V + B0V,"HIP 5348 ;HD  6882 ;HR  338 ;BF  Zet Phe ;",0
115.31181,-9.551131,45.3104,3.94,star K0III,"HIP 37447 ;HD  61935 ;HR  2970 ;BF  26Alp Mon ;",0
115.95195,-28.954826,100000,3.94,star A2Iab,"HIP 37677 ;HD  62623 ;HR  2996 ;BF  3    Pup ;",0
131.17125,18.154309,40.032,3.94,star K0III,"HIP 42911 ;HD  74442 ;HR  3461 ;BF  47Del Cnc ;",0
314.293395,41.167136,114.8106,3.94,star A1Vn,"HIP 103413 ;HD  199629 ;HR  8028 ;BF  58Nu  Cyg ;",0
30.85902,72.421294,48.1696,3.95,star A2V,"HIP 9598 ;HD  12216 ;HR  580 ;BF  50    Cas ;",0
99.170985,-19.255879,19.7511,3.95,star K1III+...,"HIP 31592 ;HD  47205 ;HR  2429 ;GL  Gl 239.1 ;BF  7Nu 2CMa ;",0
200.98494,54.920471,24.1546,3.95,star A1 m,"HD  116657 ;HR  5055 ;GL  NN 3784B ;BF  79Zet UMa ;",0
62.165355,47.712513,146.1988,3.96,star B3Ve,"HIP 19343 ;HD  25940 ;HR  1273 ;BF  48    Per ;",0
89.78667,-42.815135,144.7178,3.96,star K0III,"HIP 28328 ;HD  40808 ;HR  2120 ;BF  Eta Col ;",0
135.160275,41.782911,16.0694,3.96,star F5V,"HIP 44248 ;HD  76943 ;HR  3579 ;GL  Gl 332A ;",0
137.819775,-62.316977,166.3894,3.96,star B3IV,"HIP 45101 ;HD  79447 ;HR  3663 ;",0
290.659545,-44.458965,96.1538,3.96,star B9V,"HIP 95241 ;HD  181454 ;HR  7337 ;BF  Bet1Sgr ;",0
290.971545,-40.61594,55.7414,3.96,star B8V,"HIP 95347 ;HD  181869 ;HR  7348 ;BF  Alp Sgr ;",0
303.868005,47.714208,324.6753,3.96,star K3Ib-II comp,"HIP 99848 ;HD  192909 ;HR  7751 ;BF  32    Cyg ;",0
350.74263,-20.10058,50.1002,3.96,star K0III,"HIP 115438 ;HD  220321 ;HR  8892 ;BF  98    Aqr ;",0
66.009195,-34.016846,90.8265,3.97,star K4III,"HIP 20535 ;HD  28028 ;HR  1393 ;BF  43    Eri ;",0
87.87249,39.14848,70.6215,3.97,star K0III,"HIP 27673 ;HD  39003 ;HR  2012 ;BF  32Nu  Aur ;",0
109.20762,-67.957152,226.2443,3.97,star F6II,"HIP 35228 ;HD  57623 ;HR  2803 ;BF  Del Vol ;",0
130.025595,-35.308352,127.551,3.97,star G5II/III,"HIP 42515 ;HD  74006 ;HR  3438 ;BF  Bet Pyx ;",0
182.91303,-52.36846,116.144,3.97,star B3V,"HIP 59449 ;HD  105937 ;HR  4638 ;BF  Rho Cen ;",0
237.73974,-33.627165,59.8444,3.97,star B9.5III-IV,"HIP 77634 ;HD  141556 ;HR  5883 ;BF  5Chi Lup ;",0
300.147675,-72.910504,32.2165,3.97,star A0V,"HIP 98495 ;HD  188228 ;HR  7590 ;BF  Eps Pav ;",0
337.317375,-43.495565,94.8767,3.97,star G6/G8III,"HIP 110997 ;HD  213009 ;HR  8556 ;BF  Del1Gru ;",0
341.632815,23.565654,111.9821,3.97,star G8II-III,"HIP 112440 ;HD  215665 ;HR  8667 ;GL  NN 4295 ;BF  47Lam Peg ;",0
59.74125,35.791033,381.6794,3.98,star O7.5Iab:,"HIP 18614 ;HD  24912 ;HR  1228 ;BF  46Xi  Per ;",0
323.49525,45.591837,37.8931,3.98,star G8III,"HIP 106481 ;HD  205435 ;HR  8252 ;BF  73Rho Cyg ;",0
30.00126,-21.077831,89.7666,3.99,star K5/M0III,"HIP 9347 ;HD  12274 ;HR  585 ;BF  59Ups Cet ;",0
93.71388,-6.274776,152.6718,3.99,star K3III,"HIP 29651 ;HD  43232 ;HR  2227 ;BF  5Gam Mon ;",0
156.09888,-74.031612,16.2232,3.99,star F2IV,"HIP 50954 ;HD  90589 ;HR  4102 ;GL  Gl 391 ;",0
201.306195,54.987958,25.0564,3.99,star A5V SB,"Alcor ;HIP 65477 ;HD  116842 ;HR  5062 ;GL  NN 3785 ;BF  80    UMa ;",0
349.35747,-58.235734,23.0574,3.99,star F1III,"HIP 114996 ;HD  219571 ;HR  8848 ;GL  Wo 9818 ;BF  Gam Tuc ;",0
135.611655,-66.396076,38.2995,4,star Am,"HIP 44382 ;HD  78045 ;HR  3615 ;GL  Gl 333.3 ;BF  Alp Vol ;",0
170.98104,10.529509,23.6742,4,star F2IV SB,"HIP 55642 ;HD  99028 ;HR  4399 ;BF  78Iot Leo ;",0
242.99889,-19.460708,145.3488,4,star B2IV,"HIP 79374 ;HD  145502 ;HR  6027 ;BF  14Nu  Sco ;",0
25.915125,50.688732,220.2643,4.01,star B2Vpe,"HIP 8068 ;HD  10516 ;HR  496 ;BF  Phi Per ;",0
71.375625,-3.254657,160,4.01,star B5IV,"HIP 22109 ;HD  30211 ;HR  1520 ;BF  57Mu  Eri ;",0
106.027215,20.570297,421.9409,4.01,star G3Ibv SB,"HIP 34088 ;HD  52973 ;HR  2650 ;BF  43Zet Gem ;",0
108.702735,-26.772667,279.3296,4.01,star B2IV/Ve,"HIP 35037 ;HD  56139 ;HR  2749 ;BF  28Ome CMa ;",0
220.48998,-37.793498,103.9501,4.01,star B2.5V,"HIP 71865 ;HD  129116 ;HR  5471 ;",0
240.47298,58.565251,21.0349,4.01,star F8IV-V,"HIP 78527 ;HD  144284 ;HR  5986 ;GL  Gl 609.1 ;BF  13The Dra ;",0
244.960305,-50.155508,39.4789,4.01,star G8III,"HIP 80000 ;HD  146686 ;HR  6072 ;GL  Wo 9554 ;BF  Gam2Nor ;",0
280.7589,-71.428113,66.9792,4.01,star K2III,"HIP 91792 ;HD  171759 ;HR  6982 ;BF  Zet Pav ;",0
307.34889,30.368555,235.8491,4.01,star F5II,"HIP 101076 ;HD  195295 ;HR  7834 ;BF  41    Cyg ;",0
132.63306,-27.709844,63.5728,4.02,star K3III,"HIP 43409 ;HD  75691 ;HR  3518 ;BF  Gam Pyx ;",0
182.103375,-24.728875,14.9365,4.02,star F0IV/V,"HIP 59199 ;HD  105452 ;HR  4623 ;GL  Gl 455.3 ;BF  1Alp Crv ;",0
284.905665,15.068298,47.5059,4.02,star K2III,"HIP 93244 ;HD  176411 ;HR  7176 ;BF  13Eps Aql ;",0
285.42012,-5.739115,44.1306,4.02,star K1IIIvar,"HIP 93429 ;HD  176678 ;HR  7193 ;BF  12    Aql ;",0
34.328595,33.847194,34.4353,4.03,star A1Vnn,"HIP 10670 ;HD  14055 ;HR  664 ;BF  9Gam Tri ;",0
75.85455,60.442245,267.3797,4.03,star G0Ib,"HIP 23522 ;HD  31910 ;HR  1603 ;BF  10Bet Cam ;",0
131.67426,28.759898,101.5228,4.03,star G8Iab:,"HIP 43103 ;HD  74739 ;HR  3475 ;BF  48Iot Cnc ;",0
193.6485,-57.177924,127.0648,4.03,star B2IV-V,"HIP 63003 ;HD  112092 ;HR  4898 ;BF  Mu 1Cru ;",0
271.363695,2.500099,5.0834,4.03,star K0V SB,"HIP 88601 ;HD  165341 ;HR  6752 ;GL  Gl 702A ;BF  70    Oph ;",0
308.303205,11.303263,101.3171,4.03,star B6III,"HIP 101421 ;HD  195810 ;HR  7852 ;BF  2Eps Del ;",0
359.827875,6.863321,31.9898,4.03,star F4IV,"HIP 118268 ;HD  224617 ;HR  9072 ;BF  28Ome Psc ;",0
62.966415,-6.837581,37.3134,4.04,star F2II-III,"HIP 19587 ;HD  26574 ;HR  1298 ;BF  38Omi1Eri ;",0
176.46483,6.529376,90.0901,4.04,star M0III,"HIP 57380 ;HD  102212 ;HR  4517 ;BF  3Nu  Vir ;",0
216.299505,51.850744,14.5307,4.04,star F7V,"HIP 70497 ;HD  126660 ;HR  5404 ;GL  Gl 549A ;BF  23The Boo ;",0
338.83908,-0.117498,51.4668,4.04,star B9IV-Vn,"HIP 111497 ;HD  213998 ;HR  8597 ;BF  62Eta Aqr ;",0
47.265075,49.613278,10.5407,4.05,star G0V,"HIP 14632 ;HD  19373 ;HR  937 ;GL  Gl 124 ;BF  Iot Per ;",0
124.630545,-76.919722,19.5618,4.05,star F5III,"HIP 40702 ;HD  71243 ;HR  3318 ;GL  Gl 305 ;BF  Alp Cha ;",0
131.099805,-42.649276,70.1754,4.05,star G5III,"HIP 42884 ;HD  74772 ;HR  3477 ;GL  Gl 321.1 ;",0
170.28414,6.029322,67.4764,4.05,star B9.5Vs,"HIP 55434 ;HD  98664 ;HR  4386 ;BF  77Sig Leo ;",0
207.369345,15.797905,80.7754,4.05,star K5IIIvar,"HIP 67459 ;HD  120477 ;HR  5200 ;BF  5Ups Boo ;",0
215.139345,-37.885295,79.3651,4.05,star A0IV,"HIP 70090 ;HD  125473 ;HR  5367 ;BF  Psi Cen ;",0
219.47181,-49.425828,96.8992,4.05,star B5V,"HIP 71536 ;HD  128345 ;HR  5453 ;BF  Rho Lup ;",0
342.39792,-13.592632,97.371,4.05,star K5III,"HIP 112716 ;HD  216032 ;HR  8679 ;BF  71Tau2Aqr ;",0
74.092815,13.514466,57.0125,4.06,star K2III,"HIP 22957 ;HD  31421 ;HR  1580 ;BF  9Omi2Ori ;",0
113.98062,26.895741,83.0565,4.06,star K5III,"HIP 36962 ;HD  60522 ;HR  2905 ;BF  69Ups Gem ;",0
171.22053,-17.68401,25.2398,4.06,star A9V,"HIP 55705 ;HD  99211 ;HR  4405 ;BF  15Gam Crt ;",0
184.393755,-67.960736,92.4214,4.06,star M5III,"HIP 59929 ;HD  106849 ;HR  4671 ;BF  Eps Mus ;",0
184.60947,-64.003071,109.6491,4.06,star B2.5V,"HIP 60009 ;HD  106983 ;HR  4679 ;BF  Zet Cru ;",0
220.91436,-35.173655,64.2261,4.06,star K3III,"HIP 72010 ;HD  129456 ;HR  5485 ;",0
254.896035,-53.160438,110.6195,4.06,star K4III,"HIP 83153 ;HD  152980 ;HR  6295 ;BF  Eps1Ara ;",0
214.00362,-6.000547,22.237,4.07,star F7V,"HIP 69701 ;HD  124850 ;HR  5338 ;GL  Wo 9473 ;BF  99Iot Vir ;",0
227.21091,-45.279857,238.0952,4.07,star B3V,"HIP 74117 ;HD  133955 ;HR  5626 ;BF  Lam Lup ;",0
229.378755,-58.801208,30.553,4.07,star A3V,"HIP 74824 ;HD  135379 ;HR  5670 ;GL  Gl 580.1 ;BF  Bet Cir ;",0
337.292745,58.415198,265.252,4.07,star G2Ibvar,"HIP 110991 ;HD  213306 ;HR  8571 ;BF  27Del Cep ;",0
11.834715,24.267178,58.0046,4.08,star K1II,"HIP 3693 ;HD  4502 ;HR  215 ;BF  34Zet And ;",0
35.43747,-68.659418,42.8266,4.08,star A3V,"HIP 11001 ;HD  15008 ;HR  705 ;GL  Gl 97.1 ;BF  Del Hyi ;",0
39.87066,0.328511,199.2032,4.08,star B2IV,"HIP 12387 ;HD  16582 ;HR  779 ;BF  82Del Cet ;",0
45.597945,-23.624472,27.1739,4.08,star A4V,"HIP 14146 ;HD  18978 ;HR  919 ;GL  Gl 121 ;BF  11Tau3Eri ;",0
103.547505,-12.038628,79.9361,4.08,star K4III,"HIP 33160 ;HD  50778 ;HR  2574 ;BF  14The CMa ;",0
143.611065,-59.229753,406.5041,4.08,star B5II,"HIP 46974 ;HD  83183 ;HR  3825 ;",0
164.94366,-18.298783,48.8043,4.08,star K1III,"HIP 53740 ;HD  95272 ;HR  4287 ;BF  7Alp Crt ;",0
283.833735,43.946088,91.4077,4.08,star M5IIIvar,"HIP 92862 ;HD  175865 ;HR  7157 ;BF  13    Lyr ;",0
316.48677,-17.232861,49.7265,4.08,star A1V,"HIP 104139 ;HD  200761 ;HR  8075 ;BF  23The Cap ;",0
320.52165,19.804508,47.7783,4.08,star K1III,"HIP 105502 ;HD  203504 ;HR  8173 ;BF  1    Peg ;",0
84.22662,9.290673,36.0231,4.09,star G8III-IV,"HIP 26366 ;HD  37160 ;HR  1907 ;BF  40Phi2Ori ;",0
237.184905,18.141564,117.096,4.09,star M1III,"HIP 77450 ;HD  141477 ;HR  5879 ;BF  35Kap Ser ;",0
24.199485,41.405459,13.4916,4.1,star F8V,"HIP 7513 ;HD  9826 ;HR  458 ;GL  Gl 61 ;BF  50Ups And ;",0
41.04951,49.228448,11.1272,4.1,star F7V,"HIP 12777 ;HD  16895 ;HR  799 ;GL  Gl 107A ;BF  13The Per ;",0
117.30957,-46.373205,505.0505,4.1,star B0III,"HIP 38164 ;HD  63922 ;HR  3055 ;",0
277.207575,-49.070588,38.6997,4.1,star G8/K0III,"HIP 90568 ;HD  169767 ;HR  6905 ;BF  Zet Tel ;",0
287.50731,-39.340796,145.3488,4.1,star K0II/IIICN.,"HIP 94160 ;HD  178345 ;HR  7259 ;BF  Bet CrA ;",0
40.166715,-39.855375,46.1894,4.11,star K0III,"HIP 12486 ;HD  16815 ;HR  794 ;BF  Iot Eri ;",0
105.939555,-15.633286,135.5014,4.11,star B8II,"HIP 34045 ;HD  53244 ;HR  2657 ;BF  23Gam CMa ;",0
129.410985,-42.989081,558.6592,4.11,star A6II,"HIP 42312 ;HD  73634 ;HR  3426 ;",0
147.86955,-14.846603,80.9061,4.11,star G6/G8III,"HIP 48356 ;HD  85444 ;HR  3903 ;BF  39Ups1Hya ;",0
158.86749,-78.607786,128.041,4.11,star M0III,"HIP 51839 ;HD  92305 ;HR  4174 ;BF  Gam Cha ;",0
176.62848,-61.178398,119.4743,4.11,star G0II,"HIP 57439 ;HD  102350 ;HR  4522 ;",0
234.18,-66.317037,61.8429,4.11,star K0III,"HIP 76440 ;HD  138538 ;HR  5771 ;BF  Eps TrA ;",0
287.368035,-37.904474,38.432,4.11,star A0/A1V,"HIP 94114 ;HD  178253 ;HR  7254 ;BF  Alp CrA ;",0
345.220155,-52.754137,33.3778,4.11,star G8III,"HIP 113638 ;HD  217364 ;HR  8747 ;BF  Zet Gru ;",0
39.896985,-68.266946,46.5549,4.12,star B9III,"HIP 12394 ;HD  16978 ;HR  806 ;BF  Eps Hyi ;",0
63.724425,48.409331,276.2431,4.12,star G0Ib...,"HIP 19812 ;HD  26630 ;HR  1303 ;BF  51Mu  Per ;",0
90.59583,9.647276,47.5059,4.12,star Am...,"HIP 28614 ;HD  40932 ;HR  2124 ;BF  61Mu  Ori ;",0
181.302255,8.732985,50.0501,4.12,star G8III,"HIP 58948 ;HD  104979 ;HR  4608 ;GL  NN 3703 ;BF  9Omi Vir ;",0
298.81539,-41.868288,55.7414,4.12,star K0III,"HIP 98032 ;HD  188114 ;HR  7581 ;BF  Iot Sgr ;",0
312.95538,-26.919133,258.3979,4.12,star K4III,"HIP 102978 ;HD  198542 ;HR  7980 ;BF  18Ome Cap ;",0
337.439325,-43.749224,101.2146,4.12,star M4.5IIIa,"HIP 111043 ;HD  213080 ;HR  8560 ;BF  Del2Gru ;",0
80.986785,-7.808065,48.2393,4.13,star G8III,"HIP 25247 ;HD  35369 ;HR  1784 ;BF  29    Ori ;",0
97.240785,20.212133,166.9449,4.13,star B6III,"HIP 30883 ;HD  45542 ;HR  2343 ;BF  18Nu  Gem ;",0
238.456395,-16.729293,51.6529,4.13,star K0III,"HIP 77853 ;HD  142198 ;HR  5908 ;BF  46The Lib ;",0
311.5239,-25.270898,14.6778,4.13,star F5V,"HIP 102485 ;HD  197692 ;HR  7936 ;GL  Gl 805 ;BF  16Psi Cap ;",0
341.51538,-81.381615,45.7666,4.13,star A9IV/V,"HIP 112405 ;HD  214846 ;HR  8630 ;BF  Bet Oct ;",0
354.98766,5.626292,13.7137,4.13,star F7V,"HIP 116771 ;HD  222368 ;HR  8969 ;GL  Gl 904 ;BF  17Iot Psc ;",0
52.718235,12.936678,104.9318,4.14,star K0II-III...,"HIP 16369 ;HD  21754 ;HR  1066 ;BF  5    Tau ;",0
56.58156,23.948358,116.5501,4.14,star B6IV,"HIP 17608 ;HD  23480 ;HR  1156 ;BF  23    Tau ;",0
129.41403,5.703782,49.1642,4.14,star A1Vnn,"HIP 42313 ;HD  73262 ;HR  3410 ;BF  4Del Hya ;",0
181.720305,-64.61373,19.755,4.14,star F2III,"HIP 59072 ;HD  105211 ;HR  4616 ;GL  Gl 455.2 ;BF  Eta Cru ;",0
233.232435,31.359133,115.0748,4.14,star B6Vnn,"HIP 76127 ;HD  138749 ;HR  5778 ;BF  4The CrB ;",0
239.39691,26.87788,67.8887,4.14,star K3III,"HIP 78159 ;HD  143107 ;HR  5947 ;BF  13Eps CrB ;",0
326.16138,25.645036,34.2231,4.14,star F5IV,"HIP 107354 ;HD  206901 ;HR  8315 ;BF  10Kap Peg ;",0
333.9924,37.748737,190.4762,4.14,star K3III,"HIP 109937 ;HD  211388 ;HR  8498 ;BF  1    Lac ;",0
107.966085,-0.492764,117.7856,4.15,star A2V,"HIP 34769 ;HD  55185 ;HR  2714 ;BF  22Del Mon ;",0
260.92062,37.145946,120.6273,4.15,star B9.5III,"HIP 85112 ;HD  157778 ;HR  6484 ;BF  75Rho Her ;",0
355.102035,44.333932,51.6262,4.15,star B9IVn,"HIP 116805 ;HD  222439 ;HR  8976 ;BF  19Kap And ;",0
91.030065,23.263341,47.5511,4.16,star G7III,"HIP 28734 ;HD  41116 ;HR  2134 ;BF  1    Gem ;",0
112.277925,31.78455,18.0473,4.16,star F0V...,"HIP 36366 ;HD  58946 ;HR  2852 ;GL  Gl 274A ;BF  62Rho Gem ;",0
261.59256,-24.175309,25.4972,4.16,star A3IV:m,"HIP 85340 ;HD  157792 ;HR  6486 ;GL  Gl 673.1 ;BF  44    Oph ;",0
8.249955,62.931783,100000,4.17,star B1Ia,"HIP 2599 ;HD  2905 ;HR  130 ;BF  15Kap Cas ;",0
57.363555,-36.20025,64.3501,4.17,star G8III,"HIP 17874 ;HD  24160 ;HR  1195 ;",0
334.208475,-7.78329,57.4713,4.17,star G8III-IV,"HIP 110003 ;HD  211391 ;HR  8499 ;BF  43The Aqr ;",0
213.223935,-10.273702,78.125,4.18,star K3III,"HIP 69427 ;HD  124294 ;HR  5315 ;BF  98Kap Vir ;",0
214.09611,46.088305,30.3582,4.18,star A0sh,"HIP 69732 ;HD  125162 ;HR  5351 ;GL  NN 3837 ;BF  19Lam Boo ;",0
249.09363,-35.255326,105.042,4.18,star K5III,"HIP 81304 ;HD  149447 ;HR  6166 ;",0
333.75816,57.043587,26.1986,4.18,star F0IV,"HIP 109857 ;HD  211336 ;HR  8494 ;GL  NN 4266 ;BF  23Eps Cep ;",0
340.16391,-27.043617,149.2537,4.18,star B8V,"HIP 111954 ;HD  214748 ;HR  8628 ;BF  18Eps PsA ;",0
207.361365,-34.450776,56.1167,4.19,star M5III,"HIP 67457 ;HD  120323 ;HR  5192 ;BF  2    Cen ;",0
281.415525,20.546308,19.2086,4.19,star F6V,"HIP 92043 ;HD  173667 ;HR  7061 ;GL  Gl 725.2 ;BF  110    Her ;",0
82.69605,5.948139,92.8505,4.2,star B5V,"HIP 25813 ;HD  36267 ;HR  1839 ;BF  32    Ori ;",0
119.21475,-22.880119,160,4.2,star F7/F8II,"HIP 38835 ;HD  65228 ;HR  3102 ;BF  11    Pup ;",0
156.970905,36.707212,47.1921,4.2,star G8III-IV,"HIP 51233 ;HD  90537 ;HR  4100 ;BF  31Bet LMi ;",0
248.52576,42.437041,96.5251,4.2,star B9Vvar,"HIP 81126 ;HD  149630 ;HR  6168 ;BF  35Sig Her ;",0
341.67324,12.172888,16.2973,4.2,star F7V,"HIP 112447 ;HD  215648 ;HR  8665 ;GL  Gl 872A ;BF  46Xi  Peg ;",0
343.98708,-32.539628,47.259,4.2,star G8III,"HIP 113246 ;HD  216763 ;HR  8720 ;BF  23Del PsA ;",0
52.26723,59.94033,595.2381,4.21,star B9Ia,"HIP 16228 ;HD  21291 ;HR  1035 ;",0
66.34233,22.293874,47.1921,4.21,star A7IV-V,"HIP 20635 ;HD  27934 ;HR  1387 ;BF  65Kap1Tau ;",0
251.492385,82.037262,93.1966,4.21,star G5IIIvar,"HIP 82080 ;HD  153751 ;HR  6322 ;BF  22Eps UMi ;",0
307.395225,62.994105,41.841,4.21,star A7III,"HIP 101093 ;HD  195725 ;HR  7850 ;BF  2The Cep ;",0
321.610575,-65.366198,9.2618,4.21,star F6V,"HIP 105858 ;HD  203608 ;HR  8181 ;GL  Gl 827 ;BF  Gam Pav ;",0
42.645945,38.318644,37.0233,4.22,star F2III,"HIP 13254 ;HD  17584 ;HR  840 ;BF  16    Per ;",0
56.71206,-23.249723,17.6274,4.22,star F3/F5V,"HIP 17651 ;HD  23754 ;HR  1173 ;GL  Gl 155 ;BF  27Tau6Eri ;",0
118.32567,-48.102934,507.6142,4.22,star B0.5Ib,"HIP 38518 ;HD  64760 ;HR  3090 ;",0
241.64811,-36.802288,127.0648,4.22,star B2.5Vn,"HIP 78918 ;HD  144294 ;HR  5987 ;BF  The Lup ;",0
246.755985,-18.456251,161.0306,4.22,star B2Vne,"HIP 80569 ;HD  148184 ;HR  6118 ;BF  7Chi Oph ;",0
275.189325,71.337814,92.8505,4.22,star A0p (Si),"HIP 89908 ;HD  170000 ;HR  6920 ;BF  43Phi Dra ;",0
281.79363,-4.747867,280.8989,4.22,star G5II...,"HIP 92175 ;HD  173764 ;HR  7063 ;BF  Bet Sct ;",0
283.05432,-62.187593,438.5965,4.22,star B2II-III,"HIP 92609 ;HD  173948 ;HR  7074 ;BF  Lam Pav ;",0
283.62618,36.898613,225.7336,4.22,star M4IIvar,"HIP 92791 ;HD  175588 ;HR  7139 ;BF  12Del2Lyr ;",0
311.415645,30.719715,61.6523,4.22,star K0III,"HIP 102453 ;HD  197912 ;HR  7942 ;BF  52    Cyg ;",0
319.353975,39.394681,884.9558,4.22,star B9Iab,"HIP 105102 ;HD  202850 ;HR  8143 ;BF  67Sig Cyg ;",0
348.580665,-6.049003,61.9579,4.22,star M2III,"HIP 114724 ;HD  219215 ;HR  8834 ;BF  90Phi Aqr ;",0
5.01213,-64.874791,8.5866,4.23,star F9V,"HIP 1599 ;HD  1581 ;HR  77 ;GL  Gl 17 ;BF  Zet Tuc ;",0
115.828005,28.88351,38.3436,4.23,star K1III SB,"HIP 37629 ;HD  62044 ;HR  2973 ;BF  75Sig Gem ;",0
197.96856,27.878183,9.1291,4.23,star G0V,"HIP 64394 ;HD  114710 ;HR  4983 ;GL  Gl 502 ;BF  43Bet Com ;",0
206.422065,-33.043721,19.4024,4.23,star F3V,"HIP 67153 ;HD  119756 ;HR  5168 ;GL  Gl 525.1 ;BF  1    Cen ;",0
210.411645,1.544532,68.9655,4.23,star A3V,"HIP 68520 ;HD  122408 ;HR  5264 ;BF  93Tau Vir ;",0
242.19243,44.934906,62.5391,4.23,star B9MNp...,"HIP 79101 ;HD  145389 ;HR  6023 ;BF  11Phi Her ;",0
250.77189,-77.517435,48.1232,4.23,star K0III,"HIP 81852 ;HD  149324 ;HR  6163 ;BF  Bet Aps ;",0
286.604565,-37.063437,17.304,4.23,star F7IV-V,"HIP 93825 ;HD  177474 ;HR  7226 ;GL  Gl 743.1A ;BF  Gam CrA ;",0
325.876905,58.780046,100000,4.23,star M2Ia,"HIP 107259 ;HD  206936 ;HR  8316 ;BF  Mu  Cep ;",0
326.698365,49.30957,338.9831,4.23,star B3III,"HIP 107533 ;HD  207330 ;HR  8335 ;BF  81Pi 2Cyg ;",0
17.184195,86.25709,85.9107,4.24,star K2II-III,"HIP 5372 ;HD  5848 ;HR  285 ;",0
36.746325,-47.70384,155.7632,4.24,star B5IV,"HIP 11407 ;HD  15371 ;HR  721 ;BF  Kap Eri ;",0
41.030625,-13.858696,120.4819,4.24,star B7IV,"HIP 12770 ;HD  17081 ;HR  811 ;BF  89Pi  Cet ;",0
184.58718,-79.31224,91.4913,4.24,star B5Vn,"HIP 60000 ;HD  106911 ;HR  4674 ;BF  Bet Cha ;",0
188.436165,41.35748,8.4395,4.24,star G0V,"HIP 61317 ;HD  109358 ;HR  4785 ;GL  Gl 475 ;BF  8Bet CVn ;",0
247.845555,-34.704366,170.068,4.24,star B2III-IV,"HIP 80911 ;HD  148703 ;HR  6143 ;",0
265.353645,-12.875307,53.1067,4.24,star A2Va,"HIP 86565 ;HD  160613 ;HR  6581 ;BF  56Omi Ser ;",0
348.972885,-9.087737,45.9348,4.24,star K0III,"HIP 114855 ;HD  219449 ;HR  8841 ;GL  Gl 893.2A ;BF  91Psi1Aqr ;",0
18.94056,-68.875927,20.9556,4.25,star F6IV,"HIP 5896 ;HD  7788 ;HR  377 ;GL  Gl 55.3A ;BF  Kap Tuc ;",0
61.646025,50.351262,129.3661,4.25,star A0IVn,"HIP 19167 ;HD  25642 ;HR  1261 ;BF  47Lam Per ;",0
68.913585,10.16079,47.8927,4.25,star A5m,"HIP 21402 ;HD  29140 ;HR  1458 ;BF  88    Tau ;",0
69.17262,41.264808,244.4988,4.25,star G8II comp,"HIP 21476 ;HD  29094 ;HR  1454 ;BF  58    Per ;",0
77.2866,-8.754081,248.7562,4.25,star B2IVn,"HIP 23972 ;HD  33328 ;HR  1679 ;BF  69Lam Eri ;",0
125.70882,43.188131,117.2333,4.25,star K5III,"HIP 41075 ;HD  70272 ;HR  3275 ;BF  31    Lyn ;",0
193.359105,-40.178872,45.5581,4.25,star A4IV,"HIP 62896 ;HD  111968 ;HR  4889 ;GL  Gl 488.1 ;",0
216.88137,75.695993,110.011,4.25,star K4III,"HIP 70692 ;HD  127700 ;HR  5430 ;BF  5    UMi ;",0
326.3622,61.120806,100000,4.25,star A2Iavar,"HIP 107418 ;HD  207260 ;HR  8334 ;BF  10Nu  Cep ;",0
17.37552,47.241792,219.7802,4.26,star B7III,"HIP 5434 ;HD  6811 ;HR  335 ;BF  42Phi And ;",0
26.34846,9.157736,85.6898,4.26,star K0III,"HIP 8198 ;HD  10761 ;HR  510 ;BF  110Omi Psc ;",0
49.97916,-43.069784,6.0434,4.26,star G8V,"82 G. Eri ;HIP 15510 ;HD  20794 ;HR  1008 ;GL  Gl 139 ;",0
53.44698,-21.632883,89.9281,4.26,star B9V,"HIP 16611 ;HD  22203 ;HR  1088 ;BF  19Tau5Eri ;",0
64.006455,-51.486648,20.4625,4.26,star F4III,"HIP 19893 ;HD  27290 ;HR  1338 ;GL  Gl 167.1 ;BF  Gam Dor ;",0
73.51254,66.342678,100000,4.26,star O9.5Ia SB:,"HIP 22783 ;HD  30614 ;HR  1542 ;BF  9Alp Cam ;",0
134.62176,11.857701,57.7367,4.26,star A5m,"HIP 44066 ;HD  76756 ;HR  3572 ;BF  65Alp Cnc ;",0
264.136815,-38.635308,50.8388,4.26,star G8/K0III/IV,"HIP 86170 ;HD  159433 ;HR  6546 ;",0
270.376695,21.595782,127.8772,4.26,star G5,"HIP 88267 ;HD  164668 ;HR  6729 ;BF  95    Her ;",0
330.947025,64.627971,29.5946,4.26,star Am,"HIP 108917 ;HD  209790 ;HR  8417 ;BF  17Xi  Cep ;",0
15.73587,7.890135,55.7414,4.27,star K0III,"HIP 4906 ;HD  6186 ;HR  294 ;BF  71Eps Psc ;",0
41.235585,10.114146,25.7732,4.27,star F1III-IV,"HIP 12828 ;HD  17094 ;HR  813 ;GL  Wo 9099 ;BF  87Mu  Cet ;",0
63.883575,8.892357,139.6648,4.27,star B3IV,"HIP 19860 ;HD  26912 ;HR  1320 ;BF  49Mu  Tau ;",0
69.539415,12.510838,47.081,4.27,star A6V,"HIP 21589 ;HD  29388 ;HR  1473 ;BF  90    Tau ;",0
70.56126,22.956926,122.1001,4.27,star B3V,"HIP 21881 ;HD  29763 ;HR  1497 ;BF  94Tau Tau ;",0
196.7277,-49.906246,143.2665,4.27,star B1.5V,"HIP 64004 ;HD  113791 ;HR  4942 ;BF  Xi 2Cen ;",0
229.633455,-47.875272,102.8807,4.27,star B8V,"HIP 74911 ;HD  135734 ;HR  5683 ;BF  Mu  Lup ;",0
290.80464,-44.799778,41.1353,4.27,star F2III,"HIP 95294 ;HD  181623 ;HR  7343 ;BF  Bet2Sgr ;",0
311.6646,16.124296,38.7297,4.27,star K1IV,"HIP 102532 ;HD  197964 ;HR  7948 ;BF  12Gam2Del ;",0
351.99207,6.378992,45.5373,4.27,star K1III,"HIP 115830 ;HD  220954 ;HR  8916 ;BF  10The Psc ;",0
66.576915,22.813583,47.1476,4.28,star A8Vn,"HIP 20711 ;HD  28024 ;HR  1392 ;BF  69Ups Tau ;",0
144.272265,81.326382,304.878,4.28,star K3III,"HIP 47193 ;HD  81817 ;HR  3751 ;",0
156.78795,-31.067779,112.2334,4.28,star K4III,"HIP 51172 ;HD  90610 ;HR  4104 ;BF  Alp Ant ;",0
261.838635,-29.867033,34.2114,4.28,star F3III,"HIP 85423 ;HD  157919 ;HR  6492 ;BF  45    Oph ;",0
303.34932,56.567722,48.8281,4.28,star A3IV-Vn,"HIP 99655 ;HD  192696 ;HR  7740 ;BF  33    Cyg ;",0
320.56164,-16.834542,60.3136,4.28,star G8III,"HIP 105515 ;HD  203387 ;HR  8167 ;BF  32Iot Cap ;",0
332.496855,33.178224,80.6452,4.28,star F5III,"HIP 109410 ;HD  210459 ;HR  8454 ;BF  29Pi 2Peg ;",0
346.71975,-43.520358,40.4367,4.28,star F5me...,"HIP 114131 ;HD  218227 ;HR  8787 ;BF  The Gru ;",0
54.218265,0.401662,13.9626,4.29,star F9V,"HIP 16852 ;HD  22484 ;HR  1101 ;GL  Gl 147 ;BF  10    Tau ;",0
79.893855,-13.176788,261.0966,4.29,star B0.5IV,"HIP 24845 ;HD  34816 ;HR  1756 ;BF  6Lam Lep ;",0
159.82668,-55.603268,257.732,4.29,star G2II,"HIP 52154 ;HD  92449 ;HR  4180 ;",0
178.227195,-33.908124,94.9668,4.29,star Ap Si,"HIP 57936 ;HD  103192 ;HR  4552 ;BF  Bet Hya ;",0
236.014485,77.794493,113.1222,4.29,star A3Vn,"HIP 77055 ;HD  142105 ;HR  5903 ;BF  16Zet UMi ;",0
247.784865,-16.612733,74.6826,4.29,star G8/K0III,"HIP 80894 ;HD  148786 ;HR  6147 ;BF  8Phi Oph ;",0
331.60929,-13.869679,53.7057,4.29,star B8V,"HIP 109139 ;HD  209819 ;HR  8418 ;BF  33Iot Aqr ;",0
337.87635,-32.346073,43.7828,4.29,star A1V,"HIP 111188 ;HD  213398 ;HR  8576 ;BF  17Bet PsA ;",0
354.53415,43.268073,153.1394,4.29,star B8V,"HIP 116631 ;HD  222173 ;HR  8965 ;BF  17Iot And ;",0
14.65149,-29.357449,238.0952,4.3,star B7IIIp,"HIP 4577 ;HD  5737 ;HR  280 ;BF  Alp Scl ;",0
37.039755,8.460054,59.2066,4.3,star B9III,"HIP 11484 ;HD  15318 ;HR  718 ;BF  73Xi 2Cet ;",0
56.30205,24.467278,125.4705,4.3,star B6V,"HIP 17531 ;HD  23338 ;HR  1145 ;BF  19    Tau ;",0
57.149445,-37.620155,50.7357,4.3,star A+...,"HIP 17797 ;HD  24071 ;HR  1189 ;",0
66.37242,17.92791,45.5373,4.3,star A2IV,"HIP 20648 ;HD  27962 ;HR  1389 ;BF  68Del3Tau ;",0
89.983755,45.936736,230.4147,4.3,star M3IIvar,"HIP 28404 ;HD  40239 ;HR  2091 ;BF  35Pi  Aur ;",0
130.80615,3.398662,179.8561,4.3,star B3V...,"HIP 42799 ;HD  74280 ;HR  3454 ;BF  7Eta Hya ;",0
163.90335,24.749718,87.9507,4.3,star A1,"HIP 53417 ;HD  94601 ;HR  4259 ;BF  54    Leo ;",0
174.23721,-0.823749,55.6483,4.3,star G9III,"HIP 56647 ;HD  100920 ;HR  4471 ;BF  91Ups Leo ;",0
177.421155,-63.788478,182.4818,4.3,star B3V,"HIP 57669 ;HD  102776 ;HR  4537 ;",0
188.01765,-16.196007,18.2815,4.3,star F2V,"HIP 61174 ;HD  109085 ;HR  4775 ;GL  Gl 471.2 ;BF  8Eta Crv ;",0
215.081445,-56.386497,375.9398,4.3,star B6Ib,"HIP 70069 ;HD  125288 ;HR  5358 ;",0
304.41195,-12.508212,174.5201,4.3,star G3Ib,"HIP 100027 ;HD  192876 ;HR  7747 ;BF  5Alp1Cap ;",0
130.154295,-59.761003,442.4779,4.31,star B1.5III,"HIP 42568 ;HD  74375 ;HR  3457 ;",0
216.732015,-83.667884,91.659,4.31,star K2III,"HIP 70638 ;HD  124882 ;HR  5339 ;BF  Del Oct ;",0
231.122715,37.377167,34.6861,4.31,star F0V,"HIP 75411 ;HD  137391 ;HR  5733 ;GL  NN 3903A ;BF  51Mu 1Boo ;",0
241.85136,-20.868764,89.1266,4.31,star G6/G8III,"HIP 78990 ;HD  144608 ;HR  5997 ;BF  10Ome2Sco ;",0
309.584505,-1.105121,103.4126,4.31,star G8III SB,"HIP 101847 ;HD  196574 ;HR  7884 ;BF  71    Aql ;",0
54.122385,48.192634,178.8909,4.32,star B5Ve,"HIP 16826 ;HD  22192 ;HR  1087 ;BF  37Psi Per ;",0
70.110465,-19.671493,112.9944,4.32,star M3/M4III,"HIP 21763 ;HD  29755 ;HR  1496 ;BF  54    Eri ;",0
83.053125,18.594234,549.4505,4.32,star M2Ib,"HIP 25945 ;HD  36389 ;HR  1845 ;BF  119    Tau ;",0
93.84456,29.498076,54.2594,4.32,star G8IIIvar,"HIP 29696 ;HD  43039 ;HR  2219 ;BF  44Kap Aur ;",0
131.593905,-13.54772,75.1315,4.32,star G8III,"HIP 43067 ;HD  74918 ;HR  3484 ;BF  12    Hya ;",0
142.930125,22.967971,100.9082,4.32,star K5IIIvar,"HIP 46750 ;HD  82308 ;HR  3773 ;BF  4Lam Leo ;",0
180.756705,-63.31293,72.0461,4.32,star Am,"HIP 58758 ;HD  104671 ;HR  4599 ;BF  The1Cru ;",0
197.497035,17.529431,17.8253,4.32,star F5V,"HIP 64241 ;HD  114378 ;HR  4968 ;GL  Gl 501A ;BF  42Alp Com ;",0
207.956685,-32.994089,105.3741,4.32,star B5,"HIP 67669 ;HD  120709 ;HR  5210 ;BF  3    Cen ;",0
222.909615,-43.575359,123.9157,4.32,star B5IV,"HIP 72683 ;HD  130807 ;HR  5528 ;BF  Omi Lup ;",0
260.20692,-12.846875,62.3053,4.32,star A0/A1V,"HIP 84880 ;HD  156928 ;HR  6446 ;BF  53Nu  Ser ;",0
112.040805,8.92553,97.561,4.33,star K3III SB,"HIP 36284 ;HD  58972 ;HR  2854 ;BF  4Gam CMi ;",0
193.27887,-48.943315,90.2527,4.33,star K3/K4III,"HIP 62867 ;HD  111915 ;HR  4888 ;",0
216.54504,-45.379276,97.8474,4.33,star A7:+...,"HIP 70576 ;HD  126354 ;HR  5396 ;BF  Tau2Lup ;",0
258.83754,-26.602829,5.9333,4.33,star K2:III:,"HIP 84405 ;HD  155885 ;HR  6401 ;GL  Gl 663A ;BF  36    Oph ;",0
272.145,-63.668553,39.8565,4.33,star Am,"HIP 88866 ;HD  165040 ;HR  6745 ;BF  Pi  Pav ;",0
274.965465,36.064547,77.1605,4.33,star K2IIIvar,"HIP 89826 ;HD  168775 ;HR  6872 ;BF  1Kap Lyr ;",0
169.54677,31.528783,10.4167,4.33,star G0 Ve,"HIP 55203 ;HD  98231 ;HR  4375 ;GL  Gl 423A ;BF  53Xi  UMa ;",0
9.2202,33.719344,183.4862,4.34,star B5V,"HIP 2912 ;HD  3369 ;HR  154 ;BF  29Pi  And ;",0
9.63903,29.311751,50.226,4.34,star G5III...,"HIP 3031 ;HD  3546 ;HR  163 ;BF  30Eps And ;",0
17.775255,55.149901,40.95,4.34,star A7Vvar,"HIP 5542 ;HD  6961 ;HR  343 ;BF  33The Cas ;",0
86.193345,-65.735526,45.8716,4.34,star A7V,"HIP 27100 ;HD  39014 ;HR  2015 ;BF  Del Dor ;",0
97.964025,-23.418422,423.7288,4.34,star B1III,"HIP 31125 ;HD  46328 ;HR  2387 ;BF  4Xi 1CMa ;",0
125.161725,-77.484477,47.619,4.34,star K0III-IV,"HIP 40888 ;HD  71701 ;HR  3340 ;BF  The Cha ;",0
139.05036,-57.541473,149.7006,4.34,star M1III,"HIP 45496 ;HD  80230 ;HR  3696 ;",0
144.20658,-49.355026,32.3206,4.34,star A5V,"HIP 47175 ;HD  83446 ;HR  3836 ;",0
210.43122,-45.603421,389.1051,4.34,star F6II,"HIP 68523 ;HD  122223 ;HR  5260 ;BF  Ups2Cen ;",0
234.51348,-42.567348,67.0241,4.34,star K4.5III,"HIP 76552 ;HD  139127 ;HR  5797 ;BF  Ome Lup ;",0
261.628665,4.14036,276.2431,4.34,star K3IIvar,"HIP 85355 ;HD  157999 ;HR  6498 ;BF  49Sig Oph ;",0
281.193135,37.605115,47.8698,4.34,star Am,"HIP 91971 ;HD  173648 ;HR  7056 ;BF  6Zet1Lyr ;",0
281.75529,18.181519,28.8934,4.34,star A5III,"HIP 92161 ;HD  173880 ;HR  7069 ;BF  111    Her ;",0
326.1279,17.350017,284.0909,4.34,star G5Ib,"HIP 107348 ;HD  206859 ;HR  8313 ;BF  9    Peg ;",0
337.382595,47.706887,505.0505,4.34,star M0II,"HIP 111022 ;HD  213310 ;HR  8572 ;BF  5    Lac ;",0
47.90733,19.726677,52.0291,4.35,star K2IIIvar,"HIP 14838 ;HD  19787 ;HR  951 ;BF  57Del Ari ;",0
72.65301,8.900176,68.8231,4.35,star A1Vn,"HIP 22509 ;HD  30739 ;HR  1544 ;BF  2Pi 2Ori ;",0
98.7441,-52.975607,418.41,4.35,star B9III,"HIP 31407 ;HD  47306 ;HR  2435 ;",0
104.31918,58.422759,54.6747,4.35,star G5III-IV,"HIP 33449 ;HD  50522 ;HR  2560 ;BF  15    Lyn ;",0
121.982595,-68.617062,172.4138,4.35,star B6IV,"HIP 39794 ;HD  68520 ;HR  3223 ;BF  Eps Vol ;",0
132.10821,5.837812,108.5776,4.35,star A0Vn,"HIP 43234 ;HD  75137 ;HR  3492 ;BF  13Rho Hya ;",0
186.73449,28.268423,51.2821,4.35,star K2IIICN+...,"HIP 60742 ;HD  108381 ;HR  4737 ;BF  15Gam Com ;",0
229.45767,-30.148673,99.9001,4.35,star K1II/III,"HIP 74857 ;HD  135758 ;HR  5686 ;BF  2    Lup ;",0
263.05377,86.58646,52.7704,4.35,star A1Vn,"HIP 85822 ;HD  166205 ;HR  6789 ;BF  23Del UMi ;",0
275.806755,-61.493901,143.6782,4.35,star M1III SB,"HIP 90098 ;HD  168339 ;HR  6855 ;BF  Xi  Pav ;",0
289.09206,38.133731,255.102,4.35,star K0II,"HIP 94713 ;HD  180809 ;HR  7314 ;BF  21The Lyr ;",0
326.236695,-33.025781,62.6174,4.35,star B9.5V,"HIP 107380 ;HD  206742 ;HR  8305 ;BF  9Iot PsA ;",0
7.885875,-62.958218,41.4079,4.36,star B9V,"HIP 2484 ;HD  2884 ;HR  126 ;BF  Bet1Tuc ;",0
10.838505,-57.46306,75.5287,4.36,star A0IV,"HIP 3405 ;HD  4150 ;HR  191 ;BF  Eta Phe ;",0
33.249975,8.846717,117.5088,4.36,star G8II:,"HIP 10324 ;HD  13611 ;HR  649 ;BF  65Xi 1Cet ;",0
52.643685,47.995216,110.2536,4.36,star K3III,"HIP 16335 ;HD  21552 ;HR  1052 ;BF  35Sig Per ;",0
61.173795,22.081926,57.3723,4.36,star K0III,"HIP 19038 ;HD  25604 ;HR  1256 ;BF  37    Tau ;",0
73.223625,-5.452695,72.0461,4.36,star A9IV,"HIP 22701 ;HD  31109 ;HR  1560 ;BF  61Ome Eri ;",0
78.30783,-12.941291,223.2143,4.36,star B7V,"HIP 24327 ;HD  33949 ;HR  1705 ;BF  4Kap Lep ;",0
89.384205,-35.28328,266.6667,4.36,star B2.5IV,"HIP 28199 ;HD  40494 ;HR  2106 ;BF  Gam Col ;",0
104.03427,-17.054242,769.2308,4.36,star B3Ib/II,"HIP 33347 ;HD  51309 ;HR  2596 ;BF  20Iot CMa ;",0
122.14854,-2.983786,324.6753,4.36,star G2Ib,"HIP 39863 ;HD  67594 ;HR  3188 ;BF  29Zet Mon ;",0
211.51155,-41.179633,156.4945,4.36,star B2V,"HIP 68862 ;HD  122980 ;HR  5285 ;BF  Chi Cen ;",0
294.18033,-1.286601,119.9041,4.36,star B5III,"HIP 96468 ;HD  184930 ;HR  7447 ;BF  41Iot Aql ;",0
0.49008,-6.014072,132.4503,4.37,star M3III,"HIP 154 ;HD  224935 ;HR  9089 ;BF  30    Psc ;",0
94.138065,-35.140519,55.9597,4.37,star G8II,"HIP 29807 ;HD  43785 ;HR  2256 ;BF  Kap Col ;",0
109.67703,-24.954375,917.4312,4.37,star O9Ib,"HIP 35415 ;HD  57061 ;HR  2782 ;BF  30Tau CMa ;",0
165.03858,-42.225859,60.1685,4.37,star A3IV,"HIP 53773 ;HD  95370 ;HR  4293 ;",0
272.18955,20.814557,280.8989,4.37,star B2IV,"HIP 88886 ;HD  166182 ;HR  6787 ;BF  102    Her ;",0
299.934075,-35.276305,158.9825,4.37,star B2.5IV,"HIP 98412 ;HD  189103 ;HR  7623 ;BF  The1Sgr ;",0
197.487465,-5.53901,96.8054,4.38,star A1V,"HIP 64238 ;HD  114330 ;HR  4963 ;BF  51The Vir ;",0
302.222175,77.711419,96.5251,4.38,star B9III,"HIP 99255 ;HD  192907 ;HR  7750 ;BF  1Kap Cep ;",0
351.51162,-20.642014,86.881,4.38,star K4III,"HIP 115669 ;HD  220704 ;HR  8906 ;BF  99    Aqr ;",0
353.24268,-37.818268,53.3618,4.38,star B9.5IVMNpe.,"HIP 116231 ;HD  221507 ;HR  8937 ;BF  Bet Scl ;",0
28.41153,-46.302669,104.8218,4.39,star M4III SB,"HIP 8837 ;HD  11695 ;HR  555 ;BF  Psi Phe ;",0
57.380355,65.525972,243.9024,4.39,star M1III,"HIP 17884 ;HD  23475 ;HR  1155 ;",0
83.70516,9.489579,333.3333,4.39,star B0IV...,"HIP 26176 ;HD  36822 ;HR  1876 ;BF  37Phi1Ori ;",0
88.59579,20.276174,8.6633,4.39,star G0V,"HIP 27913 ;HD  39587 ;HR  2047 ;GL  Gl 222A ;BF  54Chi1Ori ;",0
95.942025,4.592865,37.4953,4.39,star A5IV,"HIP 30419 ;HD  44769 ;HR  2298 ;BF  8Eps Mon ;",0
120.5664,2.334571,77.8816,4.39,star K2III,"HIP 39311 ;HD  66141 ;HR  3145 ;",0
151.97613,9.997508,90.5797,4.39,star K4III,"HIP 49637 ;HD  87837 ;HR  3980 ;BF  31    Leo ;",0
225.72516,2.091303,59.9161,4.39,star K0III,"HIP 73620 ;HD  133165 ;HR  5601 ;BF  110    Vir ;",0
253.501965,10.165359,75.188,4.39,star B8V,"HIP 82673 ;HD  152614 ;HR  6281 ;BF  25Iot Oph ;",0
260.251515,-21.112933,17.3551,4.39,star F2/F3V,"HIP 84893 ;HD  156897 ;HR  6445 ;GL  Gl 670A ;BF  40Xi  Oph ;",0
295.024125,18.01389,130.3781,4.39,star G0II,"HIP 96757 ;HD  185758 ;HR  7479 ;BF  5Alp Sge ;",0
295.26225,17.476041,134.7709,4.39,star G8II,"HIP 96837 ;HD  185958 ;HR  7488 ;BF  6Bet Sge ;",0
319.96644,-53.449427,30.2847,4.39,star A5V,"HIP 105319 ;HD  202730 ;HR  8140 ;GL  Wo 9733A ;BF  The Ind ;",0
14.301675,23.417648,70.4225,4.4,star G8III-IV,"HIP 4463 ;HD  5516 ;HR  271 ;BF  38Eta And ;",0
117.02154,-25.937169,434.7826,4.4,star B1IV:nne,"HIP 38070 ;HD  63462 ;HR  3034 ;BF  Omi Pup ;",0
122.256825,-19.245014,142.6534,4.4,star B5V,"HIP 39906 ;HD  67797 ;HR  3192 ;BF  16    Pup ;",0
284.237655,-67.233495,153.3742,4.4,star F5Ib-II:,"HIP 93015 ;HD  174694 ;HR  7107 ;BF  Kap Pav ;",0
329.479395,-54.992575,57.6701,4.4,star F0IV,"HIP 108431 ;HD  208450 ;HR  8368 ;BF  Del Ind ;",0
102.463815,-53.622449,166.9449,4.41,star G6II,"HIP 32761 ;HD  50337 ;HR  2554 ;",0
107.784885,30.245163,98.4252,4.41,star K2III,"HIP 34693 ;HD  54719 ;HR  2697 ;BF  46Tau Gem ;",0
215.75934,-39.511819,140.2525,4.41,star B2V,"HIP 70300 ;HD  125823 ;HR  5378 ;",0
262.68462,26.110645,113.2503,4.41,star K3IIIvar,"HIP 85693 ;HD  158899 ;HR  6526 ;BF  76Lam Her ;",0
269.625615,30.189277,263.8522,4.41,star F2II,"HIP 87998 ;HD  164136 ;HR  6707 ;BF  94Nu  Her ;",0
319.47948,34.896898,196.8504,4.41,star B2Vne,"HIP 105138 ;HD  202904 ;HR  8146 ;BF  66Ups Cyg ;",0
346.974345,75.387496,75.643,4.41,star G2III,"HIP 114222 ;HD  218658 ;HR  8819 ;BF  33Pi  Cep ;",0
349.475895,-9.182513,123.1527,4.41,star B5Vn,"HIP 115033 ;HD  219688 ;HR  8858 ;BF  93Psi2Aqr ;",0
349.705995,-32.532027,55.8659,4.41,star K1III,"HIP 115102 ;HD  219784 ;HR  8863 ;GL  Wo 9821 ;BF  Gam Scl ;",0
91.893015,14.768472,158.2278,4.42,star B3IV,"HIP 29038 ;HD  41753 ;HR  2159 ;BF  67Nu  Ori ;",0
99.47259,-18.237478,129.199,4.42,star K0II/III,"HIP 31700 ;HD  47442 ;HR  2443 ;BF  8Nu 3CMa ;",0
108.384555,-44.639739,64.0615,4.42,star M5e,"HIP 34922 ;HD  56096 ;HR  2748 ;",0
108.563385,-26.352507,531.9149,4.42,star B3III,"HIP 34981 ;HD  56014 ;HR  2745 ;BF  27    CMa ;",0
123.512145,-40.34789,91.4913,4.42,star K1II/III,"HIP 40326 ;HD  69142 ;HR  3243 ;",0
165.582405,20.179842,38.8651,4.42,star A1m,"HIP 53954 ;HD  95608 ;HR  4300 ;BF  60    Leo ;",0
222.572205,-27.960371,101.5228,4.42,star K3III,"HIP 72571 ;HD  130694 ;HR  5526 ;BF  58    Hya ;",0
236.6109,7.353073,12.1242,4.42,star G0Vvar,"HIP 77257 ;HD  141004 ;HR  5868 ;GL  Gl 598 ;BF  27Lam Ser ;",0
270.43833,1.305076,89.6861,4.42,star A2Vn,"HIP 88290 ;HD  164577 ;HR  6723 ;BF  68    Oph ;",0
335.890125,52.229046,52.1105,4.42,star G9III,"HIP 110538 ;HD  212496 ;HR  8538 ;BF  3Bet Lac ;",0
351.344895,23.404101,52.2466,4.42,star F8IV,"HIP 115623 ;HD  220657 ;HR  8905 ;BF  68Ups Peg ;",0
56.535555,-12.101589,147.4926,4.43,star M1III,"HIP 17593 ;HD  23614 ;HR  1162 ;BF  26Pi  Eri ;",0
63.818055,-7.652871,4.9845,4.43,star K1V,"HIP 19849 ;HD  26965 ;HR  1325 ;GL  Gl 166A ;BF  40Omi2Eri ;",0
74.3217,53.752101,114.0251,4.43,star A1V,"HIP 23040 ;HD  31278 ;HR  1568 ;BF  7    Cam ;",0
288.43953,39.145968,425.5319,4.43,star B2.5IV,"HIP 94481 ;HD  180163 ;HR  7298 ;BF  20Eta Lyr ;",0
300.664485,-27.709845,137.5516,4.43,star M4III,"HIP 98688 ;HD  189763 ;HR  7650 ;BF  62    Sgr ;",0
305.965065,32.190172,76.6284,4.43,star K3III,"HIP 100587 ;HD  194317 ;HR  7806 ;BF  39    Cyg ;",0
310.864725,15.074581,68.4463,4.43,star A7IIIp d Del,"HIP 102281 ;HD  197461 ;HR  7928 ;BF  11Del Del ;",0
311.934315,-5.027701,179.5332,4.43,star M3IIIvar,"HIP 102624 ;HD  198026 ;HR  7951 ;BF  3    Aqr ;",0
3.660075,-18.932866,137.1742,4.44,star M1III,"HIP 1170 ;HD  1038 ;HR  48 ;BF  7    Cet ;",0
12.170595,7.585079,95.4198,4.44,star K5III,"HIP 3786 ;HD  4656 ;HR  224 ;BF  63Del Psc ;",0
64.12107,-59.302156,18.2382,4.44,star K2IV,"HIP 19921 ;HD  27442 ;HR  1355 ;GL  Gl 167.3 ;BF  Eps Ret ;",0
70.140585,-41.863752,20.1654,4.44,star F2V,"HIP 21770 ;HD  29875 ;HR  1502 ;GL  Gl 174.1A ;BF  Alp Cae ;",0
94.90578,59.010964,48.0077,4.44,star A2Vs,"HIP 30060 ;HD  43378 ;HR  2238 ;BF  2    Lyn ;",0
113.513265,-22.296067,25.2972,4.44,star F6V,"HIP 36795 ;HD  60532 ;HR  2906 ;GL  Gl 279 ;",0
122.83956,-39.618545,520.8333,4.44,star K4III,"HIP 40091 ;HD  68553 ;HR  3225 ;",0
124.63887,-36.659288,28.6287,4.44,star A4m...,"HIP 40706 ;HD  70060 ;HR  3270 ;GL  GJ 1109 ;",0
218.154435,-50.457157,176.3668,4.44,star B2III,"HIP 71121 ;HD  127381 ;HR  5425 ;BF  Sig Lup ;",0
292.176405,24.664905,91.1577,4.44,star M0 comp,"HIP 95771 ;HD  183439 ;HR  7405 ;BF  6Alp Vul ;",0
25.35789,5.487613,111.3586,4.45,star K3III,"HIP 7884 ;HD  10380 ;HR  489 ;BF  106Nu  Psc ;",0
42.272535,-32.405898,52.9381,4.45,star G8III,"HIP 13147 ;HD  17652 ;HR  841 ;BF  Bet For ;",0
78.074595,-11.869219,71.0732,4.45,star B8V,"HIP 24244 ;HD  33802 ;HR  1696 ;BF  3Iot Lep ;",0
92.984985,14.208765,186.2197,4.45,star B3IV,"HIP 29426 ;HD  42560 ;HR  2199 ;BF  70Xi  Ori ;",0
129.689325,3.341435,114.2857,4.45,star K2III,"HIP 42402 ;HD  73471 ;HR  3418 ;BF  5Sig Hya ;",0
135.022575,-41.253605,64.5161,4.45,star Fp,"HIP 44191 ;HD  77258 ;HR  3591 ;",0
158.8971,-57.557636,361.0108,4.45,star K3/K4II,"HIP 51849 ;HD  91942 ;HR  4159 ;",0
161.446305,-80.540188,107.5269,4.45,star B2.5IV,"HIP 52633 ;HD  93845 ;HR  4234 ;BF  Del2Cha ;",0
169.165425,-3.651601,56.4653,4.45,star A7IVn,"HIP 55084 ;HD  98058 ;HR  4368 ;BF  74Phi Leo ;",0
248.034165,-21.46639,51.7063,4.45,star Ap,"HIP 80975 ;HD  148898 ;HR  6153 ;BF  9Ome Oph ;",0
288.888435,73.355468,44.8833,4.45,star K3III,"HIP 94648 ;HD  181984 ;HR  7352 ;BF  60Tau Dra ;",0
293.522295,7.378941,32.9924,4.45,star K3III,"HIP 96229 ;HD  184406 ;HR  7429 ;GL  Wo 9661 ;BF  38Mu  Aql ;",0
37.266555,67.402474,40.7332,4.46,star A5p Sr,"HIP 11569 ;HD  15089 ;HR  707 ;BF  Iot Cas ;",0
58.57293,-2.95473,95.9693,4.46,star G8III,"HIP 18255 ;HD  24554 ;HR  1211 ;BF  32    Eri ;",0
78.322845,2.861265,107.2961,4.46,star K3III...,"HIP 24331 ;HD  33856 ;HR  1698 ;BF  17Rho Ori ;",0
137.217945,51.604648,28.8184,4.46,star Am,"HIP 44901 ;HD  78209 ;HR  3619 ;GL  NN 3534 ;BF  15    UMa ;",0
167.91453,-22.825847,104.2753,4.46,star A1V,"HIP 54682 ;HD  97277 ;HR  4343 ;GL  Gl 416.1 ;BF  11Bet Crt ;",0
182.02182,-50.661278,134.4086,4.46,star B2IIIne,"HIP 59173 ;HD  105382 ;HR  4618 ;",0
246.796005,-47.554786,162.6016,4.46,star B4V,"HIP 80582 ;HD  147971 ;HR  6115 ;BF  Eps Nor ;",0
343.131405,-32.875504,66.0502,4.46,star A0III,"HIP 112948 ;HD  216336 ;HR  8695 ;GL  Wo 9800A ;BF  22Gam PsA ;",0
41.275725,-18.572563,14.2207,4.47,star F5/F6V,"HIP 12843 ;HD  17206 ;HR  818 ;GL  Gl 111 ;BF  1Tau1Eri ;",0
50.084835,29.048458,166.3894,4.47,star K2II-III,"HIP 15549 ;HD  20644 ;HR  999 ;",0
74.63709,1.714016,289.8551,4.47,star K2IIvar,"HIP 23123 ;HD  31767 ;HR  1601 ;BF  10Pi 6Ori ;",0
97.042545,-32.58007,129.8701,4.47,star B4V,"HIP 30788 ;HD  45813 ;HR  2361 ;BF  Lam CMa ;",0
98.22594,7.332965,100000,4.47,star A0Ib,"HIP 31216 ;HD  46300 ;HR  2385 ;BF  13    Mon ;",0
119.56017,-49.244912,294.1176,4.47,star B1Vp + B2,"HIP 38957 ;HD  65818 ;HR  3129 ;",0
136.286775,-72.602705,122.8501,4.47,star F6II-III,"HIP 44599 ;HD  78791 ;HR  3643 ;",0
141.16359,26.182324,61.7284,4.47,star K2III,"HIP 46146 ;HD  81146 ;HR  3731 ;BF  1Kap Leo ;",0
143.706075,52.051477,80.3859,4.47,star A2V,"HIP 47006 ;HD  82621 ;HR  3799 ;BF  26    UMa ;",0
177.786285,-45.17347,132.8021,4.47,star K4III,"HIP 57803 ;HD  102964 ;HR  4546 ;",0
218.67,29.74513,15.8328,4.47,star F3Vwvar,"HIP 71284 ;HD  128167 ;HR  5447 ;GL  Gl 557 ;BF  28Sig Boo ;",0
224.295825,-4.346462,26.9034,4.47,star F0V,"HIP 73165 ;HD  132052 ;HR  5570 ;GL  Wo 9503 ;BF  16    Lib ;",0
318.620055,10.006981,18.4877,4.47,star F5V+...,"HIP 104858 ;HD  202275 ;HR  8123 ;GL  Gl 822A ;BF  7Del Equ ;",0
331.52871,-39.543353,74.239,4.47,star M0III,"HIP 109111 ;HD  209688 ;HR  8411 ;BF  Lam Gru ;",0
11.1813,48.284364,215.5172,4.48,star B5III,"HIP 3504 ;HD  4180 ;HR  193 ;BF  22Omi Cas ;",0
60.22419,-62.159284,143.8849,4.48,star M4III,"HIP 18744 ;HD  25705 ;HR  1264 ;BF  Gam Ret ;",0
66.58641,15.618265,49.0918,4.48,star F0V...,"HIP 20713 ;HD  28052 ;HR  1394 ;BF  71    Tau ;",0
101.9652,2.412159,112.8668,4.48,star K0III,"HIP 32578 ;HD  49293 ;HR  2506 ;BF  18    Mon ;",0
151.9845,-0.371637,86.881,4.48,star A0III,"HIP 49641 ;HD  87887 ;HR  3981 ;BF  15Alp Sex ;",0
230.844375,-59.320787,137.5516,4.48,star B5III + F8,"HIP 75323 ;HD  136415 ;HR  5704 ;BF  Gam Cir ;",0
246.02577,-20.037327,61.1621,4.48,star K0III,"HIP 80343 ;HD  147700 ;HR  6104 ;BF  4Psi Oph ;",0
345.969225,3.820045,125.1564,4.48,star B6Ve,"HIP 113889 ;HD  217891 ;HR  8773 ;BF  4Bet Psc ;",0
346.670175,-23.743115,66.313,4.48,star G8III,"HIP 114119 ;HD  218240 ;HR  8789 ;BF  86    Aqr ;",0
30.48966,70.90702,35.2609,4.49,star A3IV,"HIP 9480 ;HD  12111 ;HR  575 ;BF  48    Cas ;",0
68.37735,-29.766492,38.956,4.49,star K0III,"HIP 21248 ;HD  29085 ;HR  1453 ;BF  50Ups1Eri ;",0
100.997055,13.228017,88.574,4.49,star K1III,"HIP 32249 ;HD  48433 ;HR  2478 ;BF  30    Gem ;",0
108.14025,-46.759305,21.427,4.49,star F0IV,"HIP 34834 ;HD  55892 ;HR  2740 ;GL  Gl 268.1 ;",0
118.16103,-38.862812,198.8072,4.49,star B2V,"HIP 38455 ;HD  64503 ;HR  3084 ;",0
151.857315,35.244693,28.2406,4.49,star A7V,"HIP 49593 ;HD  87696 ;HR  3974 ;GL  Gl 378.3 ;BF  21    LMi ;",0
220.18152,16.418324,93.7207,4.49,star B9p MnHg,"HIP 71762 ;HD  129174 ;HR  5475 ;BF  29Pi 1Boo ;",0
294.11058,50.221103,18.3352,4.49,star F4V,"HIP 96441 ;HD  185395 ;HR  7469 ;GL  Gl 765A ;BF  13The Cyg ;",0
316.781955,-25.005853,139.8601,4.49,star K5/M0III,"HIP 104234 ;HD  200914 ;HR  8080 ;BF  24    Cap ;",0
326.03565,28.742632,22.237,4.49,star F6V,"HIP 107310 ;HD  206826 ;HR  8309 ;GL  Gl 836.6A ;BF  78Mu 1Cyg ;",0
355.511685,1.780041,32.6904,4.49,star A7V,"HIP 116928 ;HD  222603 ;HR  8984 ;BF  18Lam Psc ;",0
355.680585,-14.544905,45.5373,4.49,star B9V,"HIP 116971 ;HD  222661 ;HR  8988 ;GL  Wo 9836A ;BF  105Ome2Aqr ;",0
359.97891,-65.577132,114.4165,4.49,star B9IV,"HIP 118322 ;HD  224686 ;HR  9076 ;BF  Eps Tuc ;",0
84.79644,4.121467,423.7288,4.5,star B3IIIe,"HIP 26594 ;HD  37490 ;HR  1934 ;BF  47Ome Ori ;",0
87.456765,-56.166663,54.2005,4.5,star K1III,"HIP 27530 ;HD  39523 ;HR  2042 ;BF  Gam Pic ;",0
131.677305,-56.769776,185.5288,4.5,star B3Vne,"HIP 43105 ;HD  75311 ;HR  3498 ;",0
155.228355,-56.04322,352.1127,4.5,star B3III,"HIP 50676 ;HD  89890 ;HR  4074 ;",0
176.99643,20.218931,71.3267,4.5,star A comp SB,"HIP 57565 ;HD  102509 ;HR  4527 ;BF  93    Leo ;",0
206.81565,17.456906,15.6177,4.5,star F7V,"HIP 67275 ;HD  120136 ;HR  5185 ;GL  Gl 527A ;BF  4Tau Boo ;",0
303.94224,27.814242,103.8422,4.5,star K3III,"HIP 99874 ;HD  192806 ;HR  7744 ;BF  23    Vul ;",0
317.39853,-11.371693,48.852,4.5,star G8III,"HIP 104459 ;HD  201381 ;HR  8093 ;BF  13Nu  Aqr ;",0
322.180815,-21.80718,52.4659,4.5,star K0III,"HIP 106039 ;HD  204381 ;HR  8213 ;BF  36    Cap ;",0
332.09583,-32.988468,41.6493,4.5,star A2V,"HIP 109285 ;HD  210049 ;HR  8431 ;BF  14Mu  PsA ;",0
333.46968,39.714927,147.929,4.5,star K3III,"HIP 109754 ;HD  211073 ;HR  8485 ;",0
340.128495,44.276305,102.0408,4.5,star K3III,"HIP 111944 ;HD  214868 ;HR  8632 ;BF  11    Lac ;",0
4.581945,36.785224,41.3223,4.51,star A2V,"HIP 1473 ;HD  1404 ;HR  68 ;BF  25Sig And ;",0
17.91513,30.089638,51.7598,4.51,star K0III-IV...,"HIP 5586 ;HD  7106 ;HR  352 ;BF  83Tau Psc ;",0
87.293505,39.181071,63.4115,4.51,star G8III,"HIP 27483 ;HD  38656 ;HR  1995 ;BF  29Tau Aur ;",0
142.311345,-35.951335,217.8649,4.51,star K3III,"HIP 46515 ;HD  82150 ;HR  3765 ;BF  Eps Ant ;",0
144.837585,-61.32806,69.2042,4.51,star B9V,"HIP 47391 ;HD  83944 ;HR  3856 ;",0
235.38774,19.670401,58.2751,4.51,star A1V,"HIP 76852 ;HD  140159 ;HR  5842 ;BF  21Iot Ser ;",0
300.7044,67.873565,131.406,4.51,star K3III,"HIP 98702 ;HD  190940 ;HR  7685 ;BF  67Rho Dra ;",0
311.00949,-51.920971,24.1721,4.51,star A6:var,"HIP 102333 ;HD  197157 ;HR  7920 ;GL  NN 4158 ;BF  Eta Ind ;",0
324.27012,-19.466011,323.6246,4.51,star B3V:p,"HIP 106723 ;HD  205637 ;HR  8260 ;BF  39Eps Cap ;",0
336.832965,-64.966354,76.9231,4.51,star B8V,"HIP 110838 ;HD  212581 ;HR  8540 ;BF  Del Tuc ;",0
358.59597,57.499382,100000,4.51,star F8Iavar,"HIP 117863 ;HD  224014 ;HR  9045 ;BF  7Rho Cas ;",0
41.9772,29.247118,52.6039,4.52,star K1III,"HIP 13061 ;HD  17361 ;HR  824 ;BF  39    Ari ;",0
200.658165,-60.988393,108.6957,4.52,star B3V,"HIP 65271 ;HD  116087 ;HR  5035 ;",0
201.00192,-64.535668,79.8085,4.52,star G5III-IV,"HIP 65387 ;HD  116243 ;HR  5041 ;",0
214.77747,-13.371095,57.1755,4.52,star A1V,"HIP 69974 ;HD  125337 ;HR  5359 ;BF  100Lam Vir ;",0
226.11147,26.947649,75.4148,4.52,star K2III,"HIP 73745 ;HD  133582 ;HR  5616 ;BF  43Psi Boo ;",0
272.807355,-45.954418,128.2051,4.52,star G5III,"HIP 89112 ;HD  166063 ;HR  6783 ;BF  Eps Tel ;",0
290.431755,-15.955018,546.4481,4.52,star F2p,"HIP 95176 ;HD  181615 ;HR  7342 ;BF  46Ups Sgr ;",0
311.33817,57.579725,27.2926,4.52,star F8IV-V,"HIP 102431 ;HD  198084 ;HR  7955 ;GL  Wo 9706 ;",0
322.487055,23.638838,120.7729,4.52,star M1III,"HIP 106140 ;HD  204724 ;HR  8225 ;BF  2    Peg ;",0
337.62192,43.123376,526.3158,4.52,star B2IV,"HIP 111104 ;HD  213420 ;HR  8579 ;BF  6    Lac ;",0
7.88919,-62.965561,51.6529,4.53,star A2V,"HIP 2487 ;HD  2885 ;HR  127 ;BF  Bet2Tuc ;",0
12.45351,41.078911,189.3939,4.53,star B5V SB,"HIP 3881 ;HD  4727 ;HR  226 ;BF  35Nu  And ;",0
90.01395,-3.074253,129.0323,4.53,star K2IIIvar,"HIP 28413 ;HD  40657 ;HR  2113 ;",0
114.342135,-34.96853,110.4972,4.53,star B8IV/V,"HIP 37096 ;HD  61330 ;HR  2937 ;",0
213.37077,51.789965,50.1002,4.53,star A8IV,"HIP 69483 ;HD  124675 ;HR  5329 ;BF  17Kap2Boo ;",0
261.65784,-5.086596,30.0752,4.53,star F3V,"HIP 85365 ;HD  157950 ;HR  6493 ;",0
266.89011,-27.830788,302.1148,4.53,star F7II,"HIP 87072 ;HD  161592 ;HR  6616 ;BF  3    Sgr ;",0
311.852235,36.490717,235.8491,4.53,star B6IV,"HIP 102589 ;HD  198183 ;HR  7963 ;BF  54Lam Cyg ;",0
348.1374,49.406207,24.5881,4.53,star F0V,"HIP 114570 ;HD  219080 ;HR  8830 ;GL  Gl 891.1 ;BF  7    And ;",0
79.544025,33.371613,71.2251,4.54,star K3III...,"HIP 24727 ;HD  34334 ;HR  1726 ;BF  16    Aur ;",0
98.76411,-22.964793,135.318,4.54,star A0III,"HIP 31416 ;HD  46933 ;HR  2414 ;BF  5Xi 2CMa ;",0
142.99554,-1.184664,158.7302,4.54,star A3V,"HIP 46776 ;HD  82446 ;HR  3787 ;BF  32Tau2Hya ;",0
143.55576,36.397558,56.7215,4.54,star G8III,"HIP 46952 ;HD  82635 ;HR  3800 ;BF  10    LMi ;",0
143.620545,69.830343,31.9285,4.54,star G4III-IV,"HIP 46977 ;HD  82210 ;HR  3771 ;GL  Gl 355.1 ;BF  24    UMa ;",0
222.847395,19.10046,6.7123,4.54,star G8V + K4V,"HIP 72659 ;HD  131156 ;HR  5544 ;GL  Gl 566A ;BF  37Xi  Boo ;",0
228.05538,-19.79171,116.4144,4.54,star Asp...,"HIP 74392 ;HD  134759 ;HR  5652 ;BF  24Iot1Lib ;",0
230.788965,-36.858489,159.2357,4.54,star B4V,"HIP 75304 ;HD  136664 ;HR  5712 ;BF  Phi2Lup ;",0
299.2368,-27.169899,255.102,4.54,star K3III,"HIP 98162 ;HD  188603 ;HR  7604 ;BF  59    Sgr ;",0
346.751085,9.409492,100.8065,4.54,star M2III,"HIP 114144 ;HD  218329 ;HR  8795 ;BF  55    Peg ;",0
352.288725,12.760554,53.6193,4.54,star G8III,"HIP 115919 ;HD  221115 ;HR  8923 ;BF  70    Peg ;",0
0.93495,-17.335988,83.4725,4.55,star B9IVn,"HIP 301 ;HD  225132 ;HR  9098 ;BF  2    Cet ;",0
52.4781,58.87875,769.2308,4.55,star A0Ia SB:,"HIP 16281 ;HD  21389 ;HR  1040 ;",0
76.1016,-35.482978,55.5864,4.55,star K2III,"HIP 23595 ;HD  32831 ;HR  1652 ;BF  Gam1Cae ;",0
105.016215,76.977408,56.338,4.55,star K4III,"HIP 33694 ;HD  49878 ;HR  2527 ;",0
112.44909,12.006564,175.4386,4.55,star K2III,"HIP 36425 ;HD  59294 ;HR  2864 ;BF  6    CMi ;",0
148.026495,54.064332,156.0062,4.55,star A3IV,"HIP 48402 ;HD  85235 ;HR  3894 ;BF  30Phi UMa ;",0
233.97189,-44.958389,131.2336,4.55,star B3IVp,"HIP 76371 ;HD  138769 ;HR  5781 ;",0
245.159085,-24.16932,269.5418,4.55,star A4II/III,"HIP 80079 ;HD  147084 ;HR  6081 ;BF  19Omi Sco ;",0
272.02074,-28.457093,103.9501,4.55,star K0IIICNpvar,"HIP 88839 ;HD  165634 ;HR  6766 ;",0
325.47978,71.311417,55.9284,4.55,star K0III,"HIP 107119 ;HD  206952 ;HR  8317 ;BF  11    Cep ;",0
335.25642,46.536569,170.068,4.55,star B6V,"HIP 110351 ;HD  212120 ;HR  8523 ;BF  2    Lac ;",0
336.129135,49.476392,689.6552,4.55,star B9Iab,"HIP 110609 ;HD  212593 ;HR  8541 ;BF  4    Lac ;",0
42.87849,35.059741,143.2665,4.56,star K5III,"HIP 13328 ;HD  17709 ;HR  843 ;BF  17    Per ;",0
59.686425,-61.400185,161.2903,4.56,star M2III,"HIP 18597 ;HD  25422 ;HR  1247 ;BF  Del Ret ;",0
88.33185,27.612262,129.7017,4.56,star A0V,"HIP 27830 ;HD  39357 ;HR  2034 ;BF  136    Tau ;",0
136.632375,38.452215,250.6266,4.56,star G8Ib-II,"HIP 44700 ;HD  77912 ;HR  3612 ;",0
168.800955,23.095502,294.1176,4.56,star M3III,"HIP 54951 ;HD  97778 ;HR  4362 ;BF  72    Leo ;",0
216.534285,-45.221424,334.4482,4.56,star B2IV,"HIP 70574 ;HD  126341 ;HR  5395 ;BF  Tau1Lup ;",0
263.91498,-46.505684,116.0093,4.56,star A0V,"HIP 86092 ;HD  159217 ;HR  6537 ;BF  1Sig Ara ;",0
313.032015,27.096979,57.8035,4.56,star G8III,"HIP 103004 ;HD  198809 ;HR  7995 ;GL  NN 4168 ;BF  31    Vul ;",0
316.65039,47.648403,316.4557,4.56,star K4II,"HIP 104194 ;HD  201251 ;HR  8089 ;BF  63    Cyg ;",0
54.27366,-40.274545,70.7714,4.57,star K0III,"HIP 16870 ;HD  22663 ;HR  1106 ;",0
246.35397,14.03327,76.6871,4.57,star B9p Cr,"HIP 80463 ;HD  148112 ;HR  6117 ;BF  24Ome Her ;",0
246.39633,-23.447178,110.742,4.57,star B2V,"HIP 80473 ;HD  147933 ;HR  6112 ;BF  5Rho Oph ;",0
265.48467,72.148843,22.8363,4.57,star F5IV-V,"HIP 86614 ;HD  162003 ;HR  6636 ;GL  Gl 694.1A ;BF  31Psi1Dra ;",0
283.68702,22.645076,144.7178,4.57,star G4III+...,"HIP 92818 ;HD  175492 ;HR  7133 ;BF  113    Her ;",0
287.08734,-40.496703,54.7345,4.57,star K1III,"HIP 94005 ;HD  177873 ;HR  7242 ;BF  Del CrA ;",0
298.36539,24.079614,102.5641,4.57,star B9.5III,"HIP 97886 ;HD  188260 ;HR  7592 ;BF  13    Vul ;",0
83.84652,-4.838358,271.0027,4.58,star B2III...,"HIP 26237 ;HD  37018 ;HR  1892 ;BF  42    Ori ;",0
147.91947,-46.54762,323.6246,4.58,star G5Ib,"HIP 48374 ;HD  85622 ;HR  3912 ;",0
160.884585,-60.566619,349.6503,4.58,star K3Ib,"HIP 52468 ;HD  93070 ;HR  4200 ;",0
198.07338,-59.920579,116.144,4.58,star B8V,"HIP 64425 ;HD  114529 ;HR  4975 ;",0
207.858075,64.723272,113.8952,4.58,star M3III,"HIP 67627 ;HD  121130 ;HR  5226 ;BF  10    Dra ;",0
243.075855,-27.926372,146.8429,4.58,star B2V,"HIP 79404 ;HD  145482 ;HR  6028 ;BF  13    Sco ;",0
264.46131,-8.118771,231.4815,4.58,star B8II-IIIMNp,"HIP 86284 ;HD  159975 ;HR  6567 ;BF  57Mu  Oph ;",0
350.15934,23.740337,49.5786,4.58,star A5V,"HIP 115250 ;HD  220061 ;HR  8880 ;BF  62Tau Peg ;",0
10.33149,-46.085007,75.358,4.59,star G8III,"HIP 3245 ;HD  3919 ;HR  180 ;BF  Mu  Phe ;",0
55.70862,-37.313518,56.4972,4.59,star K2IIICN...,"HIP 17351 ;HD  23319 ;HR  1143 ;",0
57.58953,71.332266,110.011,4.59,star A2IVn,"HIP 17959 ;HD  23401 ;HR  1148 ;BF  Gam Cam ;",0
81.70929,3.095674,348.4321,4.59,star B2IV,"HIP 25473 ;HD  35715 ;HR  1811 ;BF  30Psi2Ori ;",0
130.0536,64.327936,78.4929,4.59,star K2III,"HIP 42527 ;HD  73108 ;HR  3403 ;BF  4Pi 2UMa ;",0
142.287075,-2.768964,17.334,4.59,star F6V,"HIP 46509 ;HD  81997 ;HR  3759 ;GL  Gl 348A ;BF  31Tau1Hya ;",0
154.903155,-55.029305,568.1818,4.59,star K3II,"HIP 50555 ;HD  89682 ;HR  4063 ;",0
168.150075,-60.317625,100000,4.59,star A6Ia,"HIP 54751 ;HD  97534 ;HR  4352 ;",0
237.39855,26.068394,52.1376,4.59,star G5III-IV,"HIP 77512 ;HD  141714 ;HR  5889 ;BF  10Del CrB ;",0
238.402995,-25.327142,154.0832,4.59,star B2.5Vn,"HIP 77840 ;HD  142114 ;HR  5904 ;BF  2    Sco ;",0
281.094915,39.612721,47.6872,4.59,star A8Vn,"HIP 91926 ;HD  173607 ;HR  7053 ;BF  5Eps2Lyr ;",0
294.17679,-24.883623,58.1395,4.59,star B8/B9V,"HIP 96465 ;HD  184707 ;HR  7440 ;BF  52    Sgr ;",0
357.231405,-28.130268,42.1408,4.59,star A0V,"HIP 117452 ;HD  223352 ;HR  9016 ;BF  Del Scl ;",0
64.56084,50.295502,96.1538,4.6,star A2V,"HIP 20070 ;HD  26961 ;HR  1324 ;",0
151.28112,-13.064626,96.1538,4.6,star B8V,"HIP 49402 ;HD  87504 ;HR  3970 ;BF  40Ups2Hya ;",0
164.179335,-37.137765,58.2751,4.6,star K0III,"HIP 53502 ;HD  94890 ;HR  4273 ;BF  Iot Ant ;",0
221.310255,16.96428,74.5156,4.6,star K0III,"HIP 72125 ;HD  129972 ;HR  5502 ;GL  Wo 9493 ;BF  35Omi Boo ;",0
231.334275,-38.73362,120.3369,4.6,star A0V,"HIP 75501 ;HD  137058 ;HR  5724 ;",0
238.168545,42.451518,15.8932,4.6,star F9V,"HIP 77760 ;HD  142373 ;HR  5914 ;GL  Gl 602 ;BF  1Chi Her ;",0
290.167005,65.714531,70.1754,4.6,star A2IIIs,"HIP 95081 ;HD  182564 ;HR  7371 ;BF  58Pi  Dra ;",0
1.33392,-5.707618,39.4945,4.61,star K1III,"HIP 443 ;HD  28 ;HR  3 ;BF  33    Psc ;",0
4.272945,38.681636,94.697,4.61,star A2V,"HIP 1366 ;HD  1280 ;HR  63 ;BF  24The And ;",0
28.388955,3.187536,54.9149,4.61,star K0III SB,"HIP 8833 ;HD  11559 ;HR  549 ;BF  111Xi  Psc ;",0
47.822445,39.611582,88.3392,4.61,star K1III,"HIP 14817 ;HD  19656 ;HR  947 ;BF  28Ome Per ;",0
111.678555,49.211527,83.8926,4.61,star A1V,"HIP 36145 ;HD  58142 ;HR  2818 ;BF  21    Lyn ;",0
119.96688,-18.399228,73.9645,4.61,star A1V,"HIP 39095 ;HD  65810 ;HR  3131 ;",0
233.54457,-10.064529,28.9268,4.61,star K1IV,"HIP 76219 ;HD  138716 ;HR  5777 ;BF  37    Lib ;",0
308.47578,35.250852,847.4576,4.61,star K2Ib comp,"HIP 101474 ;HD  196093 ;HR  7866 ;BF  47    Cyg ;",0
14.16648,59.181056,61.2745,4.62,star G8III-IV,"HIP 4422 ;HD  5395 ;HR  265 ;BF  28Ups2Cas ;",0
59.981175,-24.016215,100.4016,4.62,star Ap Si,"HIP 18673 ;HD  25267 ;HR  1240 ;BF  36Tau9Eri ;",0
75.77394,21.589962,52.9661,4.62,star A7V,"HIP 23497 ;HD  32301 ;HR  1620 ;BF  102Iot Tau ;",0
82.982745,-7.301537,877.193,4.62,star B0V,"HIP 25923 ;HD  36512 ;HR  1855 ;BF  36Ups Ori ;",0
137.011995,-25.858536,171.8213,4.62,star K4/K5III,"HIP 44824 ;HD  78541 ;HR  3628 ;BF  Kap Pyx ;",0
166.254285,7.336007,28.9939,4.62,star F2III-IVvar,"HIP 54182 ;HD  96097 ;HR  4310 ;BF  63Chi Leo ;",0
166.635225,-62.424113,122.1001,4.62,star G8III,"HIP 54301 ;HD  96566 ;HR  4325 ;GL  Gl 412.1 ;",0
173.690325,-54.264091,130.719,4.62,star B9V,"HIP 56480 ;HD  100673 ;HR  4460 ;",0
191.594715,-56.488815,117.9245,4.62,star B3V,"HIP 62327 ;HD  110956 ;HR  4848 ;",0
193.663335,-59.146701,117.6471,4.62,star B4Vn,"HIP 63007 ;HD  112078 ;HR  4897 ;BF  Lam Cru ;",0
246.950775,-8.371731,40.95,4.62,star A3m,"HIP 80628 ;HD  148367 ;HR  6129 ;BF  3Ups Oph ;",0
270.12087,-3.690269,23.5516,4.62,star F3V,"HIP 88175 ;HD  164259 ;HR  6710 ;GL  Gl 699.2 ;BF  57Zet Ser ;",0
278.375745,-42.31251,170.9402,4.62,star G5III,"HIP 90982 ;HD  170845 ;HR  6951 ;BF  The CrA ;",0
284.054925,4.203595,47.4158,4.62,star A5V,"HIP 92946 ;HD  175638 ;HR  7141 ;BF  63The1Ser ;",0
44.80302,21.340429,101.9368,4.63,star A2Vs,"HIP 13914 ;HD  18519 ;HR  887 ;BF  48Eps Ari ;",0
115.884945,-28.410885,236.9668,4.63,star K5III,"HIP 37648 ;HD  62576 ;HR  2993 ;BF  1    Pup ;",0
118.26516,-49.613044,232.5581,4.63,star B1.5Vp,"HIP 38500 ;HD  64740 ;HR  3089 ;",0
130.91823,-7.23373,235.8491,4.63,star G2Ib,"HIP 42835 ;HD  74395 ;HR  3459 ;",0
138.93783,-37.413144,50.4796,4.63,star F3/F5V,"HIP 45448 ;HD  79940 ;HR  3684 ;GL  Gl 339.3 ;",0
189.96891,-39.987302,111.8568,4.63,star B8II/III,"HIP 61789 ;HD  110073 ;HR  4817 ;",0
205.184505,54.681634,160.5136,4.63,star M2IIIvar,"HIP 66738 ;HD  119228 ;HR  5154 ;BF  83    UMa ;",0
224.396145,65.93246,140.8451,4.63,star M5III,"HIP 73199 ;HD  132813 ;HR  5589 ;",0
237.74478,-25.751295,151.7451,4.63,star B1.5Vn,"HIP 77635 ;HD  141637 ;HR  5885 ;BF  1    Sco ;",0
240.883965,-57.775064,39.3856,4.63,star A7IV,"HIP 78662 ;HD  143474 ;HR  5961 ;BF  Iot1Nor ;",0
277.84344,-62.278302,134.5895,4.63,star B8III,"HIP 90797 ;HD  169978 ;HR  6916 ;BF  Nu  Pav ;",0
282.80022,59.388351,104.8218,4.63,star K0II-III SB,"HIP 92512 ;HD  175306 ;HR  7125 ;BF  47Omi Dra ;",0
359.439705,25.141401,145.9854,4.63,star M3III,"HIP 118131 ;HD  224427 ;HR  9064 ;BF  84Psi Peg ;",0
58.427925,-24.61223,115.6069,4.64,star B5V,"HIP 18216 ;HD  24587 ;HR  1213 ;BF  33Tau8Eri ;",0
73.72386,10.150833,35.6633,4.64,star A0V,"HIP 22845 ;HD  31295 ;HR  1570 ;BF  7Pi 1Ori ;",0
90.979935,20.138452,552.4862,4.64,star B2Iavar,"HIP 28716 ;HD  41117 ;HR  2135 ;BF  62Chi2Ori ;",0
206.66406,-51.432766,80.5153,4.64,star G8/K0III,"HIP 67234 ;HD  119834 ;HR  5172 ;",0
234.844485,36.635812,145.1379,4.64,star B7V+...,"HIP 76669 ;HD  139891 ;HR  5833 ;BF  7Zet1CrB ;",0
235.297575,-44.661205,17.4368,4.64,star F5IV-V,"HIP 76829 ;HD  139664 ;HR  5825 ;GL  Gl 594 ;",0
252.458445,-10.783,31.9795,4.64,star F7IV,"HIP 82369 ;HD  151769 ;HR  6243 ;BF  20    Oph ;",0
259.417755,37.291498,53.7924,4.64,star A2V,"HIP 84606 ;HD  156729 ;HR  6436 ;BF  69    Her ;",0
271.826505,8.733867,83.612,4.64,star G8III-IV,"HIP 88765 ;HD  165760 ;HR  6770 ;BF  71    Oph ;",0
291.629535,0.33857,869.5652,4.64,star F2Ib,"HIP 95585 ;HD  182835 ;HR  7387 ;BF  32Nu  Aql ;",0
308.82723,14.674213,67.4764,4.64,star A3V,"HIP 101589 ;HD  196180 ;HR  7871 ;BF  4Zet Del ;",0
339.343485,51.545123,52.6316,4.64,star A8IV,"HIP 111674 ;HD  214454 ;HR  8613 ;BF  9    Lac ;",0
346.04553,50.052091,54.1712,4.64,star K0III,"HIP 113919 ;HD  218031 ;HR  8780 ;BF  3    And ;",0
40.86297,27.707146,105.1525,4.65,star B3V,"HIP 12719 ;HD  16908 ;HR  801 ;BF  35    Ari ;",0
68.462145,14.844424,48.5201,4.65,star A8V,"HIP 21273 ;HD  28910 ;HR  1444 ;BF  86Rho Tau ;",0
76.142295,15.404105,111.9821,4.65,star A0p Si,"HIP 23607 ;HD  32549 ;HR  1638 ;BF  11    Ori ;",0
88.52487,-63.089627,26.2467,4.65,star K1III/IV,"HIP 27890 ;HD  40409 ;HR  2102 ;GL  Gl 224.1 ;",0
109.57665,-36.733962,246.3054,4.65,star B2V+...,"HIP 35363 ;HD  57150 ;HR  2787 ;",0
112.67751,-30.962281,460.8295,4.65,star G2Ib...,"HIP 36514 ;HD  59890 ;HR  2881 ;",0
113.84541,-28.369323,67.9348,4.65,star B8V,"HIP 36917 ;HD  60863 ;HR  2922 ;",0
156.85197,-57.638805,100000,4.65,star A6Ia,"HIP 51192 ;HD  90772 ;HR  4110 ;",0
180.218295,6.614322,117.7856,4.65,star A5V,"HIP 58590 ;HD  104321 ;HR  4589 ;BF  8Pi  Vir ;",0
240.803685,-49.229695,67.2948,4.65,star G8III,"HIP 78639 ;HD  143546 ;HR  5962 ;BF  Eta Nor ;",0
142.67646,-40.465622,18.5563,4.65,star F0 IV,"GL  Gl 351B ;",0
17.86341,21.03465,117.6471,4.66,star K0III,"HIP 5571 ;HD  7087 ;HR  351 ;BF  84Chi Psc ;",0
27.39627,-10.68641,23.1857,4.66,star F3III,"HIP 8497 ;HD  11171 ;HR  531 ;GL  Wo 9061A ;BF  53Chi Cet ;",0
100.244415,9.895754,281.6901,4.66,star O7,"HIP 31978 ;HD  47839 ;HR  2456 ;BF  15    Mon ;",0
103.90596,-20.136497,29.5858,4.66,star F2IV/V,"HIP 33302 ;HD  51199 ;HR  2590 ;BF  19Pi  CMa ;",0
109.145805,-27.881179,124.2236,4.66,star M2III,"HIP 35205 ;HD  56618 ;HR  2766 ;",0
130.821465,21.468501,55.5556,4.66,star A1IV,"HIP 42806 ;HD  74198 ;HR  3449 ;BF  43Gam Cnc ;",0
136.40991,-70.538497,296.7359,4.66,star B2IVe,"HIP 44626 ;HD  78764 ;HR  3642 ;",0
163.49472,43.189956,75.5287,4.66,star A1Vs,"HIP 53295 ;HD  94334 ;HR  4248 ;BF  45Ome UMa ;",0
189.81153,-7.995564,90.009,4.66,star K2III,"HIP 61740 ;HD  110014 ;HR  4813 ;BF  26Chi Vir ;",0
190.64787,-48.813109,58.4454,4.66,star K0III,"HIP 62012 ;HD  110458 ;HR  4831 ;",0
234.94158,-34.411926,67.3401,4.66,star G8/K0III,"HIP 76705 ;HD  139521 ;HR  5820 ;BF  3Psi1Lup ;",0
271.25511,-29.580087,266.6667,4.66,star G0Ib/II,"HIP 88567 ;HD  164975 ;HR  6742 ;BF  Gam1Sgr ;",0
274.51329,-27.042641,233.6449,4.66,star K3III,"HIP 89678 ;HD  167818 ;HR  6842 ;",0
275.914935,-8.934383,63.3714,4.66,star K0III,"HIP 90135 ;HD  169156 ;HR  6884 ;BF  Zet Sct ;",0
300.27519,27.753573,72.4638,4.66,star A4III,"HIP 98543 ;HD  189849 ;HR  7653 ;BF  15    Vul ;",0
18.43728,24.583713,136.7989,4.67,star K0III...,"HIP 5742 ;HD  7318 ;HR  360 ;BF  85Phi Psc ;",0
52.34184,49.508948,165.2893,4.67,star B3V,"HIP 16244 ;HD  21428 ;HR  1044 ;BF  34    Per ;",0
63.722145,40.483671,291.5452,4.67,star G5II comp,"HIP 19811 ;HD  26673 ;HR  1306 ;BF  52    Per ;",0
69.818745,15.917977,47.6872,4.67,star A5Vn,"HIP 21683 ;HD  29488 ;HR  1479 ;BF  92Sig2Tau ;",0
91.53885,-14.935254,52.9661,4.67,star A0V,"HIP 28910 ;HD  41695 ;HR  2155 ;BF  18The Lep ;",0
123.053025,17.647771,25.0815,4.67,star G0V,"HIP 40167 ;HD  68255 ;HR  3210 ;BF  16Zet2Cnc ;",0
137.729115,63.513633,38.7297,4.67,star Am,"HIP 45075 ;HD  78362 ;HR  3624 ;BF  14Tau UMa ;",0
270.014235,16.750919,205.7613,4.67,star K0II-III,"HIP 88128 ;HD  164349 ;HR  6713 ;BF  93    Her ;",0
277.29939,-14.565813,97.9432,4.67,star A1IV/V,"HIP 90595 ;HD  170296 ;HR  6930 ;BF  Gam Sct ;",0
281.08476,39.670123,49.776,4.67,star F1V,"HIP 91919 ;HD  173582 ;HR  7051 ;BF  4Eps1Lyr ;",0
293.087235,69.661175,5.7547,4.67,star K0V,"HIP 96100 ;HD  185144 ;HR  7462 ;GL  Gl 764 ;BF  61Sig Dra ;",0
315.322755,-32.257767,70.2247,4.67,star G8III,"HIP 103738 ;HD  199951 ;HR  8039 ;BF  Gam Mic ;",0
23.48292,59.23204,63.8162,4.68,star K0III,"HIP 7294 ;HD  9408 ;HR  442 ;BF  39Chi Cas ;",0
28.73358,-67.647303,67.0691,4.68,star G5III,"HIP 8928 ;HD  11977 ;HR  570 ;BF  Eta2Hyi ;",0
31.12266,-29.296819,113.7656,4.68,star B9.5p (Si),"HIP 9677 ;HD  12767 ;HR  612 ;BF  Nu  For ;",0
44.69028,39.662728,94.9668,4.68,star A2Vn,"HIP 13879 ;HD  18411 ;HR  879 ;BF  22Pi  Per ;",0
134.08029,-52.723475,108.3424,4.68,star B5V,"HIP 43878 ;HD  76805 ;HR  3574 ;",0
144.613695,4.649293,90.5797,4.68,star K3III,"HIP 47310 ;HD  83425 ;HR  3834 ;",0
150.053355,8.044223,124.533,4.68,star M2III,"HIP 49029 ;HD  86663 ;HR  3950 ;BF  29Pi  Leo ;",0
159.680055,31.976237,177.305,4.68,star G0II,"HIP 52098 ;HD  92125 ;HR  4166 ;BF  37    LMi ;",0
202.99119,-6.255816,122.549,4.68,star M3III,"HIP 66006 ;HD  117675 ;HR  5095 ;BF  74    Vir ;",0
203.61375,49.015973,55.2792,4.68,star A5V,"HIP 66234 ;HD  118232 ;HR  5112 ;BF  24    CVn ;",0
245.086785,-78.695745,233.6449,4.68,star M5III,"HIP 80047 ;HD  145366 ;HR  6020 ;BF  Del1Aps ;",0
294.844185,30.153321,81.6327,4.68,star G8III-IV...,"HIP 96683 ;HD  185734 ;HR  7478 ;BF  12Phi Cyg ;",0
324.437955,-7.854201,54.7645,4.68,star A7V,"HIP 106786 ;HD  205767 ;HR  8264 ;BF  23Xi  Aqr ;",0
340.89681,-18.830375,132.8021,4.68,star K3III,"HIP 112211 ;HD  215167 ;HR  8649 ;BF  66    Aqr ;",0
66.651555,14.713782,127.7139,4.69,star G8III,"HIP 20732 ;HD  28100 ;HR  1396 ;BF  73Pi  Tau ;",0
79.784925,40.099051,12.631,4.69,star G0V,"HIP 24813 ;HD  34411 ;HR  1729 ;GL  Gl 197 ;BF  15Lam Aur ;",0
114.57519,-25.364804,189.7533,4.69,star B8IV,"HIP 37173 ;HD  61429 ;HR  2944 ;",0
117.08412,-47.077722,71.2251,4.69,star K0III,"HIP 38089 ;HD  63744 ;HR  3046 ;",0
120.305565,-1.392608,137.931,4.69,star K4III,"HIP 39211 ;HD  65953 ;HR  3141 ;BF  28    Mon ;",0
159.68751,-59.182997,719.4245,4.69,star K4/K5III:,"HIP 52102 ;HD  92397 ;HR  4177 ;",0
191.40825,-60.981318,36.8053,4.69,star K1III,"HIP 62268 ;HD  110829 ;HR  4842 ;BF  Iot Cru ;",0
325.523595,51.189622,529.1005,4.69,star B3IV,"HIP 107136 ;HD  206672 ;HR  8301 ;BF  80Pi 1Cyg ;",0
330.83229,-56.785977,3.6224,4.69,star K5V,"HIP 108870 ;HD  209100 ;HR  8387 ;GL  Gl 845 ;BF  Eps Ind ;",0
353.768985,-42.615075,76.2777,4.69,star A2V,"HIP 116389 ;HD  221760 ;HR  8949 ;BF  Iot Phe ;",0
80.112165,-21.239763,127.551,4.7,star A0V,"HIP 24927 ;HD  34968 ;HR  1762 ;",0
174.170475,-9.802247,85.9845,4.7,star B9.5Vn,"HIP 56633 ;HD  100889 ;HR  4468 ;BF  21The Crt ;",0
175.053315,-34.74466,137.5516,4.7,star B9V,"HIP 56922 ;HD  101431 ;HR  4494 ;BF  Omi Hya ;",0
253.49886,-42.362025,787.4016,4.7,star B1Iae,"HIP 82671 ;HD  152236 ;HR  6262 ;BF  Zet1Sco ;",0
280.568445,-9.052549,62.0732,4.7,star F2IIIp d Del,"HIP 91726 ;HD  172748 ;HR  7020 ;BF  Del Sct ;",0
298.959765,-26.299506,25.9875,4.7,star G3/G5III,"HIP 98066 ;HD  188376 ;HR  7597 ;BF  58Ome Sgr ;",0
317.585415,10.131579,36.2976,4.7,star F0p,"HIP 104521 ;HD  201601 ;HR  8097 ;BF  5Gam Equ ;",0
343.601835,84.346177,109.0513,4.7,star K4III,"HIP 113116 ;HD  217382 ;HR  8748 ;",0
353.31927,-20.914504,90.009,4.7,star A0V,"HIP 116247 ;HD  221565 ;HR  8939 ;BF  101    Aqr ;",0
44.92875,8.907365,176.6784,4.71,star B6III,"HIP 13954 ;HD  18604 ;HR  896 ;BF  91Lam Cet ;",0
52.34337,-62.937527,21.6826,4.71,star F5IV-V,"HIP 16245 ;HD  22001 ;HR  1083 ;GL  Gl 143.2A ;BF  Kap Ret ;",0
73.133175,14.250642,199.6008,4.71,star M3Sv,"HIP 22667 ;HD  30959 ;HR  1556 ;BF  4Omi1Ori ;",0
76.377795,-57.472704,11.6455,4.71,star F7V,"HIP 23693 ;HD  33262 ;HR  1674 ;GL  Gl 189 ;BF  Zet Dor ;",0
82.43325,-1.092239,155.7632,4.71,star K5III,"HIP 25737 ;HD  36167 ;HR  1834 ;BF  31    Ori ;",0
83.181975,32.192022,100000,4.71,star B5Iab,"HIP 25984 ;HD  36371 ;HR  1843 ;BF  25Chi Aur ;",0
140.3733,-25.965439,154.0832,4.71,star M0III,"HIP 45902 ;HD  80874 ;HR  3718 ;BF  The Pyx ;",0
140.801085,-28.833873,58.8928,4.71,star G8III,"HIP 46026 ;HD  81169 ;HR  3733 ;BF  Lam Pyx ;",0
176.190735,-18.350674,108.2251,4.71,star G8III,"HIP 57283 ;HD  102070 ;HR  4514 ;BF  27Zet Crt ;",0
196.56963,-48.463289,119.6172,4.71,star B5V,"HIP 63945 ;HD  113703 ;HR  4940 ;",0
209.412135,-63.686696,64.2674,4.71,star K4III,"HIP 68191 ;HD  121474 ;HR  5241 ;",0
298.56201,8.461453,56.2746,4.71,star K0III,"HIP 97938 ;HD  188310 ;HR  7595 ;BF  59Xi  Aql ;",0
319.48449,-32.172539,55.8659,4.71,star A0V,"HIP 105140 ;HD  202627 ;HR  8135 ;BF  Eps Mic ;",0
347.478735,-22.457611,154.5595,4.71,star A3IV:,"HIP 114375 ;HD  218640 ;HR  8817 ;GL  Wo 9812A ;BF  89    Aqr ;",0
21.48312,68.130012,59.8086,4.72,star K0III,"HIP 6692 ;HD  8491 ;HR  399 ;BF  36Psi Cas ;",0
80.44062,-0.382465,284.9003,4.72,star B2IV-V,"HIP 25044 ;HD  35039 ;HR  1765 ;BF  22    Ori ;",0
87.760125,37.305573,160.2564,4.72,star M1III,"HIP 27639 ;HD  38944 ;HR  2011 ;BF  31Ups Aur ;",0
92.57463,-54.968645,398.4064,4.72,star B0.5IV,"HIP 29276 ;HD  42933 ;HR  2212 ;BF  Del Pic ;",0
122.817945,-12.926999,54.1712,4.72,star K0III,"HIP 40084 ;HD  68290 ;HR  3211 ;BF  19    Pup ;",0
141.82665,-22.343783,48.0077,4.72,star K1III,"HIP 46371 ;HD  81799 ;HR  3749 ;",0
156.478425,33.79612,71.5308,4.72,star F0V,"HIP 51056 ;HD  90277 ;HR  4090 ;BF  30    LMi ;",0
157.583715,-71.992793,79.8722,4.72,star A2III,"HIP 51438 ;HD  91375 ;HR  4138 ;",0
158.307975,40.42556,34.626,4.72,star A7IV,"HIP 51658 ;HD  91312 ;HR  4132 ;",0
181.08012,-63.165711,261.7801,4.72,star B2IV,"HIP 58867 ;HD  104841 ;HR  4603 ;BF  The2Cru ;",0
185.17929,17.792868,88.8889,4.72,star G8III,"HIP 60202 ;HD  107383 ;HR  4697 ;BF  11    Com ;",0
199.385685,40.572608,81.0373,4.72,star F3III,"HIP 64844 ;HD  115604 ;HR  5017 ;BF  20    CVn ;",0
240.69951,46.036705,113.8952,4.72,star B9III,"HIP 78592 ;HD  144206 ;HR  5982 ;BF  6Ups Her ;",0
259.152855,-0.445297,63.0915,4.72,star K2III,"HIP 84514 ;HD  156266 ;HR  6415 ;BF  41    Oph ;",0
325.664595,-18.866323,90.1713,4.72,star G8III,"HIP 107188 ;HD  206453 ;HR  8288 ;BF  43Kap Cap ;",0
36.4059,50.278631,113.2503,4.73,star K4III,"HIP 11313 ;HD  14872 ;HR  699 ;BF  65    And ;",0
103.66098,13.177827,25.6279,4.73,star F0Vp,"HIP 33202 ;HD  50635 ;HR  2564 ;GL  Wo 9220A ;BF  38    Gem ;",0
122.85789,-42.987278,100000,4.73,star A7Ib,"HIP 40096 ;HD  68601 ;HR  3226 ;",0
165.456975,-2.484585,179.2115,4.73,star K5III,"HIP 53907 ;HD  95578 ;HR  4299 ;BF  61    Leo ;",0
241.62264,-45.173185,37.5094,4.73,star Am,"HIP 78914 ;HD  144197 ;HR  5980 ;GL  NN 3938 ;BF  Del Nor ;",0
242.242935,36.490944,35.7782,4.73,star K0III-IV,"HIP 79119 ;HD  145328 ;HR  6018 ;BF  16Tau CrB ;",0
313.163475,-8.983318,48.216,4.73,star A3m,"HIP 103045 ;HD  198743 ;HR  7990 ;BF  6Mu  Aqr ;",0
7.943085,54.522289,115.7407,4.74,star B8Vn,"HIP 2505 ;HD  2772 ;HR  123 ;BF  14Lam Cas ;",0
19.866645,27.264059,94.4287,4.74,star A3V,"HIP 6193 ;HD  7964 ;HR  383 ;BF  90Ups Psc ;",0
38.02179,-15.244677,26.6951,4.74,star F5V,"HIP 11783 ;HD  15798 ;HR  740 ;BF  76Sig Cet ;",0
39.94989,-42.89167,35.6888,4.74,star A2V,"HIP 12413 ;HD  16754 ;HR  789 ;",0
49.996935,65.652292,233.6449,4.74,star B2.5Vne,"HIP 15520 ;HD  20336 ;HR  985 ;",0
52.65441,-5.075145,123.9157,4.74,star B9Vs,"HIP 16341 ;HD  21790 ;HR  1070 ;BF  17    Eri ;",0
122.253195,-61.302429,19.98,4.74,star F5V,"HIP 39903 ;HD  68456 ;HR  3220 ;GL  Gl 297.1 ;",0
130.30473,-47.317125,781.25,4.74,star A5II,"HIP 42624 ;HD  74272 ;HR  3452 ;",0
135.6363,67.629619,96.432,4.74,star M3III,"HIP 44390 ;HD  76827 ;HR  3576 ;BF  8Rho UMa ;",0
199.601445,-18.311196,8.5551,4.74,star G5V,"HIP 64924 ;HD  115617 ;HR  5019 ;GL  Gl 506 ;BF  61    Vir ;",0
212.47863,-53.438946,55.9284,4.74,star G8III,"HIP 69191 ;HD  123569 ;HR  5297 ;",0
237.8163,20.977919,114.9425,4.74,star K5III,"HIP 77661 ;HD  141992 ;HR  5899 ;BF  38Rho Ser ;",0
269.948145,-23.816133,127.3885,4.74,star B9V,"HIP 88116 ;HD  163955 ;HR  6700 ;BF  4    Sgr ;",0
285.778605,-42.095105,59.2066,4.74,star A0Vn,"HIP 93542 ;HD  176638 ;HR  7188 ;BF  Zet CrA ;",0
292.94301,34.452968,263.8522,4.74,star B3IV,"HIP 96052 ;HD  184171 ;HR  7426 ;BF  8    Cyg ;",0
314.95647,47.520951,434.7826,4.74,star B1ne,"HIP 103632 ;HD  200120 ;HR  8047 ;BF  59    Cyg ;",0
330.82851,-2.155363,133.5113,4.74,star B7IVe,"HIP 108874 ;HD  209409 ;HR  8402 ;BF  31Omi Aqr ;",0
354.462405,-45.492351,61.3874,4.74,star A2V,"HIP 116602 ;HD  222095 ;HR  8959 ;",0
108.65892,-48.271927,115.4734,4.75,star B8/B9V,"HIP 35020 ;HD  56456 ;HR  2762 ;",0
177.06045,-66.81491,131.7523,4.75,star K4III,"HIP 57581 ;HD  102584 ;HR  4530 ;BF  Mu  Mus ;",0
208.302255,-31.927612,195.3125,4.75,star B4IV,"HIP 67786 ;HD  120955 ;HR  5221 ;BF  4    Cen ;",0
214.041585,51.367231,29.0698,4.75,star A9V,"HIP 69713 ;HD  125161 ;HR  5350 ;GL  Wo 9474A ;BF  21Iot Boo ;",0
235.486665,-19.678828,94.6074,4.75,star K5III,"HIP 76880 ;HD  139997 ;HR  5838 ;BF  43Kap Lib ;",0
235.670925,-34.710407,111.4827,4.75,star B5V,"HIP 76945 ;HD  140008 ;HR  5839 ;BF  4Psi2Lup ;",0
308.895045,-60.581749,27.7932,4.75,star F1III,"HIP 101612 ;HD  195627 ;HR  7848 ;BF  Phi1Pav ;",0
349.656,68.111445,62.2665,4.75,star K0III,"HIP 115088 ;HD  219916 ;HR  8872 ;BF  34Omi Cep ;",0
7.85391,-48.803514,52.9661,4.76,star A0V,"HIP 2472 ;HD  2834 ;HR  125 ;BF  Lam1Phe ;",0
42.618825,-75.066947,104.0583,4.76,star K3III,"HIP 13244 ;HD  18293 ;HR  872 ;BF  Nu  Hyi ;",0
42.759675,-21.004019,57.3066,4.76,star K0III,"HIP 13288 ;HD  17824 ;HR  850 ;BF  2Tau2Eri ;",0
88.110165,1.855134,386.1004,4.76,star K2IIvar,"HIP 27750 ;HD  39400 ;HR  2037 ;BF  56    Ori ;",0
94.711575,69.319787,53.6481,4.76,star A0Vn,"HIP 29997 ;HD  42818 ;HR  2209 ;",0
119.417115,-30.33457,371.7472,4.76,star A7III,"HIP 38901 ;HD  65456 ;HR  3113 ;",0
145.32087,-23.591514,155.2795,4.76,star B5V,"HIP 47522 ;HD  83953 ;HR  3858 ;",0
160.55889,-64.466426,139.0821,4.76,star B3V,"HIP 52370 ;HD  92938 ;HR  4196 ;",0
169.78296,38.185557,58.8235,4.76,star A2V,"HIP 55266 ;HD  98353 ;HR  4380 ;BF  55    UMa ;",0
186.00621,51.562257,118.4834,4.76,star G7III,"HIP 60485 ;HD  107950 ;HR  4716 ;BF  5    CVn ;",0
194.73102,17.409446,99.4036,4.76,star M0III,"HIP 63355 ;HD  112769 ;HR  4920 ;BF  36    Com ;",0
201.86319,-15.973578,85.9107,4.76,star K1IIICN...,"HIP 65639 ;HD  116976 ;HR  5068 ;GL  Gl 511.2 ;BF  69    Vir ;",0
207.94782,34.44424,184.1621,4.76,star K5III,"HIP 67665 ;HD  120933 ;HR  5219 ;",0
215.654565,-58.459117,117.5088,4.76,star G8/K1 + F/G,"HIP 70264 ;HD  125628 ;HR  5371 ;",0
260.497965,-67.770668,91.1577,4.76,star K1III,"HIP 84969 ;HD  156277 ;HR  6417 ;BF  Zet Aps ;",0
265.09914,-49.415587,21.45,4.76,star F3IV,"HIP 86486 ;HD  160032 ;HR  6569 ;GL  Gl 686.2 ;BF  Lam Ara ;",0
289.054335,21.390428,248.7562,4.76,star B4IV,"HIP 94703 ;HD  180554 ;HR  7306 ;BF  1    Vul ;",0
324.480105,62.08194,100000,4.76,star B2Ib,"HIP 106801 ;HD  206165 ;HR  8279 ;BF  9    Cep ;",0
346.778085,25.468259,181.4882,4.76,star K0IIp,"HIP 114155 ;HD  218356 ;HR  8796 ;BF  56    Peg ;",0
11.0475,-10.60955,71.6332,4.77,star K0IIIvar,"HIP 3455 ;HD  4188 ;HR  194 ;BF  17Phi1Cet ;",0
46.38507,56.705719,64.7249,4.77,star K0II-III,"HIP 14382 ;HD  18970 ;HR  918 ;",0
84.721185,-7.212829,44.603,4.77,star A4V,"HIP 26563 ;HD  37507 ;HR  1937 ;GL  Wo 9187 ;BF  49    Ori ;",0
101.83263,8.037254,151.0574,4.77,star K4III,"HIP 32533 ;HD  49161 ;HR  2503 ;BF  17    Mon ;",0
139.943265,-11.974853,103.3058,4.77,star G8III,"HIP 45751 ;HD  80499 ;HR  3706 ;BF  26    Hya ;",0
172.57872,-3.003501,185.1852,4.77,star K4III,"HIP 56127 ;HD  99998 ;HR  4432 ;BF  87    Leo ;",0
193.588185,-9.538994,166.9449,4.77,star M3IIIvar,"HIP 62985 ;HD  112142 ;HR  4902 ;BF  40Psi Vir ;",0
264.237885,68.75797,23.1642,4.77,star F5V,"HIP 86201 ;HD  160922 ;HR  6596 ;GL  NN 4017 ;BF  28Ome Dra ;",0
270.770505,-8.180349,51.3347,4.77,star F5V+...,"HIP 88404 ;HD  164764 ;HR  6733 ;GL  Gl 700.1B ;BF  69Tau Oph ;",0
278.143845,57.045599,649.3506,4.77,star F7Ib,"HIP 90905 ;HD  171635 ;HR  6978 ;BF  45    Dra ;",0
300.889365,-37.940699,112.3596,4.77,star K4III,"HIP 98761 ;HD  189831 ;HR  7652 ;",0
304.446675,38.03293,100000,4.77,star B2pe,"HIP 100044 ;HD  193237 ;HR  7763 ;BF  34    Cyg ;",0
305.165895,-12.75908,77.6398,4.77,star B9IV,"HIP 100310 ;HD  193432 ;HR  7773 ;BF  8Nu  Cap ;",0
307.21506,-17.813687,30.2663,4.77,star F3V,"HIP 101027 ;HD  194943 ;HR  7822 ;GL  Gl 791.1A ;BF  11Rho Cap ;",0
341.87067,83.15383,96.0615,4.77,star K3III,"HIP 112519 ;HD  216446 ;HR  8702 ;",0
0.39924,-77.065724,66.5779,4.78,star K2III,"HIP 122 ;HD  224889 ;HR  9084 ;BF  The Oct ;",0
13.252065,-1.14426,179.8561,4.78,star M0III,"HIP 4147 ;HD  5112 ;HR  248 ;BF  20    Cet ;",0
32.12181,37.859077,58.6854,4.78,star A5IV-V,"HIP 9977 ;HD  13041 ;HR  620 ;BF  58    And ;",0
56.50971,63.345047,303.9514,4.78,star A3V...,"HIP 17587 ;HD  23089 ;HR  1129 ;",0
67.64013,16.194014,43.1965,4.78,star A6IV,"HIP 21029 ;HD  28527 ;HR  1427 ;GL  Gl 170.1 ;",0
74.98224,-12.537416,88.968,4.78,star F0V,"HIP 23231 ;HD  32045 ;HR  1611 ;BF  64    Eri ;",0
83.76117,-6.002027,495.0495,4.78,star B0.5V,"HIP 26199 ;HD  36960 ;HR  1887 ;",0
122.114445,51.50667,76.6871,4.78,star A2V,"HIP 39847 ;HD  67006 ;HR  3173 ;BF  27    Lyn ;",0
123.37299,-35.899518,284.9003,4.78,star B2ne,"HIP 40274 ;HD  68980 ;HR  3237 ;",0
146.05041,-27.769471,104.0583,4.78,star A7V+...,"HIP 47758 ;HD  84367 ;HR  3871 ;GL  Gl 366.1A ;BF  The Ant ;",0
154.93407,19.470914,21.3675,4.78,star F6IV,"HIP 50564 ;HD  89449 ;HR  4054 ;GL  Gl 388.1 ;BF  40    Leo ;",0
185.626305,25.84616,90.3342,4.78,star F8:p...,"HIP 60351 ;HD  107700 ;HR  4707 ;BF  12    Com ;",0
199.40118,5.469869,207.0393,4.78,star M2III,"HIP 64852 ;HD  115521 ;HR  5015 ;BF  60Sig Vir ;",0
215.177385,-45.18706,43.554,4.78,star F0IV,"HIP 70104 ;HD  125442 ;HR  5364 ;",0
215.77413,-27.754017,48.2625,4.78,star K3III,"HIP 70306 ;HD  125932 ;HR  5381 ;BF  51    Hya ;",0
262.85397,-23.962643,124.3781,4.78,star A0V,"HIP 85755 ;HD  158643 ;HR  6519 ;BF  51    Oph ;",0
267.5463,-40.090435,781.25,4.78,star A6Ib,"HIP 87294 ;HD  161912 ;HR  6631 ;BF  Iot2Sco ;",0
281.361975,-64.871259,28.547,4.78,star A7V,"HIP 92024 ;HD  172555 ;HR  7012 ;",0
335.33058,28.330529,213.2196,4.78,star B9III,"HIP 110371 ;HD  212097 ;HR  8522 ;BF  32    Peg ;",0
336.96468,4.695664,45.4752,4.78,star K0III,"HIP 110882 ;HD  212943 ;HR  8551 ;BF  35    Peg ;",0
3.65067,20.206702,112.8668,4.79,star M2III,"HIP 1168 ;HD  1013 ;HR  45 ;BF  89Chi Peg ;",0
29.48217,23.596061,39.4945,4.79,star F0V,"HIP 9153 ;HD  11973 ;HR  569 ;BF  9Lam Ari ;",0
73.15827,36.703187,184.5018,4.79,star K3III,"HIP 22678 ;HD  30834 ;HR  1551 ;BF  2    Aur ;",0
125.632065,-48.490381,526.3158,4.79,star B1V,"HIP 41039 ;HD  70930 ;HR  3294 ;",0
140.236755,-62.404632,71.6332,4.79,star G6III,"HIP 45856 ;HD  81101 ;HR  3728 ;",0
198.8124,-67.894589,117.3709,4.79,star B8V,"HIP 64661 ;HD  114911 ;HR  4993 ;BF  Eta Mus ;",0
237.80805,35.657382,30.4971,4.79,star K0III-IV,"HIP 77655 ;HD  142091 ;HR  5901 ;BF  11Kap CrB ;",0
247.55199,-25.115224,126.7427,4.79,star B3V,"HIP 80815 ;HD  148605 ;HR  6141 ;BF  22    Sco ;",0
267.293655,-31.703203,170.6485,4.79,star B8Ib/II,"HIP 87220 ;HD  161840 ;HR  6628 ;",0
270.06582,4.368615,199.6008,4.79,star B2Ve,"HIP 88149 ;HD  164284 ;HR  6712 ;BF  66    Oph ;",0
303.816225,25.591957,303.9514,4.79,star B3V,"HIP 99824 ;HD  192685 ;HR  7739 ;",0
332.451615,72.341207,120.919,4.79,star G8III,"HIP 109400 ;HD  210807 ;HR  8468 ;BF  24    Cep ;",0
333.903795,-41.3467,84.246,4.79,star G8III+...,"HIP 109908 ;HD  211088 ;HR  8486 ;BF  Mu 1Gru ;",0
10.516215,50.512526,438.5965,4.8,star B2.5V,"HIP 3300 ;HD  3901 ;HR  179 ;BF  19Xi  Cas ;",0
13.267665,61.12397,18.7441,4.8,star F8V,"HIP 4151 ;HD  5015 ;HR  244 ;GL  Gl 41 ;",0
48.95844,-8.81973,33.6474,4.8,star A5m,"HIP 15197 ;HD  20320 ;HR  984 ;BF  13Zet Eri ;",0
65.388165,46.498878,155.521,4.8,star B4IV,"HIP 20354 ;HD  27396 ;HR  1350 ;BF  53    Per ;",0
66.023985,17.44413,49.4805,4.8,star A7V,"HIP 20542 ;HD  27819 ;HR  1380 ;BF  64Del2Tau ;",0
75.359775,-7.173965,226.7574,4.8,star B3V,"HIP 23364 ;HD  32249 ;HR  1617 ;BF  65Psi Eri ;",0
99.832605,42.488877,127.551,4.8,star K3III,"HIP 31832 ;HD  47174 ;HR  2427 ;BF  50Psi2Aur ;",0
137.59806,67.134018,20.3791,4.8,star F7IV-V,"HIP 45038 ;HD  78154 ;HR  3616 ;GL  Gl 335A ;BF  13Sig2UMa ;",0
139.04712,54.021857,35.8423,4.8,star A5V,"HIP 45493 ;HD  79439 ;HR  3662 ;GL  NN 3541 ;BF  18    UMa ;",0
140.12091,-9.555695,68.2128,4.8,star F5V+...,"HIP 45811 ;HD  80586 ;HR  3709 ;BF  27    Hya ;",0
161.02887,-63.961072,150.8296,4.8,star B5Vn,"HIP 52502 ;HD  93194 ;HR  4205 ;",0
188.712855,22.629259,95.057,4.8,star A0IV,"HIP 61394 ;HD  109485 ;HR  4789 ;BF  23    Com ;",0
196.79469,27.624741,101.626,4.8,star K5III,"HIP 64022 ;HD  113996 ;HR  4954 ;BF  41    Com ;",0
212.21247,77.547514,140.056,4.8,star K3III,"HIP 69112 ;HD  124547 ;HR  5321 ;BF  4    UMi ;",0
214.49925,35.509505,71.582,4.8,star K1III,"HIP 69879 ;HD  125351 ;HR  5361 ;",0
220.85568,26.52785,215.9827,4.8,star M3III,"HIP 71995 ;HD  129712 ;HR  5490 ;BF  34    Boo ;",0
225.527115,25.008138,113.8952,4.8,star K4III,"HIP 73568 ;HD  133124 ;HR  5600 ;BF  41Ome Boo ;",0
244.574595,-28.61402,41.2882,4.8,star A0V:,"HIP 79881 ;HD  146624 ;HR  6070 ;",0
259.331535,33.1001,204.0816,4.8,star B1.5Vp,"HIP 84573 ;HD  156633 ;HR  6431 ;BF  68    Her ;",0
303.3252,46.815675,187.2659,4.8,star A5IIIn,"HIP 99639 ;HD  192514 ;HR  7730 ;BF  30    Cyg ;",0
313.311465,44.38726,161.0306,4.8,star B5V,"HIP 103089 ;HD  199081 ;HR  8001 ;BF  57    Cyg ;",0
320.19012,-40.809465,60.4595,4.8,star A2p,"HIP 105382 ;HD  203006 ;HR  8151 ;BF  The1Mic ;",0
336.31926,1.377401,239.8082,4.8,star B1Ve,"HIP 110672 ;HD  212571 ;HR  8539 ;BF  52Pi  Aqr ;",0
340.439205,29.307641,91.5751,4.8,star A1IV,"HIP 112051 ;HD  214994 ;HR  8641 ;BF  43Omi Peg ;",0
169.54677,31.528783,10.4167,4.8,star G0 Ve,"HD  98230 ;HR  4374 ;GL  Gl 423B ;BF  53Xi  UMa ;",0
77.42481,15.597232,165.0165,4.81,star F2IV,"HIP 24010 ;HD  33276 ;HR  1676 ;BF  15    Ori ;",0
78.43932,-67.185255,150.6024,4.81,star K2III,"HIP 24372 ;HD  34649 ;HR  1744 ;BF  The Dor ;",0
79.371165,-34.895207,32.4465,4.81,star K0/K1III/IV,"HIP 24659 ;HD  34642 ;HR  1743 ;BF  Omi Col ;",0
89.498565,25.953912,476.1905,4.81,star B1Ib,"HIP 28237 ;HD  40111 ;HR  2084 ;BF  139    Tau ;",0
120.083205,-63.567456,153.1394,4.81,star B3V,"HIP 39138 ;HD  66591 ;HR  3159 ;",0
143.765985,39.621493,66.0502,4.81,star K0III,"HIP 47029 ;HD  82741 ;HR  3809 ;",0
171.15246,-10.859323,115.3403,4.81,star K5III,"HIP 55687 ;HD  99167 ;HR  4402 ;BF  14Eps Crt ;",0
217.05057,-2.227957,36.2582,4.81,star G2III,"HIP 70755 ;HD  126868 ;HR  5409 ;GL  Gl 550.2A ;BF  105Phi Vir ;",0
276.337665,-20.541679,125.7862,4.81,star A1/A2V,"HIP 90289 ;HD  169420 ;HR  6896 ;BF  21    Sgr ;",0
309.63057,21.201174,71.3776,4.81,star A0V,"HIP 101867 ;HD  196724 ;HR  7891 ;BF  29    Vul ;",0
312.234555,46.114134,714.2857,4.81,star B3Ia,"HIP 102724 ;HD  198478 ;HR  7977 ;BF  55    Cyg ;",0
29.29188,-47.385277,76.1035,4.82,star G8III,"HIP 9095 ;HD  12055 ;HR  574 ;",0
78.357165,38.484498,46.9043,4.82,star A4m,"HIP 24340 ;HD  33641 ;HR  1689 ;BF  11Mu  Aur ;",0
99.81966,-14.145764,303.0303,4.82,star K2III,"HIP 31827 ;HD  47667 ;HR  2450 ;",0
103.38711,-20.224254,373.1343,4.82,star B1Ib,"HIP 33092 ;HD  50707 ;HR  2571 ;BF  15    CMa ;",0
113.449845,-14.523892,471.6981,4.82,star A4Ia,"HIP 36773 ;HD  60414 ;HR  2902 ;",0
155.58162,-41.64996,62.5,4.82,star K1IIIvar,"HIP 50799 ;HD  89998 ;HR  4080 ;",0
157.656915,55.980536,12.7796,4.82,star F8V,"HIP 51459 ;HD  90839 ;HR  4112 ;GL  Gl 395 ;BF  36    UMa ;",0
186.63237,-51.450635,137.3626,4.82,star B3Vn,"HIP 60710 ;HD  108257 ;HR  4732 ;",0
204.365175,36.294898,60.9013,4.82,star A7III,"HIP 66458 ;HD  118623 ;HR  5127 ;BF  25    CVn ;",0
212.599725,25.091677,37.4251,4.82,star F9IVw,"HIP 69226 ;HD  123999 ;HR  5304 ;GL  Wo 9470 ;BF  12    Boo ;",0
240.57372,22.804454,54.8847,4.82,star A3V,"HIP 78554 ;HD  143894 ;HR  5972 ;BF  44Pi  Ser ;",0
245.518125,1.029039,27.2702,4.82,star F0V,"HIP 80179 ;HD  147449 ;HR  6093 ;GL  NN 3952 ;BF  50Sig Ser ;",0
252.309225,45.983323,55.2486,4.82,star A2p...,"HIP 82321 ;HD  152107 ;HR  6254 ;BF  52    Her ;",0
255.265005,-4.222644,124.2236,4.82,star K4III,"HIP 83262 ;HD  153687 ;HR  6318 ;BF  30    Oph ;",0
276.496035,65.56348,96.5251,4.82,star K2III,"HIP 90344 ;HD  170693 ;HR  6945 ;BF  42    Dra ;",0
283.59915,71.297192,105.4852,4.82,star K0III,"HIP 92782 ;HD  176524 ;HR  7180 ;BF  52Ups Dra ;",0
316.101255,-19.854991,49.505,4.82,star A5V,"HIP 104019 ;HD  200499 ;HR  8060 ;GL  Gl 816.2A ;BF  22Eta Cap ;",0
335.37948,12.205186,497.5124,4.82,star B2IV-V,"HIP 110386 ;HD  212076 ;HR  8520 ;BF  31    Peg ;",0
337.66173,-10.67795,88.8099,4.82,star A0IVs,"HIP 111123 ;HD  213320 ;HR  8573 ;BF  57Sig Aqr ;",0
349.43598,49.0153,172.7116,4.82,star M2III,"HIP 115022 ;HD  219734 ;HR  8860 ;BF  8    And ;",0
355.440855,-17.816533,257.0694,4.82,star G2Ib/II,"HIP 116901 ;HD  222574 ;HR  8982 ;BF  104    Aqr ;",0
13.750725,58.972698,100.7049,4.83,star K2III,"HIP 4292 ;HD  5234 ;HR  253 ;BF  26Ups1Cas ;",0
21.913725,45.406687,28.6205,4.83,star F5IV,"HIP 6813 ;HD  8799 ;HR  417 ;BF  48Ome And ;",0
39.89097,-11.872156,21.4823,4.83,star F5V,"HIP 12390 ;HD  16620 ;HR  781 ;GL  Gl 105.4A ;BF  83Eps Cet ;",0
41.38572,-67.616617,87.184,4.83,star A2IV/V,"HIP 12876 ;HD  17566 ;HR  837 ;BF  Zet Hyi ;",0
107.212785,-39.655657,223.2143,4.83,star B3IV/V,"HIP 34495 ;HD  54893 ;HR  2702 ;",0
109.15347,-23.315594,434.7826,4.83,star K4III,"HIP 35210 ;HD  56577 ;HR  2764 ;",0
125.345955,-33.054366,308.642,4.83,star K2/K3III,"HIP 40945 ;HD  70555 ;HR  3282 ;",0
130.60581,-53.113984,148.5884,4.83,star B3IV,"HIP 42726 ;HD  74560 ;HR  3467 ;",0
195.88884,-49.527264,67.6133,4.83,star A0V,"HIP 63724 ;HD  113314 ;HR  4933 ;BF  Xi 1Cen ;",0
225.94761,47.65406,12.5078,4.83,star G2V + G2V,"HIP 73695 ;HD  133640 ;HR  5618 ;GL  Gl 575A ;BF  44    Boo ;",0
228.20664,-44.500414,154.5595,4.83,star B3IV,"HIP 74449 ;HD  134687 ;HR  5651 ;",0
247.160595,41.881677,108.5776,4.83,star M6III:var,"HIP 80704 ;HD  148783 ;HR  6146 ;BF  30    Her ;",0
256.20564,-34.12293,100000,4.83,star B2Iab,"HIP 83574 ;HD  154090 ;HR  6334 ;",0
281.518665,26.66213,78.125,4.83,star K3III,"HIP 92088 ;HD  173780 ;HR  7064 ;",0
284.265285,-5.846314,62.0347,4.83,star K1III,"HIP 93026 ;HD  175751 ;HR  7149 ;BF  Eta Sct ;",0
284.680815,-37.107357,30.1841,4.83,star F3IV/V,"HIP 93174 ;HD  175813 ;HR  7152 ;BF  Eps CrA ;",0
22.546305,6.14382,93.1966,4.84,star K4III,"HIP 7007 ;HD  9138 ;HR  434 ;BF  98Mu  Psc ;",0
33.305535,44.231652,162.6016,4.84,star K4III,"HIP 10340 ;HD  13520 ;HR  643 ;BF  60    And ;",0
34.262865,34.224231,10.784,4.84,star G0V,"HIP 10644 ;HD  13974 ;HR  660 ;GL  Gl 92 ;BF  8Del Tri ;",0
49.840395,3.370198,9.1399,4.84,star G5Vvar,"HIP 15457 ;HD  20630 ;HR  996 ;GL  Gl 137 ;BF  96Kap1Cet ;",0
63.484935,9.263824,101.7294,4.84,star G5III,"HIP 19740 ;HD  26722 ;HR  1311 ;BF  47    Tau ;",0
85.323825,16.534148,194.9318,4.84,star B3IV...,"HIP 26777 ;HD  37711 ;HR  1946 ;BF  126    Tau ;",0
114.863925,-38.308021,170.3578,4.84,star B3V,"HIP 37297 ;HD  61831 ;HR  2961 ;",0
128.832,-58.009228,68.0735,4.84,star K0III,"HIP 42134 ;HD  73389 ;HR  3414 ;",0
165.140205,3.617494,110.4972,4.84,star K1III,"HIP 53807 ;HD  95345 ;HR  4291 ;BF  58    Leo ;",0
176.320995,8.258119,37.4111,4.84,star A4V,"HIP 57328 ;HD  102124 ;HR  4515 ;BF  2Xi  Vir ;",0
214.938495,16.306948,57.3394,4.84,star K3III,"HIP 70027 ;HD  125560 ;HR  5370 ;BF  20    Boo ;",0
248.151225,11.488041,107.6426,4.84,star K4III,"HIP 81008 ;HD  149161 ;HR  6159 ;BF  29    Her ;",0
250.22967,64.589046,225.7336,4.84,star K1p,"HIP 81660 ;HD  151101 ;HR  6223 ;BF  18    Dra ;",0
251.32419,56.781857,26.1097,4.84,star F2V,"HIP 82020 ;HD  151613 ;HR  6237 ;GL  Wo 9578 ;",0
299.738325,-26.195767,96.0615,4.84,star G8II/III,"HIP 98353 ;HD  189005 ;HR  7618 ;BF  60    Sgr ;",0
340.874895,-41.414347,70.6215,4.84,star K0III,"HIP 112203 ;HD  215104 ;HR  8644 ;BF  Rho Gru ;",0
341.407785,-53.500121,127.2265,4.84,star K2IIICNIV,"HIP 112374 ;HD  215369 ;HR  8655 ;BF  Eta Gru ;",0
346.65339,59.41976,346.0208,4.84,star B0.5IV,"HIP 114104 ;HD  218376 ;HR  8797 ;BF  1    Cas ;",0
241.09161,-11.374611,24.3309,4.84,star F6 IV-V,"HD  144070 ;HR  5978 ;GL  Wo 9540A ;BF  Xi  Sco ;",0
47.984355,74.393659,50.7099,4.85,star A2Vnn,"HIP 14862 ;HD  19275 ;HR  932 ;",0
49.68261,34.222653,361.0108,4.85,star K2II,"HIP 15416 ;HD  20468 ;HR  991 ;",0
112.464225,-23.024287,952.381,4.85,star A6Ib/II,"HIP 36431 ;HD  59612 ;HR  2874 ;",0
152.234355,-51.811261,408.1633,4.85,star B3IV,"HIP 49712 ;HD  88206 ;HR  3990 ;",0
198.013515,-37.803022,20.6697,4.85,star G3V,"HIP 64408 ;HD  114613 ;HR  4979 ;GL  Gl 501.2 ;",0
229.41204,-63.610465,125,4.85,star K2.5III,"HIP 74837 ;HD  135291 ;HR  5666 ;BF  Eps Cir ;",0
269.197605,-44.342246,88.8889,4.85,star K2III,"HIP 87846 ;HD  163145 ;HR  6675 ;",0
275.216925,3.377165,79.8722,4.85,star G8III,"HIP 89918 ;HD  168656 ;HR  6866 ;BF  74    Oph ;",0
284.61567,-52.938629,187.6173,4.85,star A0V,"HIP 93148 ;HD  175510 ;HR  7134 ;BF  Lam Tel ;",0
6.98208,-33.007167,138.5042,4.86,star M2/M3III,"HIP 2210 ;HD  2429 ;HR  105 ;BF  Eta Scl ;",0
49.5921,-22.511118,78.3085,4.86,star K0III,"HIP 15382 ;HD  20610 ;HR  994 ;BF  15    Eri ;",0
101.558925,59.44167,65.8328,4.86,star A3V,"HIP 32438 ;HD  48250 ;HR  2470 ;BF  12    Lyn ;",0
129.926985,-29.561084,74.9064,4.86,star G5III,"HIP 42483 ;HD  73898 ;HR  3433 ;BF  Zet Pyx ;",0
158.77317,75.712948,75.815,4.86,star K0III,"HIP 51808 ;HD  91190 ;HR  4126 ;",0
199.30428,-66.783438,366.3004,4.86,star K2Ib/II,"HIP 64820 ;HD  115211 ;HR  5002 ;",0
215.84457,8.446617,65.9196,4.86,star A0V,"HIP 70327 ;HD  126128 ;HR  5385 ;",0
220.411455,8.161764,164.7446,4.86,star G8IIIvar,"HIP 71832 ;HD  129312 ;HR  5480 ;BF  31    Boo ;",0
245.524305,30.891996,56.243,4.86,star K0III,"HIP 80181 ;HD  147677 ;HR  6103 ;BF  19Xi  CrB ;",0
248.520915,-44.045315,100000,4.86,star B0Ia,"HIP 81122 ;HD  149038 ;HR  6155 ;BF  Mu  Nor ;",0
249.68691,48.928342,127.0648,4.86,star M2.5III,"HIP 81497 ;HD  150450 ;HR  6200 ;BF  42    Her ;",0
263.066505,55.172958,30.4878,4.86,star Am,"HIP 85829 ;HD  159560 ;HR  6555 ;BF  25Nu 2Dra ;",0
265.857495,-21.683194,17.6523,4.86,star F6/F7V,"HIP 86736 ;HD  160915 ;HR  6595 ;GL  Gl 692 ;BF  58    Oph ;",0
281.080665,-35.641987,143.0615,4.86,star B2V,"HIP 91918 ;HD  172910 ;HR  7029 ;",0
283.542405,-22.744834,344.8276,4.86,star K1II,"HIP 92761 ;HD  174974 ;HR  7116 ;BF  32Nu 1Sgr ;",0
288.885105,-25.256682,91.4913,4.86,star K0/K1III+..,"HIP 94643 ;HD  179950 ;HR  7292 ;BF  42Psi Sgr ;",0
309.396975,-61.529918,58.1395,4.86,star Fm delta Del,"HIP 101773 ;HD  195961 ;HR  7859 ;BF  Rho Pav ;",0
331.419795,5.05853,83.2639,4.86,star K4III,"HIP 109068 ;HD  209747 ;HR  8413 ;BF  22Nu  Peg ;",0
20.585055,45.528778,65.7462,4.87,star K0III-IV,"HIP 6411 ;HD  8207 ;HR  390 ;BF  46Xi  And ;",0
38.968635,5.593246,104.2753,4.87,star G8III,"HIP 12093 ;HD  16161 ;HR  754 ;BF  78Nu  Cet ;",0
48.7254,21.044441,80.3859,4.87,star A1V,"HIP 15110 ;HD  20150 ;HR  972 ;BF  58Zet Ari ;",0
63.59871,-10.256283,74.2942,4.87,star K3III,"HIP 19777 ;HD  26846 ;HR  1318 ;BF  39    Eri ;",0
108.305655,-45.182739,56.5291,4.87,star Ap,"HIP 34899 ;HD  56022 ;HR  2746 ;",0
130.430565,-15.943384,64.9351,4.87,star K0IIICN...,"HIP 42662 ;HD  74137 ;HR  3441 ;BF  9    Hya ;",0
133.88151,-27.681871,75.815,4.87,star A3IV,"HIP 43825 ;HD  76483 ;HR  3556 ;BF  Del Pyx ;",0
148.551375,-25.932345,104.8218,4.87,star K2III,"HIP 48559 ;HD  85859 ;HR  3919 ;",0
159.307215,-27.412634,149.4768,4.87,star M1III,"HIP 51979 ;HD  92036 ;HR  4162 ;",0
161.71347,-64.383474,147.2754,4.87,star B3IV,"HIP 52736 ;HD  93607 ;HR  4222 ;",0
296.590605,-19.761113,63.6537,4.87,star K0III,"HIP 97290 ;HD  186648 ;HR  7515 ;BF  56    Sgr ;",0
323.69394,38.534054,70.9723,4.87,star K1III,"HIP 106551 ;HD  205512 ;HR  8255 ;BF  72    Cyg ;",0
36.487515,-12.29048,139.8601,4.88,star A0V,"HIP 11345 ;HD  15130 ;HR  708 ;BF  72Rho Cet ;",0
81.908685,21.936965,191.5709,4.88,star B2.5IV,"HIP 25539 ;HD  35708 ;HR  1810 ;BF  114    Tau ;",0
87.254025,24.567535,111.4827,4.88,star G8IIIvar,"HIP 27468 ;HD  38751 ;HR  2002 ;BF  132    Tau ;",0
88.278675,-33.801361,102.5641,4.88,star B5V,"HIP 27810 ;HD  39764 ;HR  2056 ;BF  Lam Col ;",0
109.66824,-24.558701,584.7953,4.88,star O7f,"HIP 35412 ;HD  57060 ;HR  2781 ;BF  29    CMa ;",0
179.90694,-78.221839,110.8647,4.88,star B9Vn,"HIP 58484 ;HD  104174 ;HR  4583 ;BF  Eps Cha ;",0
190.471065,10.235625,36.2713,4.88,star A0V,"HIP 61960 ;HD  110411 ;HR  4828 ;BF  30Rho Vir ;",0
195.06864,30.785021,202.4291,4.88,star K1IIIp,"HIP 63462 ;HD  112989 ;HR  4924 ;BF  37    Com ;",0
254.00625,65.134796,15.2579,4.88,star F6Vvar,"HIP 82860 ;HD  153597 ;HR  6315 ;GL  Gl 648 ;BF  19    Dra ;",0
269.449185,-41.716295,138.5042,4.88,star M0III,"HIP 87936 ;HD  163376 ;HR  6682 ;",0
280.88022,-8.275215,165.0165,4.88,star G8II,"HIP 91845 ;HD  173009 ;HR  7032 ;BF  Eps Sct ;",0
289.408665,-18.952908,147.7105,4.88,star K0III,"HIP 94820 ;HD  180540 ;HR  7304 ;BF  43    Sgr ;",0
293.80413,-48.099202,113.6364,4.88,star G9III,"HIP 96341 ;HD  184127 ;HR  7424 ;BF  Iot Tel ;",0
356.76426,58.651989,53.3333,4.88,star K1III,"HIP 117301 ;HD  223165 ;HR  9008 ;BF  5Tau Cas ;",0
359.668245,-3.555983,71.8907,4.88,star G9III,"HIP 118209 ;HD  224533 ;HR  9067 ;BF  27    Psc ;",0
359.75223,55.754928,100000,4.88,star B1V...,"HIP 118243 ;HD  224572 ;HR  9071 ;BF  8Sig Cas ;",0
2.816085,-15.467977,18.7477,4.89,star F5V,"HIP 910 ;HD  693 ;HR  33 ;GL  Gl 10 ;BF  6    Cet ;",0
72.47769,37.488275,154.321,4.89,star K4II,"HIP 22453 ;HD  30504 ;HR  1533 ;",0
81.18678,1.846445,318.4713,4.89,star B1V:pe,"HIP 25302 ;HD  35439 ;HR  1789 ;BF  25Psi1Ori ;",0
87.38721,12.651324,76.2777,4.89,star B9IV,"HIP 27511 ;HD  38899 ;HR  2010 ;BF  134    Tau ;",0
114.7914,34.584346,50.9944,4.89,star F3III,"HIP 37265 ;HD  61110 ;HR  2930 ;BF  71Omi Gem ;",0
116.53104,18.510043,104.0583,4.89,star K5III,"HIP 37908 ;HD  62721 ;HR  3003 ;BF  81    Gem ;",0
157.841625,-53.715484,21.8103,4.89,star F6V,"HIP 51523 ;HD  91324 ;HR  4134 ;GL  Gl 397.2 ;",0
159.388635,-13.384543,208.3333,4.89,star C,"HIP 52009 ;HD  92055 ;HR  4163 ;",0
176.63064,-40.500354,9.2208,4.89,star G3/G5V,"HIP 57443 ;HD  102365 ;HR  4523 ;GL  Gl 442A ;",0
177.963555,-65.20591,111.1111,4.89,star B4V,"HIP 57851 ;HD  103079 ;HR  4549 ;",0
193.323945,21.244943,86.8056,4.89,star G8III,"HIP 62886 ;HD  112033 ;HR  4894 ;BF  35    Com ;",0
214.558155,-81.00776,42.337,4.89,star A2m...,"HIP 69896 ;HD  123998 ;HR  5303 ;BF  Eta Aps ;",0
256.34454,12.740828,40.8664,4.89,star A4IV,"HIP 83613 ;HD  154494 ;HR  6355 ;BF  60    Her ;",0
263.043765,55.184243,30.248,4.89,star Am...,"HIP 85819 ;HD  159541 ;HR  6554 ;BF  24Nu 1Dra ;",0
296.069145,37.354355,88.6525,4.89,star G8III,"HIP 97118 ;HD  186675 ;HR  7517 ;BF  15    Cyg ;",0
312.492,-33.779722,116.0093,4.89,star G8III,"HIP 102831 ;HD  198232 ;HR  7965 ;BF  Alp Mic ;",0
339.815325,39.050269,529.1005,4.89,star O9V,"HIP 111841 ;HD  214680 ;HR  8622 ;BF  10    Lac ;",0
352.50804,58.54892,190.4762,4.89,star B3IV,"HIP 115990 ;HD  221253 ;HR  8926 ;",0
12.20838,50.968168,126.2626,4.9,star B9III,"HIP 3801 ;HD  4636 ;HR  223 ;BF  25Nu  Cas ;",0
21.405135,-14.598796,88.1834,4.9,star K2III,"HIP 6670 ;HD  8705 ;HR  412 ;BF  46    Cet ;",0
85.619295,1.474629,90.009,4.9,star K1III,"HIP 26885 ;HD  37984 ;HR  1963 ;BF  51    Ori ;",0
104.404635,45.094094,73.8552,4.9,star A2Vn,"HIP 33485 ;HD  50973 ;HR  2585 ;BF  16    Lyn ;",0
192.671535,-33.999302,122.6994,4.9,star B9V,"HIP 62683 ;HD  111597 ;HR  4874 ;",0
198.56367,-59.103235,18.1984,4.9,star F7IV,"HIP 64583 ;HD  114837 ;HR  4989 ;GL  Gl 503A ;",0
240.8508,-38.602541,122.549,4.9,star B6III/IV,"HIP 78655 ;HD  143699 ;HR  5967 ;",0
241.36065,-19.80186,122.1001,4.9,star B2V,"HIP 78821 ;HD  144218 ;HR  5985 ;BF  8Bet2Sco ;",0
247.11633,-70.084401,12.1168,4.9,star F9V,"HIP 80686 ;HD  147584 ;HR  6098 ;GL  Gl 624 ;BF  Zet TrA ;",0
297.767115,22.610046,193.0502,4.9,star B2.5V,"HIP 97679 ;HD  187811 ;HR  7565 ;BF  12    Vul ;",0
312.370635,-46.226826,126.5823,4.9,star K5III,"HIP 102790 ;HD  198048 ;HR  7952 ;BF  Zet Ind ;",0
40.56216,40.193944,24.1896,4.91,star F9V,"HIP 12623 ;HD  16739 ;HR  788 ;GL  Gl 105.6 ;BF  12    Per ;",0
67.96944,-0.044011,201.2072,4.91,star K3II-III,"HIP 21139 ;HD  28749 ;HR  1437 ;BF  45    Eri ;",0
75.35658,-20.051918,60.6796,4.91,star B9V,"HIP 23362 ;HD  32309 ;HR  1621 ;",0
76.86246,18.645052,15.4345,4.91,star G4V,"HIP 23835 ;HD  32923 ;HR  1656 ;GL  Gl 188A ;BF  104    Tau ;",0
94.99833,-2.944493,142.4501,4.91,star M1III,"HIP 30093 ;HD  44131 ;HR  2275 ;",0
107.557005,-4.237106,62.1891,4.91,star K0III,"HIP 34622 ;HD  54810 ;HR  2701 ;BF  20    Mon ;",0
107.913825,39.320549,148.8095,4.91,star K4II-III,"HIP 34752 ;HD  54716 ;HR  2696 ;BF  63    Aur ;",0
159.645645,-16.876572,64.5578,4.91,star G8III,"HIP 52085 ;HD  92214 ;HR  4171 ;BF  Phi3Hya ;",0
190.485765,-59.685819,293.2551,4.91,star B6IV,"HIP 61966 ;HD  110335 ;HR  4823 ;",0
203.699145,37.182415,45.6621,4.91,star F2IV SB,"HIP 66257 ;HD  118216 ;HR  5110 ;",0
225.24312,-8.518943,90.009,4.91,star B9.5V,"HIP 73473 ;HD  132742 ;HR  5586 ;BF  19Del Lib ;",0
228.6555,-31.519121,598.8024,4.91,star F3III,"HIP 74604 ;HD  135153 ;HR  5660 ;BF  1    Lup ;",0
250.39326,-17.742167,126.4223,4.91,star G8II/III,"HIP 81724 ;HD  150416 ;HR  6196 ;GL  Wo 9574 ;",0
256.333935,54.470042,27.4348,4.91,star F5,"HIP 83608 ;HD  154905 ;HR  6369 ;GL  Wo 9584B ;BF  21Mu  Dra ;",0
298.907505,52.438948,86.2813,4.91,star A4Vn,"HIP 98055 ;HD  189037 ;HR  7619 ;BF  24Psi Cyg ;",0
307.412505,-2.885531,61.2745,4.91,star K2III,"HIP 101101 ;HD  195135 ;HR  7831 ;BF  69    Aql ;",0
309.1818,-2.549957,398.4064,4.91,star K5II,"HIP 101692 ;HD  196321 ;HR  7873 ;BF  70    Aql ;",0
338.25015,-61.982122,88.968,4.91,star M4III,"HIP 111310 ;HD  213442 ;HR  8582 ;BF  Nu  Tuc ;",0
343.80696,8.816166,95.6938,4.91,star A1V,"HIP 113186 ;HD  216735 ;HR  8717 ;BF  50Rho Peg ;",0
29.167485,-22.526785,108.2251,4.92,star K3III,"HIP 9061 ;HD  11930 ;HR  565 ;BF  56    Cet ;",0
90.460095,-10.59793,240.3846,4.92,star B5III,"HIP 28574 ;HD  40967 ;HR  2128 ;BF  3    Mon ;",0
91.246365,-16.484435,278.5515,4.92,star Ap shell,"HIP 28816 ;HD  41511 ;HR  2148 ;BF  17    Lep ;",0
96.224595,49.287893,100000,4.92,star K5Iabvar,"HIP 30520 ;HD  44537 ;HR  2289 ;BF  46Psi1Aur ;",0
105.97344,-49.58392,60.5694,4.92,star A4IV,"HIP 34059 ;HD  53811 ;HR  2672 ;",0
112.768665,82.411466,153.1394,4.92,star M4IIIa,"HIP 36547 ;HD  55966 ;HR  2742 ;",0
138.903,-38.569942,68.8705,4.92,star K1III,"HIP 45439 ;HD  79917 ;HR  3682 ;",0
166.333005,-27.293612,43.2339,4.92,star F3IV/V,"HIP 54204 ;HD  96202 ;HR  4314 ;GL  NN 3642A ;BF  Chi1Hya ;",0
186.60027,27.268237,84.6024,4.92,star F0p,"HIP 60697 ;HD  108283 ;HR  4733 ;BF  14    Com ;",0
203.53305,3.658967,56.6572,4.92,star A1p SrCrEu,"HIP 66200 ;HD  118022 ;HR  5105 ;BF  78    Vir ;",0
207.42846,21.264105,123.0012,4.92,star K4III,"HIP 67480 ;HD  120539 ;HR  5201 ;BF  6    Boo ;",0
221.24667,-35.191826,65.703,4.92,star A0V,"HIP 72104 ;HD  129685 ;HR  5489 ;",0
231.049545,-10.322266,31.2305,4.92,star F5IV,"HIP 75379 ;HD  137052 ;HR  5723 ;BF  31Eps Lib ;",0
271.70787,-43.425216,41.841,4.92,star A5V,"HIP 88726 ;HD  165189 ;HR  6749 ;",0
275.074635,21.961297,120.1923,4.92,star M1III,"HIP 89861 ;HD  168720 ;HR  6868 ;BF  106    Her ;",0
277.939305,-45.914814,216.9197,4.92,star B6IV,"HIP 90830 ;HD  170465 ;HR  6934 ;BF  Del1Tel ;",0
283.30644,50.708221,139.8601,4.92,star G8III,"HIP 92689 ;HD  175535 ;HR  7137 ;",0
311.218785,25.270617,99.6016,4.92,star K2III,"HIP 102388 ;HD  197752 ;HR  7939 ;BF  30    Vul ;",0
62.71062,-41.993573,54.8246,4.93,star A9V,"HIP 19515 ;HD  26612 ;HR  1302 ;BF  Del Hor ;",0
64.31526,20.578591,28.9436,4.93,star A3m,"HIP 19990 ;HD  27045 ;HR  1329 ;BF  50Ome2Tau ;",0
65.10267,34.566725,66.9344,4.93,star G8III,"HIP 20252 ;HD  27348 ;HR  1343 ;BF  54    Per ;",0
74.81418,37.890245,52.2739,4.93,star A1V,"HIP 23179 ;HD  31647 ;HR  1592 ;BF  4Ome Aur ;",0
113.915475,-52.533836,120.3369,4.93,star K3III,"HIP 36942 ;HD  61248 ;HR  2934 ;",0
115.75182,58.71036,81.8331,4.93,star A3IVn,"HIP 37609 ;HD  61497 ;HR  2946 ;BF  24    Lyn ;",0
119.93397,-3.679583,84.246,4.93,star K2III,"HIP 39079 ;HD  65695 ;HR  3122 ;BF  27    Mon ;",0
134.24343,-59.229338,206.6116,4.93,star B2IV-V,"HIP 43937 ;HD  77002 ;HR  3582 ;",0
145.560165,-23.915569,15.0128,4.93,star G0V,"HIP 47592 ;HD  84117 ;HR  3862 ;GL  Gl 364 ;",0
173.06835,-29.261022,26.295,4.93,star F8V,"HIP 56280 ;HD  100286 ;HR  4443 ;",0
175.22352,-62.090101,272.4796,4.93,star G3Ib,"HIP 56986 ;HD  101570 ;HR  4499 ;",0
184.08558,23.945409,76.4526,4.93,star K0III,"HIP 59847 ;HD  106714 ;HR  4667 ;BF  7    Com ;",0
192.924675,27.540712,89.1266,4.93,star G0III,"HIP 62763 ;HD  111812 ;HR  4883 ;BF  31    Com ;",0
195.181875,56.366338,25.4453,4.93,star F2V,"HIP 63503 ;HD  113139 ;HR  4931 ;BF  78    UMa ;",0
212.71035,-16.30203,141.2429,4.93,star M1III,"HIP 69269 ;HD  123934 ;HR  5301 ;",0
222.75447,-2.29915,67.0241,4.93,star G8...,"HIP 72631 ;HD  130952 ;HR  5535 ;BF  11    Lib ;",0
226.82523,24.869195,19.5542,4.93,star F5V,"HIP 73996 ;HD  134083 ;HR  5634 ;GL  Gl 578 ;BF  45    Boo ;",0
242.999955,-10.064253,47.7099,4.93,star A3IV,"HIP 79375 ;HD  145570 ;HR  6031 ;BF  15Psi Sco ;",0
294.222705,-7.027477,515.4639,4.93,star B0.5III,"HIP 96483 ;HD  184915 ;HR  7446 ;BF  39Kap Aql ;",0
301.8465,-52.880793,331.1258,4.93,star M1II,"HIP 99120 ;HD  190421 ;HR  7673 ;BF  Xi  Tel ;",0
302.35674,36.839621,317.4603,4.93,star B2.5V,"HIP 99303 ;HD  191610 ;HR  7708 ;BF  28    Cyg ;",0
303.633435,36.806302,42.6985,4.93,star A2V,"HIP 99770 ;HD  192640 ;HR  7736 ;BF  29    Cyg ;",0
311.794785,34.374123,136.4256,4.93,star K3IIIvar,"HIP 102571 ;HD  198134 ;HR  7956 ;",0
349.212255,-7.726504,187.9699,4.93,star M3III,"HIP 114939 ;HD  219576 ;HR  8850 ;BF  92Chi Aqr ;",0
355.997835,29.361454,68.7758,4.93,star K0III,"HIP 117073 ;HD  222842 ;HR  8997 ;BF  78    Peg ;",0
33.092865,30.303067,89.1266,4.94,star F5V comp SB,"HIP 10280 ;HD  13480 ;HR  642 ;BF  6    Tri ;",0
44.76534,35.183128,112.8668,4.94,star K2III,"HIP 13905 ;HD  18449 ;HR  882 ;BF  24    Per ;",0
104.066625,-48.721144,263.8522,4.94,star M1III,"HIP 33357 ;HD  51799 ;HR  2608 ;",0
110.556375,-19.0166,147.4926,4.94,star B5II/III,"HIP 35727 ;HD  57821 ;HR  2812 ;",0
120.87951,27.794332,78.5546,4.94,star K2III,"HIP 39424 ;HD  66216 ;HR  3149 ;BF  Chi Gem ;",0
132.4485,-45.307875,340.1361,4.94,star A2III,"HIP 43347 ;HD  75710 ;HR  3520 ;",0
148.717545,-19.00936,188.3239,4.94,star K5III,"HIP 48615 ;HD  85951 ;HR  3923 ;",0
156.03273,65.566423,104.0583,4.94,star A0sp...,"HIP 50933 ;HD  89822 ;HR  4072 ;GL  Wo 9327 ;",0
157.75863,-73.22149,316.4557,4.94,star K4/K5III,"HIP 51495 ;HD  91496 ;HR  4142 ;",0
197.263635,-23.11807,70.9723,4.94,star K0III,"HIP 64166 ;HD  114149 ;HR  4958 ;BF  45Psi Hya ;",0
198.428955,40.152885,140.8451,4.94,star K0III,"HIP 64540 ;HD  115004 ;HR  4997 ;",0
246.996,68.768137,149.2537,4.94,star A0III,"HIP 80650 ;HD  149212 ;HR  6161 ;BF  15    Dra ;",0
285.003435,32.145514,338.9831,4.94,star K3III,"HIP 93279 ;HD  176670 ;HR  7192 ;BF  15Lam Lyr ;",0
303.569235,15.197609,45.977,4.94,star A2V,"HIP 99742 ;HD  192425 ;HR  7724 ;BF  67Rho Aql ;",0
307.514745,48.951569,278.5515,4.94,star B2.5IV,"HIP 101138 ;HD  195556 ;HR  7844 ;BF  45Ome1Cyg ;",0
332.536395,-32.548407,18.2782,4.94,star F6V,"HIP 109422 ;HD  210302 ;HR  8447 ;GL  Gl 849.1 ;BF  15Tau PsA ;",0
10.86699,47.024546,53.6769,4.95,star A5V,"HIP 3414 ;HD  4058 ;HR  184 ;BF  20Pi  Cas ;",0
20.020485,58.231611,100000,4.95,star F0Ia,"HIP 6242 ;HD  7927 ;HR  382 ;BF  34Phi Cas ;",0
59.356005,63.072264,110.6195,4.95,star B9.5V,"HIP 18505 ;HD  24479 ;HR  1204 ;",0
85.21131,-1.128787,275.4821,4.95,star B2IV-V,"HIP 26736 ;HD  37756 ;HR  1952 ;",0
93.013665,16.130406,162.0746,4.95,star B5Vn,"HIP 29434 ;HD  42545 ;HR  2198 ;BF  69    Ori ;",0
171.98433,2.856265,172.4138,4.95,star G8II-III,"HIP 55945 ;HD  99648 ;HR  4418 ;BF  84Tau Leo ;",0
188.68353,70.02177,184.5018,4.95,star K2III,"HIP 61384 ;HD  109551 ;HR  4795 ;BF  6    Dra ;",0
239.547375,-14.279358,143.472,4.95,star B8Ia/Iab,"HIP 78207 ;HD  142983 ;HR  5941 ;BF  48    Lib ;",0
243.36972,-54.630467,131.2336,4.95,star G4III,"HIP 79509 ;HD  145397 ;HR  6024 ;BF  Kap Nor ;",0
244.376865,75.75533,29.7354,4.95,star F5V,"HIP 79822 ;HD  148048 ;HR  6116 ;GL  NN 3950A ;BF  21Eta UMi ;",0
298.965675,38.486705,442.4779,4.95,star B5IV,"HIP 98068 ;HD  188892 ;HR  7613 ;BF  22    Cyg ;",0
300.436395,-59.375893,145.7726,4.95,star M6III,"HIP 98608 ;HD  189124 ;HR  7625 ;",0
343.008375,43.312417,99.7009,4.95,star M0III,"HIP 112917 ;HD  216397 ;HR  8699 ;BF  15    Lac ;",0
351.73314,1.255608,47.0588,4.95,star A0p,"HIP 115738 ;HD  220825 ;HR  8911 ;BF  8Kap Psc ;",0
356.597985,3.486811,275.4821,4.95,star C5II,"HIP 117245 ;HD  223075 ;HR  9004 ;BF  19    Psc ;",0
25.145055,40.577049,218.3406,4.96,star B8III,"HIP 7818 ;HD  10205 ;HR  477 ;BF  53Tau And ;",0
25.445745,42.613369,12.7389,4.96,star G2V,"HIP 7918 ;HD  10307 ;HR  483 ;GL  Gl 67 ;",0
38.461275,-28.232343,148.368,4.96,star B9V,"HIP 11918 ;HD  16046 ;HR  749 ;BF  Ome For ;",0
50.360715,43.329651,46.1681,4.96,star A3V,"HIP 15648 ;HD  20677 ;HR  1002 ;BF  32    Per ;",0
67.10988,16.359672,57.241,4.96,star K2IIIvar,"HIP 20877 ;HD  28292 ;HR  1407 ;BF  75    Tau ;",0
79.81917,22.096494,75.815,4.96,star G8III,"HIP 24822 ;HD  34559 ;HR  1739 ;BF  109    Tau ;",0
88.711605,55.706947,73.046,4.96,star A2V,"HIP 27949 ;HD  39283 ;HR  2029 ;BF  30Xi  Aur ;",0
207.467865,-18.134168,74.9064,4.96,star K0III,"HIP 67494 ;HD  120452 ;HR  5196 ;BF  89    Vir ;",0
239.44794,54.749762,33.5796,4.96,star F0IV,"HIP 78180 ;HD  143466 ;HR  5960 ;",0
240.83595,-25.86524,63.6537,4.96,star K3III,"HIP 78650 ;HD  143787 ;HR  5969 ;",0
271.50792,22.218879,226.2443,4.96,star M3IIIa+...,"HIP 88657 ;HD  165625 ;HR  6765 ;BF  98    Her ;",0
272.93055,-23.701235,78.4929,4.96,star K0III,"HIP 89153 ;HD  166464 ;HR  6801 ;BF  11    Sgr ;",0
272.975655,31.40535,166.9449,4.96,star M3III,"HIP 89172 ;HD  167006 ;HR  6815 ;BF  104    Her ;",0
351.209385,62.282806,240.9639,4.96,star M1III,"HIP 115590 ;HD  220652 ;HR  8904 ;BF  4    Cas ;",0
18.795645,-45.531664,15.1149,4.97,star F8V,"HIP 5862 ;HD  7570 ;HR  370 ;GL  Gl 55 ;BF  Nu  Phe ;",0
29.000055,68.685242,215.0538,4.97,star B8III,"HIP 9009 ;HD  11529 ;HR  548 ;BF  46Ome Cas ;",0
55.594365,33.965026,323.6246,4.97,star B0.5V,"HIP 17313 ;HD  22951 ;HR  1123 ;BF  40    Per ;",0
60.325455,-61.078822,97.8474,4.97,star K4III,"HIP 18772 ;HD  25728 ;HR  1266 ;BF  Iot Ret ;",0
65.088405,27.350754,98.4252,4.97,star K1III,"HIP 20250 ;HD  27382 ;HR  1348 ;BF  52Phi Tau ;",0
88.874625,-37.120668,102.0408,4.97,star K1IIICN...,"HIP 28010 ;HD  40176 ;HR  2087 ;BF  Xi  Col ;",0
118.37424,26.765783,68.2128,4.97,star A3V,"HIP 38538 ;HD  64145 ;HR  3067 ;BF  83Phi Gem ;",0
155.74236,-66.901498,123.1527,4.97,star B8V,"HIP 50847 ;HD  90264 ;HR  4089 ;",0
185.087415,3.312574,94.4287,4.97,star K1III,"HIP 60172 ;HD  107328 ;HR  4695 ;BF  16    Vir ;",0
202.107555,13.778787,17.9856,4.97,star G5V,"HIP 65721 ;HD  117176 ;HR  5072 ;GL  Gl 512.1 ;BF  70    Vir ;",0
217.04346,-29.491638,120.6273,4.97,star B7/B8V,"HIP 70753 ;HD  126769 ;HR  5407 ;BF  52    Hya ;",0
235.0704,-23.818078,117.2333,4.97,star K3III,"HIP 76742 ;HD  139663 ;HR  5824 ;BF  42    Lib ;",0
244.253895,-50.068122,450.4505,4.97,star F9Ia,"HIP 79790 ;HD  146143 ;HR  6058 ;BF  Gam1Nor ;",0
255.78279,14.091947,121.0654,4.97,star M3III,"HIP 83430 ;HD  154143 ;HR  6337 ;",0
353.48826,31.325277,168.3502,4.97,star K4III,"HIP 116310 ;HD  221673 ;HR  8943 ;BF  72    Peg ;",0
354.94611,-14.222178,43.592,4.97,star A7IV,"HIP 116758 ;HD  222345 ;HR  8968 ;BF  102Ome1Aqr ;",0
356.50851,46.420276,307.6923,4.97,star G5Ib,"HIP 117221 ;HD  223047 ;HR  9003 ;BF  20Psi And ;",0
25.68129,-3.6902,364.9635,4.98,star K3II-III,"HIP 7999 ;HD  10550 ;HR  500 ;",0
32.35554,25.939892,88.4956,4.98,star F2III,"HIP 10053 ;HD  13174 ;HR  623 ;BF  14    Ari ;",0
44.699085,-64.071284,90.3342,4.98,star A5III,"HIP 13884 ;HD  18866 ;HR  909 ;BF  Bet Hor ;",0
76.669335,51.59772,26.2881,4.98,star F0V,"HIP 23783 ;HD  32537 ;HR  1637 ;GL  Gl 187.2A ;BF  9    Aur ;",0
83.81592,-5.387315,100000,4.98,star O7,"HIP 26220 ;HD  37020 ;HR  1893 ;BF  41The1Ori ;",0
83.845425,-5.41606,473.9336,4.98,star O9.5Vpe,"HIP 26235 ;HD  37041 ;HR  1897 ;BF  43The2Ori ;",0
115.09671,-15.26392,213.2196,4.98,star K3III,"HIP 37379 ;HD  61772 ;HR  2959 ;",0
130.00614,-12.475372,119.0476,4.98,star K3III,"HIP 42509 ;HD  73840 ;HR  3431 ;BF  6    Hya ;",0
165.186675,6.101449,46.3607,4.98,star A5III,"HIP 53824 ;HD  95382 ;HR  4294 ;BF  59    Leo ;",0
177.485925,-70.22579,290.6977,4.98,star G5Ib,"HIP 57696 ;HD  102839 ;HR  4538 ;",0
186.747075,26.825699,85.1789,4.98,star A4V,"HIP 60746 ;HD  108382 ;HR  4738 ;BF  16    Com ;",0
232.94577,40.899332,119.0476,4.98,star A5V,"HIP 76041 ;HD  138629 ;HR  5774 ;BF  53Nu 2Boo ;",0
240.360705,29.851061,95.6023,4.98,star A0p...,"HIP 78493 ;HD  143807 ;HR  5971 ;BF  14Iot CrB ;",0
275.977605,58.800736,56.4653,4.98,star A3V,"HIP 90156 ;HD  170073 ;HR  6923 ;BF  39    Dra ;",0
284.061015,4.202132,51.9481,4.98,star A5Vn,"HIP 92951 ;HD  175639 ;HR  7142 ;BF  63The2Ser ;",0
290.137095,-5.415766,47.2813,4.98,star G8III-IV...,"HIP 95066 ;HD  181391 ;HR  7333 ;BF  26    Aql ;",0
298.980765,58.845969,280.8989,4.98,star K5II-III,"HIP 98073 ;HD  189276 ;HR  7633 ;",0
1.125495,-10.509523,641.0256,4.99,star K3Ibvar,"HIP 355 ;HD  225212 ;HR  9103 ;BF  3    Cet ;",0
30.575385,54.487541,223.2143,4.99,star B8III,"HIP 9505 ;HD  12303 ;HR  590 ;BF  4    Per ;",0
52.012755,49.062866,160.7717,4.99,star B5V,"HIP 16147 ;HD  21278 ;HR  1034 ;",0
55.562085,-31.938361,259.7403,4.99,star B5III,"HIP 17304 ;HD  23227 ;HR  1134 ;BF  Del For ;",0
59.284545,61.108883,448.4305,4.99,star K3I-II,"HIP 18488 ;HD  24480 ;HR  1205 ;",0
69.72315,-12.123121,71.3267,4.99,star A0V,"HIP 21644 ;HD  29573 ;HR  1483 ;",0
80.70834,3.544452,476.1905,4.99,star B1V,"HIP 25142 ;HD  35149 ;HR  1770 ;BF  23    Ori ;",0
102.691455,41.78123,116.144,4.99,star K3III,"HIP 32844 ;HD  49520 ;HR  2516 ;BF  58Psi7Aur ;",0
102.71814,-34.367318,250,4.99,star K2/K3III,"HIP 32855 ;HD  50235 ;HR  2549 ;",0
105.728235,-4.239231,373.1343,4.99,star B1V,"HIP 33971 ;HD  52918 ;HR  2648 ;BF  19    Mon ;",0
111.412065,9.276097,319.4888,4.99,star G8III,"HIP 36041 ;HD  58367 ;HR  2828 ;BF  2Eps CMi ;",0
123.333195,-15.788221,266.6667,4.99,star G5Ib/II,"HIP 40259 ;HD  68752 ;HR  3229 ;BF  20    Pup ;",0
136.49319,5.092316,274.7253,4.99,star K2II-III,"HIP 44659 ;HD  77996 ;HR  3613 ;BF  18Ome Hya ;",0
137.76834,-44.867902,100000,4.99,star B5Ia,"HIP 45085 ;HD  79186 ;HR  3654 ;",0
142.98642,11.299827,66.0939,4.99,star K0IIIvar,"HIP 46771 ;HD  82395 ;HR  3782 ;BF  5Xi  Leo ;",0
170.70663,43.482703,163.3987,4.99,star G8II,"HIP 55560 ;HD  98839 ;HR  4392 ;BF  56    UMa ;",0
184.1256,33.061527,96.9932,4.99,star K1III,"HIP 59856 ;HD  106760 ;HR  4668 ;",0
205.436625,-54.559425,83.1947,4.99,star B8Vn+...,"HIP 66821 ;HD  118991 ;HR  5141 ;",0
213.06585,2.409433,79.1766,4.99,star B9p Si,"HIP 69389 ;HD  124224 ;HR  5313 ;",0
230.534625,-47.927792,35.8551,4.99,star F8V,"HIP 75206 ;HD  136351 ;HR  5698 ;GL  NN 3901 ;BF  Nu 1Lup ;",0
230.80125,30.287812,17.8635,4.99,star G2V,"HIP 75312 ;HD  137107 ;HR  5727 ;GL  Gl 584A ;BF  2Eta CrB ;",0
239.876145,-41.744436,133.6898,4.99,star G8III,"HIP 78323 ;HD  143009 ;HR  5943 ;",0
273.473175,64.397287,22.92,4.99,star F5V,"HIP 89348 ;HD  168151 ;HR  6850 ;GL  Gl 708.1 ;BF  36    Dra ;",0
291.031575,29.621338,258.3979,4.99,star B3IV,"HIP 95372 ;HD  182568 ;HR  7372 ;BF  2    Cyg ;",0
301.08162,-32.056296,89.1266,4.99,star K1III/IV,"HIP 98842 ;HD  190056 ;HR  7659 ;",0
332.108055,-34.043841,130.039,4.99,star K4III,"HIP 109289 ;HD  210066 ;HR  8433 ;BF  Ups PsA ;",0
344.108325,49.733544,490.1961,4.99,star K5Ibvar,"HIP 113288 ;HD  216946 ;HR  8726 ;",0
349.740315,-9.61075,80.1925,4.99,star A0V,"HIP 115115 ;HD  219832 ;HR  8865 ;BF  95Psi3Aqr ;",0
61.11318,59.155507,625,5,star F0II,"HIP 19018 ;HD  25291 ;HR  1242 ;",0
81.106065,17.383534,14.3864,5,star F8V SB,"HIP 25278 ;HD  35296 ;HR  1780 ;GL  Gl 202 ;BF  111    Tau ;",0
91.881795,-37.25292,221.2389,5,star B8:IV,"HIP 29034 ;HD  42167 ;HR  2177 ;BF  The Col ;",0
93.93702,-13.718414,125,5,star B9V,"HIP 29735 ;HD  43445 ;HR  2244 ;",0
104.027685,-14.04343,381.6794,5,star B9.5V,"HIP 33345 ;HD  51250 ;HR  2593 ;BF  18Mu  CMa ;",0
109.633245,49.464756,106.9519,5,star A4IIIn,"HIP 35384 ;HD  56169 ;HR  2751 ;",0
144.302775,6.835802,75.3012,5,star K1IIIvar,"HIP 47205 ;HD  83240 ;HR  3827 ;BF  10    Leo ;",0
170.802855,-36.164769,323.6246,5,star K4III,"HIP 55588 ;HD  98993 ;HR  4396 ;",0
175.87998,-62.489396,100000,5,star F9Ia,"HIP 57175 ;HD  101947 ;HR  4511 ;",0
232.854285,77.349352,262.4672,5,star K5III,"HIP 76008 ;HD  139669 ;HR  5826 ;BF  15The UMi ;",0
242.018865,17.04698,112.7396,5,star G8III,"HIP 79043 ;HD  145001 ;HR  6008 ;BF  7Kap Her ;",0
269.772,-30.253025,310.559,5,star K5/M0III,"HIP 88060 ;HD  163755 ;HR  6693 ;",0
271.86975,43.461891,125.6281,5,star G8III...,"HIP 88788 ;HD  166208 ;HR  6791 ;",0
283.779735,-22.671328,83.9631,5,star K1Ib/II,"HIP 92845 ;HD  175190 ;HR  7120 ;GL  Wo 9637 ;BF  35Nu 2Sgr ;",0
285.359865,46.934812,37.4392,5,star A7V,"HIP 93408 ;HD  177196 ;HR  7215 ;BF  16    Lyr ;",0
288.479805,57.705102,50.6586,5,star K2III,"HIP 94490 ;HD  180610 ;HR  7309 ;BF  54    Dra ;",0
293.6454,19.773403,169.4915,5,star B8IIIn,"HIP 96275 ;HD  184606 ;HR  7437 ;BF  9    Vul ;",0
296.606655,33.727598,21.2314,5,star F5,"HIP 97295 ;HD  187013 ;HR  7534 ;GL  Gl 767.1A ;BF  17    Cyg ;",0
359.395905,-64.298231,47.4383,5,star A1V,"HIP 118121 ;HD  224392 ;HR  9062 ;BF  Eta Tuc ;",0
131.1741,-54.708074,24.4499,5,star ,"GL  Gl 321.3B ;",0
241.09161,-11.374611,24.3309,5,star F6 IV-V,"HD  144069 ;HR  5977 ;GL  Wo 9540B ;BF  Xi  Sco ;",0
286.602705,-37.06474,17.8923,5,star F8 V,"HD  177475 ;HR  7227 ;GL  Gl 743.1B ;BF  Gam CrA ;",0
180,90,0,5,star,"North Pole",0
180,-90,0,5,star,"South Pole",0
2.58018,46.072272,377.3585,5.01,star F2II,"HIP 841 ;HD  571 ;HR  27 ;BF  22    And ;",0
7.012125,17.893125,162.0746,5.01,star M3IIIvar,"HIP 2219 ;HD  2411 ;HR  103 ;BF  47    Psc ;",0
24.837525,44.386165,76.746,5.01,star G8III...,"HIP 7719 ;HD  10072 ;HR  469 ;BF  52Chi And ;",0
75.5409,-26.275029,71.4796,5.01,star K1III,"HIP 23430 ;HD  32436 ;HR  1628 ;",0
78.851655,32.6876,87.5657,5.01,star A9IV,"HIP 24504 ;HD  33959 ;HR  1706 ;BF  14    Aur ;",0
92.8125,-65.589417,196.4637,5.01,star M2.5III,"HIP 29353 ;HD  43455 ;HR  2245 ;BF  Eta2Dor ;",0
94.478445,61.515286,195.6947,5.01,star M3III,"HIP 29919 ;HD  42973 ;HR  2215 ;BF  1    Lyn ;",0
112.4532,27.916146,148.368,5.01,star K2III,"HIP 36429 ;HD  59148 ;HR  2861 ;BF  65    Gem ;",0
118.06536,-34.705442,17.9437,5.01,star F3/F5V,"HIP 38423 ;HD  64379 ;HR  3079 ;GL  Gl 292A ;",0
128.68167,-49.944203,260.4167,5.01,star K1/K2II,"HIP 42088 ;HD  73155 ;HR  3407 ;",0
143.53665,-51.255266,277.0083,5.01,star B1.5IV,"HIP 46950 ;HD  83058 ;HR  3819 ;",0
160.766835,69.076214,128.041,5.01,star K3III,"HIP 52425 ;HD  92523 ;HR  4181 ;",0
174.873405,-65.397766,153.8462,5.01,star G2III + A,"HIP 56862 ;HD  101379 ;HR  4492 ;",0
184.74912,-55.143002,151.5152,5.01,star M1III,"HIP 60059 ;HD  107079 ;HR  4682 ;",0
186.4623,39.018616,80.1925,5.01,star G8III-IV,"HIP 60646 ;HD  108225 ;HR  4728 ;BF  6    CVn ;",0
187.52802,69.201123,190.4762,5.01,star M3IIIa,"HIP 60998 ;HD  108907 ;HR  4765 ;BF  4    Dra ;",0
260.078625,18.057081,147.0588,5.01,star M2III,"HIP 84833 ;HD  157049 ;HR  6452 ;",0
297.24441,19.142042,78.1861,5.01,star A3V,"HIP 97496 ;HD  187362 ;HR  7546 ;BF  8Zet Sge ;",0
299.48763,-15.49149,81.4332,5.01,star A2V,"HIP 98258 ;HD  188899 ;HR  7614 ;BF  61    Sgr ;",0
67.209015,13.047602,48.852,5.02,star A7V,"HIP 20901 ;HD  28355 ;HR  1414 ;BF  79    Tau ;",0
81.163095,37.385346,143.2665,5.02,star K4III,"HIP 25292 ;HD  35186 ;HR  1773 ;BF  21Sig Aur ;",0
143.301915,-21.115722,111.1111,5.02,star K0III,"HIP 46880 ;HD  82734 ;HR  3808 ;GL  Gl 355.2 ;",0
158.23695,-47.003353,401.6064,5.02,star K4III,"HIP 51635 ;HD  91504 ;HR  4143 ;",0
163.934985,33.506929,72.6216,5.02,star K1III,"HIP 53426 ;HD  94600 ;HR  4258 ;BF  46    UMa ;",0
209.142405,27.492082,178.2531,5.02,star K3IIIvar,"HIP 68103 ;HD  121710 ;HR  5247 ;BF  9    Boo ;",0
223.212825,-37.80316,150.8296,5.02,star B7II/III,"HIP 72800 ;HD  131120 ;HR  5543 ;",0
229.27452,71.823901,122.1001,5.02,star K4III,"HIP 74793 ;HD  136726 ;HR  5714 ;BF  11    UMi ;",0
267.26793,50.781075,66.5336,5.02,star A2V,"HIP 87212 ;HD  162579 ;HR  6656 ;BF  30    Dra ;",0
267.362325,76.962881,31.7561,5.02,star F6IV-Vs,"HIP 87234 ;HD  163989 ;HR  6701 ;BF  35    Dra ;",0
275.386125,49.121593,198.8072,5.02,star M2III,"HIP 89981 ;HD  169305 ;HR  6891 ;",0
281.208075,2.060038,142.6534,5.02,star B9V,"HIP 91975 ;HD  173370 ;HR  7040 ;BF  4    Aql ;",0
284.33532,-20.656346,632.9114,5.02,star B9.5Ib,"HIP 93057 ;HD  175687 ;HR  7145 ;BF  36Xi 1Sgr ;",0
291.318705,-24.508575,77.2201,5.02,star A4IV/V,"HIP 95477 ;HD  182369 ;HR  7362 ;BF  47Chi1Sgr ;",0
326.93397,-30.898304,98.4252,5.02,star A1V,"HIP 107608 ;HD  207155 ;HR  8326 ;BF  10The PsA ;",0
31.641345,22.648317,55.6793,5.03,star A2m,"HIP 9836 ;HD  12869 ;HR  613 ;BF  12Kap Ari ;",0
72.5484,-16.217159,72.3066,5.03,star K0III,"HIP 22479 ;HD  30814 ;HR  1549 ;BF  60    Eri ;",0
90.814995,-26.284544,124.6883,5.03,star K3II/IIICNv,"HIP 28675 ;HD  41312 ;HR  2140 ;",0
109.20588,-36.592633,230.9469,5.03,star B3V,"HIP 35226 ;HD  56779 ;HR  2770 ;",0
116.486955,-14.563805,72.0981,5.03,star F2V,"HIP 37891 ;HD  62952 ;HR  3015 ;BF  4    Pup ;",0
127.36452,-44.724812,800,5.03,star B+...,"HIP 41639 ;HD  72127 ;HR  3359 ;",0
164.8668,40.430257,14.0627,5.03,star G0V,"HIP 53721 ;HD  95128 ;HR  4277 ;GL  Gl 407 ;BF  47    UMa ;",0
188.782335,18.377058,138.1215,5.03,star K2III,"HIP 61418 ;HD  109511 ;HR  4792 ;BF  24    Com ;",0
205.403235,-8.702984,156.25,5.03,star M2III,"HIP 66803 ;HD  119149 ;HR  5150 ;BF  82    Vir ;",0
213.73812,-57.086126,147.7105,5.03,star B4Vne,"HIP 69618 ;HD  124367 ;HR  5316 ;",0
252.938595,24.656433,214.1328,5.03,star K2II-III,"HIP 82504 ;HD  152326 ;HR  6270 ;BF  51    Her ;",0
255.46935,-32.143519,137.1742,5.03,star B8V,"HIP 83336 ;HD  153613 ;HR  6316 ;",0
259.654125,10.864475,151.0574,5.03,star K4II-III,"HIP 84671 ;HD  156681 ;HR  6433 ;",0
280.658145,55.539457,104.3841,5.03,star B9.5p...,"HIP 91755 ;HD  173524 ;HR  7049 ;BF  46    Dra ;",0
290.71332,-54.423931,48.216,5.03,star A0Vn,"HIP 95261 ;HD  181296 ;HR  7329 ;BF  Eta Tel ;",0
292.66599,-2.788887,162.0746,5.03,star M1IIIvar,"HIP 95937 ;HD  183630 ;HR  7414 ;BF  36    Aql ;",0
297.657195,52.988001,62.0732,5.03,star K3IIIvar,"HIP 97635 ;HD  188056 ;HR  7576 ;BF  20    Cyg ;",0
313.64016,28.057621,178.5714,5.03,star K4III,"HIP 103200 ;HD  199169 ;HR  8008 ;BF  32    Vul ;",0
0.583005,-29.720414,154.0832,5.04,star B4V,"HIP 183 ;HD  224990 ;HR  9091 ;BF  Zet Scl ;",0
17.003385,43.942092,58.9623,5.04,star A3m,"HIP 5317 ;HD  6658 ;HR  324 ;BF  41    And ;",0
26.52588,-53.522037,62.0347,5.04,star A1V,"HIP 8241 ;HD  10939 ;HR  520 ;",0
49.050855,50.937664,242.1308,5.04,star G5II,"HIP 15219 ;HD  20123 ;HR  969 ;",0
70.514475,-37.144297,28.6697,5.04,star F3V,"HIP 21861 ;HD  29992 ;HR  1503 ;GL  Gl 176.1 ;BF  Bet Cae ;",0
89.767965,-9.55825,87.7963,5.04,star A6m,"HIP 28325 ;HD  40536 ;HR  2108 ;BF  2    Mon ;",0
91.76406,-62.154581,110.8647,5.04,star K2/K3III,"HIP 28991 ;HD  42540 ;HR  2196 ;",0
94.110915,12.272163,19.2493,5.04,star F5IV-V,"HIP 29800 ;HD  43386 ;HR  2241 ;GL  Wo 9207 ;BF  74    Ori ;",0
100.770765,44.52445,99.2063,5.04,star K5III,"HIP 32173 ;HD  47914 ;HR  2459 ;BF  55Psi4Aur ;",0
110.86881,25.050531,48.7329,5.04,star G8III,"HIP 35846 ;HD  57727 ;HR  2808 ;BF  57    Gem ;",0
114.86913,17.674519,161.0306,5.04,star M0III,"HIP 37300 ;HD  61338 ;HR  2938 ;BF  74    Gem ;",0
115.737975,-45.173118,24.6731,5.04,star G5IV,"HIP 37606 ;HD  62644 ;HR  2998 ;GL  Gl 284 ;",0
121.66809,-45.266015,427.3504,5.04,star K3III,"HIP 39690 ;HD  67582 ;HR  3187 ;",0
181.19424,-76.519061,146.1988,5.04,star K4III,"HIP 58905 ;HD  104902 ;HR  4605 ;BF  Kap Cha ;",0
198.01476,-16.198601,33.9098,5.04,star F6V,"HIP 64407 ;HD  114642 ;HR  4981 ;BF  53    Vir ;",0
201.28041,-74.887818,67.7966,5.04,star K0III,"HIP 65468 ;HD  116244 ;HR  5042 ;BF  Iot1Mus ;",0
202.35522,-51.165134,155.521,5.04,star A0V,"HIP 65810 ;HD  117150 ;HR  5071 ;",0
229.237065,-60.957255,100000,5.04,star O8.5V,"HIP 74778 ;HD  135240 ;HR  5664 ;BF  Del Cir ;",0
229.82832,1.765408,25.3807,5.04,star F8III-IV,"HIP 74975 ;HD  136202 ;HR  5694 ;BF  5    Ser ;",0
232.73232,40.833047,257.0694,5.04,star K5III,"HIP 75973 ;HD  138481 ;HR  5763 ;BF  52Nu 1Boo ;",0
238.333575,-20.16704,94.8767,5.04,star B3V,"HIP 77811 ;HD  142096 ;HR  5902 ;BF  45Lam Lib ;",0
319.613265,43.945945,100000,5.04,star O8,"HIP 105186 ;HD  203064 ;HR  8154 ;BF  68    Cyg ;",0
324.237405,40.413521,65.8328,5.04,star A5V,"HIP 106711 ;HD  205835 ;HR  8266 ;BF  74    Cyg ;",0
329.81277,73.179896,36.7242,5.04,star F5V,"HIP 108535 ;HD  209369 ;HR  8400 ;BF  16    Cep ;",0
339.439095,-4.228056,65.5738,5.04,star K2III,"HIP 111710 ;HD  214376 ;HR  8610 ;BF  63Kap Aqr ;",0
49.781805,50.094966,171.8213,5.05,star B5V,"HIP 15444 ;HD  20418 ;HR  989 ;BF  31    Per ;",0
57.29673,24.136712,117.096,5.05,star B7p,"HIP 17851 ;HD  23862 ;HR  1180 ;BF  28    Tau ;",0
76.24164,-49.577837,136.0544,5.05,star M2IIIvar,"HIP 23649 ;HD  33042 ;HR  1663 ;BF  Eta2Pic ;",0
80.003835,33.958054,636.9427,5.05,star A5IIvar,"HIP 24879 ;HD  34578 ;HR  1740 ;BF  19    Aur ;",0
99.656805,-48.220183,146.1988,5.05,star G8III,"HIP 31765 ;HD  47973 ;HR  2462 ;",0
115.129425,87.020091,139.6648,5.05,star M2III,"HIP 37391 ;HD  51802 ;HR  2609 ;",0
129.78297,-22.661875,19.3986,5.05,star G3/G5V,"HIP 42430 ;HD  73752 ;HR  3430 ;GL  Gl 314A ;",0
271.756455,30.56214,15.6421,5.05,star F7V,"HIP 88745 ;HD  165908 ;HR  6775 ;GL  Gl 704A ;BF  99    Her ;",0
332.87742,59.414488,606.0606,5.05,star O6e,"HIP 109556 ;HD  210839 ;HR  8469 ;BF  22Lam Cep ;",0
347.38107,8.677161,239.8082,5.05,star M4Sv,"HIP 114347 ;HD  218634 ;HR  8815 ;BF  57    Peg ;",0
350.085765,5.381307,132.626,5.05,star K2III,"HIP 115227 ;HD  220009 ;HR  8878 ;BF  7    Psc ;",0
356.978145,67.806808,92.9368,5.05,star A1Vn,"HIP 117371 ;HD  223274 ;HR  9013 ;",0
55.53891,63.216806,159.2357,5.06,star S5.3 SB:,"HIP 17296 ;HD  22649 ;HR  1105 ;",0
78.85155,-26.943509,85.2515,5.06,star B9V,"HIP 24505 ;HD  34310 ;HR  1723 ;",0
80.442735,-24.772981,107.8749,5.06,star A2/A3,"HIP 25045 ;HD  35162 ;HR  1771 ;",0
92.184645,-68.843409,91.9118,5.06,star B8V,"HIP 29134 ;HD  43107 ;HR  2221 ;BF  Nu  Dor ;",0
92.96589,-6.550287,366.3004,5.06,star B2V,"HIP 29417 ;HD  42690 ;HR  2205 ;",0
96.98988,-4.762154,333.3333,5.06,star B2V,"HIP 30772 ;HD  45546 ;HR  2344 ;BF  10    Mon ;",0
113.577585,-23.473661,31.6857,5.06,star F6V,"HIP 36817 ;HD  60584 ;HR  2909 ;",0
124.578285,-65.613192,91.0747,5.06,star K1III,"HIP 40680 ;HD  70514 ;HR  3280 ;",0
151.546725,-47.369995,73.692,5.06,star K0IV,"HIP 49485 ;HD  87783 ;HR  3976 ;",0
165.210135,39.212092,115.4734,5.06,star Am,"HIP 53838 ;HD  95310 ;HR  4288 ;BF  49    UMa ;",0
215.59662,-80.108945,197.6285,5.06,star B4V,"HIP 70248 ;HD  124771 ;HR  5336 ;BF  Eps Aps ;",0
257.676375,-44.557719,96.8054,5.06,star G8/K0III+..,"HIP 84033 ;HD  154948 ;HR  6371 ;",0
295.209015,45.524942,49.6278,5.06,star F5II,"HIP 96825 ;HD  186155 ;HR  7495 ;",0
295.62972,-16.123996,54.3183,5.06,star F3IV/V,"HIP 96950 ;HD  186005 ;HR  7489 ;BF  55    Sgr ;",0
300.339825,50.104695,133.1558,5.06,star K1II-III,"HIP 98571 ;HD  190147 ;HR  7660 ;BF  26    Cyg ;",0
309.63297,24.115958,160.2564,5.06,star B5IV,"HIP 101868 ;HD  196740 ;HR  7894 ;BF  28    Vul ;",0
312.520425,44.059304,40.9668,5.06,star A4me...,"HIP 102843 ;HD  198639 ;HR  7984 ;BF  56    Cyg ;",0
312.875205,-51.608179,143.0615,5.06,star K1II/III,"HIP 102950 ;HD  198308 ;HR  7968 ;BF  Iot Ind ;",0
318.335265,-70.126267,273.9726,5.06,star M2III,"HIP 104755 ;HD  201371 ;HR  8092 ;BF  Omi Pav ;",0
358.12203,19.120287,141.844,5.06,star M2III,"HIP 117718 ;HD  223768 ;HR  9036 ;BF  81Phi Peg ;",0
8.18268,-63.0315,45.5581,5.07,star A0V,"HIP 2578 ;HD  3003 ;HR  136 ;GL  Wo 9015A ;BF  Bet3Tuc ;",0
12.24462,16.940644,23.4522,5.07,star F8V...,"HIP 3810 ;HD  4676 ;HR  225 ;GL  Gl 34.1 ;BF  64    Psc ;",0
48.193485,-1.196101,22.5785,5.07,star F8V,"HIP 14954 ;HD  19994 ;HR  962 ;GL  Gl 128A ;BF  94    Cet ;",0
67.70874,-44.953749,215.9827,5.07,star B2IV-V,"HIP 21060 ;HD  28873 ;HR  1443 ;BF  Del Cae ;",0
69.97785,53.079535,129.5337,5.07,star K0III SB,"HIP 21727 ;HD  29317 ;HR  1467 ;BF  3    Cam ;",0
81.12045,-0.891328,57.2082,5.07,star K0III,"HIP 25282 ;HD  35410 ;HR  1787 ;BF  27    Ori ;",0
104.60457,-34.111708,180.8318,5.07,star B4IV/V,"HIP 33558 ;HD  52092 ;HR  2619 ;",0
108.34281,16.158966,165.8375,5.07,star K3V,"HIP 34909 ;HD  55383 ;HR  2717 ;BF  51    Gem ;",0
112.33518,28.118275,54.0249,5.07,star A4V,"HIP 36393 ;HD  59037 ;HR  2857 ;BF  64    Gem ;",0
116.85414,-38.511145,323.6246,5.07,star B2IV/V,"HIP 38010 ;HD  63465 ;HR  3035 ;",0
142.9899,9.715767,153.1394,5.07,star K3III,"HIP 46774 ;HD  82381 ;HR  3779 ;BF  6    Leo ;",0
143.472855,-80.941258,175.4386,5.07,star B5V,"HIP 46928 ;HD  83979 ;HR  3860 ;BF  Zet Cha ;",0
145.07652,-14.332292,133.6898,5.07,star B4IV/V,"HIP 47452 ;HD  83754 ;HR  3849 ;BF  38Kap Hya ;",0
148.126815,-8.10503,85.1064,5.07,star A2V,"HIP 48437 ;HD  85558 ;HR  3909 ;BF  8Gam Sex ;",0
158.70006,6.953749,81.5661,5.07,star G8II-III,"HIP 51775 ;HD  91612 ;HR  4146 ;BF  48    Leo ;",0
172.94196,-59.442061,100000,5.07,star G0Ia,"HIP 56243 ;HD  100261 ;HR  4441 ;BF  Omi1Cen ;",0
213.191775,-27.261186,66.7111,5.07,star K2III,"HIP 69415 ;HD  124206 ;HR  5312 ;GL  Gl 540.1 ;BF  50    Hya ;",0
249.05718,52.924422,126.4223,5.07,star B9V,"HIP 81292 ;HD  150117 ;HR  6185 ;BF  17    Dra ;",0
257.38857,40.777033,86.5052,5.07,star K3III,"HIP 83947 ;HD  155410 ;HR  6388 ;",0
262.991175,68.135024,64.6831,5.07,star K0III,"HIP 85805 ;HD  159966 ;HR  6566 ;BF  27    Dra ;",0
278.00811,-45.757382,366.3004,5.07,star B3III,"HIP 90853 ;HD  170523 ;HR  6938 ;BF  Del2Tel ;",0
286.744185,11.071228,214.1328,5.07,star B8III,"HIP 93867 ;HD  178125 ;HR  7248 ;BF  18    Aql ;",0
309.782415,10.086203,30.1205,5.07,star G5IV+...,"HIP 101916 ;HD  196755 ;HR  7896 ;BF  7Kap Del ;",0
327.46122,30.174215,84.246,5.07,star A1Vs,"HIP 107763 ;HD  207650 ;HR  8343 ;BF  14    Peg ;",0
331.286625,62.279814,632.9114,5.07,star O9.5Ib,"HIP 109017 ;HD  209975 ;HR  8428 ;BF  19    Cep ;",0
258.83601,-26.603215,5.9852,5.07,star K1 Ve,"HD  155886 ;HR  6402 ;GL  Gl 663B ;BF  36    Oph ;",0
9.03459,54.16845,164.4737,5.08,star B7III,"HIP 2854 ;HD  3240 ;HR  144 ;",0
57.067785,11.143294,139.0821,5.08,star B3V,"HIP 17771 ;HD  23793 ;HR  1174 ;BF  30    Tau ;",0
69.7884,15.799846,45.0857,5.08,star A4m,"HIP 21673 ;HD  29479 ;HR  1478 ;BF  91Sig1Tau ;",0
72.843585,18.839861,51.2558,5.08,star A7IV-V,"HIP 22565 ;HD  30780 ;HR  1547 ;BF  97    Tau ;",0
80.64054,79.231149,20.8855,5.08,star F6V,"HIP 25110 ;HD  33564 ;HR  1686 ;GL  Gl 196 ;",0
81.91203,34.475892,138.8889,5.08,star K4IIIp,"HIP 25541 ;HD  35620 ;HR  1805 ;BF  24Phi Aur ;",0
92.55948,-74.753045,10.1978,5.08,star G5V,"HIP 29271 ;HD  43834 ;HR  2261 ;GL  Gl 231 ;BF  Alp Men ;",0
101.905095,-8.998503,432.9004,5.08,star M1II,"HIP 32558 ;HD  49331 ;HR  2508 ;",0
119.32677,-44.109859,335.5705,5.08,star B2.5IV,"HIP 38872 ;HD  65551 ;HR  3116 ;",0
126.90255,-53.08848,61.0501,5.08,star A9/F0III/IV,"HIP 41483 ;HD  71935 ;HR  3350 ;",0
147.14715,46.021008,18.3688,5.08,star G2V,"HIP 48113 ;HD  84737 ;HR  3881 ;GL  Gl 368 ;",0
157.572825,-0.637026,124.0695,5.08,star B6V,"HIP 51437 ;HD  90994 ;HR  4119 ;BF  30Bet Sex ;",0
158.50368,-23.745165,244.4988,5.08,star K5III,"HIP 51718 ;HD  91550 ;HR  4145 ;BF  44    Hya ;",0
159.08559,-59.564392,80.5153,5.08,star K1III,"HIP 51912 ;HD  92063 ;HR  4164 ;",0
160.854,23.188404,70.2741,5.08,star A3Vn,"HIP 52457 ;HD  92825 ;HR  4192 ;BF  41    LMi ;",0
170.841225,-18.779973,42.8816,5.08,star F3IV,"HIP 55598 ;HD  98991 ;HR  4395 ;BF  13Lam Crt ;",0
193.653765,-57.16867,124.8439,5.08,star B5Vne,"HIP 63005 ;HD  112091 ;HR  4899 ;BF  Mu 2Cru ;",0
224.18331,-62.781016,462.963,5.08,star B4Vnp,"HIP 73129 ;HD  131492 ;HR  5551 ;BF  The Cir ;",0
283.67964,-15.603036,429.1845,5.08,star B3II,"HIP 92814 ;HD  175156 ;HR  7119 ;",0
301.722525,23.614425,154.5595,5.08,star B3V,"HIP 99080 ;HD  190993 ;HR  7688 ;BF  17    Vul ;",0
306.83004,-18.211721,167.2241,5.08,star B4V,"HIP 100881 ;HD  194636 ;HR  7814 ;BF  10Pi  Cap ;",0
328.32402,-13.551768,26.617,5.08,star F3IV,"HIP 108036 ;HD  207958 ;HR  8351 ;GL  Gl 838.5 ;BF  51Mu  Cap ;",0
338.941155,73.643188,54.8847,5.08,star F3III-IV,"HIP 111532 ;HD  214470 ;HR  8615 ;BF  31    Cep ;",0
12.146655,-74.923438,64.9351,5.09,star K5III,"HIP 3781 ;HD  4815 ;HR  236 ;BF  Lam Hyi ;",0
29.33772,17.817532,159.4896,5.09,star K1p...,"HIP 9110 ;HD  11909 ;HR  563 ;BF  8Iot Ari ;",0
52.500855,55.451808,60.9013,5.09,star A1V,"HIP 16292 ;HD  21447 ;HR  1046 ;",0
75.086325,81.194088,117.7856,5.09,star K3III,"HIP 23265 ;HD  30338 ;HR  1523 ;",0
98.40801,-1.220154,169.7793,5.09,star B5Vn,"HIP 31278 ;HD  46487 ;HR  2395 ;",0
110.486925,20.443658,135.8696,5.09,star M0III,"HIP 35699 ;HD  57423 ;HR  2795 ;BF  56    Gem ;",0
111.591045,-51.018481,185.5288,5.09,star K0III,"HIP 36114 ;HD  59219 ;HR  2862 ;",0
119.773815,-23.310396,263.8522,5.09,star G8II,"HIP 39023 ;HD  65699 ;HR  3123 ;BF  12    Pup ;",0
123.492975,-36.322281,311.5265,5.09,star B2V:,"HIP 40321 ;HD  69081 ;HR  3240 ;",0
132.63942,-46.529187,100000,5.09,star B0III,"HIP 43413 ;HD  75821 ;HR  3527 ;",0
141.57486,-53.378909,131.5789,5.09,star B6V,"HIP 46283 ;HD  81848 ;HR  3753 ;",0
146.63193,57.12807,169.4915,5.09,star M3III,"HIP 47965 ;HD  84335 ;HR  3870 ;",0
147.488115,-45.732736,258.3979,5.09,star B7III,"HIP 48224 ;HD  85355 ;HR  3898 ;",0
170.839245,-64.954714,123.7624,5.09,star B5,"HIP 55597 ;HD  99103 ;",0
184.000785,14.899071,60.9013,5.09,star A3V,"HIP 59819 ;HD  106661 ;HR  4663 ;BF  6    Com ;",0
237.814965,-3.090497,49.7512,5.09,star A3Vn,"HIP 77660 ;HD  141851 ;HR  5895 ;BF  36    Ser ;",0
242.75865,-29.41622,97.4659,5.09,star K0III,"HIP 79302 ;HD  145250 ;HR  6017 ;",0
267.20478,25.622869,64.9773,5.09,star K2III,"HIP 87194 ;HD  162211 ;HR  6644 ;BF  87    Her ;",0
275.57742,-38.656894,148.5884,5.09,star K4/K5III,"HIP 90037 ;HD  168592 ;HR  6862 ;",0
301.28955,19.991071,49.1642,5.09,star K2III,"HIP 98920 ;HD  190608 ;HR  7679 ;BF  16Eta Sge ;",0
325.046235,43.273839,123.7624,5.09,star M1IIIvar,"HIP 106999 ;HD  206330 ;HR  8284 ;BF  75    Cyg ;",0
328.2657,25.92514,193.7984,5.09,star B3V,"HIP 108022 ;HD  208057 ;HR  8356 ;BF  16    Peg ;",0
331.508145,45.014348,186.5672,5.09,star K5III,"HIP 109102 ;HD  209945 ;HR  8424 ;",0
335.00631,-80.439747,89.1266,5.09,star M6III,"HIP 110256 ;HD  210967 ;HR  8481 ;BF  Eps Oct ;",0
345.65154,42.757795,129.199,5.09,star A3Vn,"HIP 113788 ;HD  217782 ;HR  8766 ;GL  Gl 886.1A ;BF  2    And ;",0
350.76903,12.31391,119.0476,5.09,star K3III,"HIP 115444 ;HD  220363 ;HR  8893 ;BF  66    Peg ;",0
355.84317,10.331536,189.7533,5.09,star M2III,"HIP 117020 ;HD  222764 ;HR  8991 ;BF  77    Peg ;",0
44.322015,31.934219,98.0392,5.1,star B9p...,"HIP 13775 ;HD  18296 ;HR  873 ;BF  21    Per ;",0
50.68851,20.742069,97.371,5.1,star K3III,"HIP 15737 ;HD  20893 ;HR  1015 ;BF  63Tau2Ari ;",0
62.511585,80.698681,116.4144,5.1,star G8III+...,"HIP 19461 ;HD  25007 ;HR  1230 ;",0
65.965935,9.460968,121.3592,5.1,star A3V,"HIP 20522 ;HD  27820 ;HR  1381 ;BF  66    Tau ;",0
87.473085,-66.901187,176.0563,5.1,star B6V,"HIP 27534 ;HD  39844 ;HR  2064 ;BF  Eps Dor ;",0
177.18786,-26.749777,167.2241,5.1,star M4III,"HIP 57613 ;HD  102620 ;HR  4532 ;",0
199.221375,-31.506196,78.9889,5.1,star K0III,"HIP 64803 ;HD  115310 ;HR  5006 ;",0
216.047265,5.820131,48.7567,5.1,star A5V,"HIP 70400 ;HD  126248 ;HR  5392 ;",0
240.30966,17.818397,76.9231,5.1,star G8III,"HIP 78481 ;HD  143666 ;HR  5966 ;BF  5    Her ;",0
251.666685,-67.109691,213.6752,5.1,star Ap,"HIP 82129 ;HD  150549 ;HR  6204 ;",0
261.05454,-44.162576,226.2443,5.1,star B7III,"HIP 85162 ;HD  157243 ;HR  6460 ;",0
272.22027,20.045233,100.8065,5.1,star A8III,"HIP 88899 ;HD  166230 ;HR  6794 ;BF  101    Her ;",0
289.63539,1.085129,113.7656,5.1,star K2II-IIIvar,"HIP 94885 ;HD  180972 ;HR  7319 ;BF  23    Aql ;",0
324.8886,2.243558,69.4444,5.1,star K0III,"HIP 106944 ;HD  206067 ;HR  8277 ;BF  25    Aqr ;",0
326.251065,-9.082428,242.7184,5.1,star G8II-III,"HIP 107382 ;HD  206834 ;HR  8311 ;BF  46    Cap ;",0
345.021255,56.945374,100000,5.1,star G0Ia,"HIP 113561 ;HD  217476 ;HR  8752 ;",0
358.02777,-82.018818,81.3008,5.1,star G7III,"HIP 117689 ;HD  223647 ;HR  9032 ;BF  Gam1Oct ;",0
22.40055,-21.629339,71.3776,5.11,star A0V,"HIP 6960 ;HD  9132 ;HR  433 ;BF  48    Cet ;",0
58.412265,-34.732297,106.1571,5.11,star B6/B7V,"HIP 18213 ;HD  24626 ;HR  1214 ;",0
77.18208,-4.456207,25.4582,5.11,star F2V,"HIP 23941 ;HD  33256 ;HR  1673 ;GL  Gl 189.2 ;BF  68    Eri ;",0
103.42602,68.888309,300.3003,5.11,star B7III,"HIP 33104 ;HD  49340 ;HR  2511 ;BF  43    Cam ;",0
109.659105,-36.742735,232.0186,5.11,star A0V,"HIP 35406 ;HD  57219 ;HR  2790 ;",0
149.42115,41.055633,28.1452,5.11,star F6Vs,"HIP 48833 ;HD  86146 ;HR  3928 ;GL  NN 3574 ;BF  19    LMi ;",0
167.14167,-61.947175,100000,5.11,star B9Ia,"HIP 54461 ;HD  96919 ;HR  4338 ;",0
201.532245,-39.755107,62.3441,5.11,star Kp...,"HIP 65535 ;HD  116713 ;HR  5058 ;",0
238.873365,-68.603001,370.3704,5.11,star G6VII,"HIP 77982 ;HD  141767 ;HR  5891 ;BF  Kap TrA ;",0
276.05745,39.507239,134.5895,5.11,star A3IVn,"HIP 90191 ;HD  169702 ;HR  6903 ;BF  2Mu  Lyr ;",0
280.94559,-38.323441,62.9327,5.11,star A0/A1V,"HIP 91875 ;HD  172777 ;HR  7021 ;BF  Lam CrA ;",0
287.29074,76.560502,27.3,5.11,star A9V,"HIP 94083 ;HD  180777 ;HR  7312 ;GL  Gl 748.1 ;BF  59    Dra ;",0
310.010205,-60.548892,24.6609,5.11,star F8V,"HIP 101983 ;HD  196378 ;HR  7875 ;GL  Gl 794.2 ;BF  Phi2Pav ;",0
312.12126,-43.988544,35.4233,5.11,star F1IV,"HIP 102693 ;HD  197937 ;HR  7943 ;GL  Gl 808.1 ;BF  Iot Mic ;",0
329.163105,63.625557,751.8797,5.11,star M2 comp,"HIP 108317 ;HD  208816 ;HR  8383 ;",0
334.110675,-41.627225,81.367,5.11,star G8III,"HIP 109973 ;HD  211202 ;HR  8488 ;BF  Mu 2Gru ;",0
339.6579,56.795632,138.3126,5.11,star M4III,"HIP 111795 ;HD  214665 ;HR  8621 ;",0
341.02284,41.819235,78.6782,5.11,star K0III,"HIP 112242 ;HD  215373 ;HR  8656 ;BF  13    Lac ;",0
28.59183,-42.49695,94.0734,5.12,star A3V,"HIP 8882 ;HD  11753 ;HR  558 ;BF  Phi Phe ;",0
45.903585,-59.737775,43.4028,5.12,star F0IV,"HIP 14240 ;HD  19319 ;HR  934 ;BF  Mu  Hor ;",0
76.690215,-4.655163,94.697,5.12,star B9.5V,"HIP 23794 ;HD  32964 ;HR  1657 ;BF  66    Eri ;",0
107.69787,-48.932098,96.8992,5.12,star K2III,"HIP 34670 ;HD  55526 ;HR  2719 ;GL  NN 3434 ;",0
110.510955,36.760584,72.3589,5.12,star K0III,"HIP 35710 ;HD  57264 ;HR  2793 ;BF  65    Aur ;",0
115.924605,-40.933746,66.5336,5.12,star K1III,"HIP 37664 ;HD  62713 ;HR  3002 ;",0
117.924945,1.766868,191.2046,5.12,star B8II,"HIP 38373 ;HD  63975 ;HR  3059 ;BF  13Zet CMi ;",0
139.09599,-44.265735,100000,5.12,star K3Ib,"HIP 45505 ;HD  80108 ;HR  3692 ;",0
143.43561,-49.005072,254.4529,5.12,star B4IV,"HIP 46914 ;HD  82984 ;HR  3817 ;",0
160.4862,65.71628,69.541,5.12,star K2IIIvar,"HIP 52353 ;HD  92424 ;HR  4178 ;BF  38    UMa ;",0
163.393665,54.585128,200.4008,5.12,star K3III,"HIP 53261 ;HD  94247 ;HR  4246 ;BF  44    UMa ;",0
172.953345,-59.515648,100000,5.12,star A3Ia,"HIP 56250 ;HD  100262 ;HR  4442 ;BF  Omi2Cen ;",0
188.939805,-41.021945,35.524,5.12,star A7III,"HIP 61468 ;HD  109536 ;HR  4794 ;",0
191.661495,16.577691,104.1667,5.12,star K3III,"HIP 62356 ;HD  111067 ;HR  4851 ;BF  27    Com ;",0
266.03628,-51.834053,15.5111,5.12,star G5V,"HIP 86796 ;HD  160691 ;HR  6585 ;GL  Gl 691 ;BF  Mu  Ara ;",0
275.254245,28.869954,80.6452,5.12,star A7V,"HIP 89935 ;HD  168914 ;HR  6877 ;BF  107    Her ;",0
277.859565,-18.402697,68.3995,5.12,star B9/B9.5V,"HIP 90806 ;HD  170680 ;HR  6944 ;",0
278.75997,-10.977206,100.9082,5.12,star G8III,"HIP 91105 ;HD  171391 ;HR  6970 ;",0
292.68915,27.965276,122.549,5.12,star B8V,"HIP 95951 ;HD  183914 ;HR  7418 ;BF  6Bet2Cyg ;",0
293.780235,-10.560444,140.2525,5.12,star G8III,"HIP 96327 ;HD  184492 ;HR  7430 ;BF  37    Aql ;",0
297.75684,10.415727,19.1902,5.12,star F8V,"HIP 97675 ;HD  187691 ;HR  7560 ;GL  Gl 768.1A ;BF  54Omi Aql ;",0
308.479455,-44.516048,71.736,5.12,star K0III,"HIP 101477 ;HD  195569 ;HR  7846 ;BF  Nu  Mic ;",0
335.3982,-21.59823,52.4384,5.12,star K0III,"HIP 110391 ;HD  212010 ;HR  8516 ;BF  47    Aqr ;",0
345.8742,-34.749412,29.4204,5.12,star A9V,"HIP 113860 ;HD  217792 ;HR  8767 ;GL  Gl 886.2 ;BF  Pi  PsA ;",0
0.45603,-3.027504,139.2758,5.13,star B7III-IV,"HIP 145 ;HD  224926 ;HR  9087 ;BF  29    Psc ;",0
3.61512,-7.780532,178.5714,5.13,star M3IIIvar,"HIP 1158 ;HD  1014 ;HR  46 ;",0
19.44981,3.614466,75.3012,5.13,star A3V,"HIP 6061 ;HD  7804 ;HR  378 ;BF  89    Psc ;",0
37.007085,-33.811039,46.5983,5.13,star A2/A3V,"HIP 11477 ;HD  15427 ;HR  724 ;BF  Phi For ;",0
51.169005,64.585996,628.9308,5.13,star M0II,"HIP 15890 ;HD  20797 ;HR  1009 ;",0
83.818605,-5.389696,100000,5.13,star O6pe,"HIP 26221 ;HD  37022 ;HR  1895 ;BF  41The1Ori ;",0
125.01609,27.217707,18.2715,5.13,star F6V,"HIP 40843 ;HD  69897 ;HR  3262 ;GL  Gl 303 ;BF  18Chi Cnc ;",0
126.4782,7.564506,121.0654,5.13,star G8II,"HIP 41325 ;HD  71115 ;HR  3306 ;",0
173.22555,-31.087226,119.1895,5.13,star M1/M2III,"HIP 56332 ;HD  100393 ;HR  4449 ;",0
211.98231,43.854452,157.2327,5.13,star M4.2III,"HIP 69038 ;HD  123657 ;HR  5299 ;",0
226.32984,-41.067236,108.2251,5.13,star G8III,"HIP 73826 ;HD  133340 ;HR  5607 ;",0
233.655495,-28.046983,97.561,5.13,star K2/K3III,"HIP 76259 ;HD  138688 ;HR  5775 ;BF  36    Lib ;",0
243.813855,-47.372021,118.2033,5.13,star B8V,"HIP 79653 ;HD  145842 ;HR  6045 ;BF  The Nor ;",0
260.225865,24.499435,131.0616,5.13,star A2V,"HIP 84887 ;HD  157198 ;HR  6457 ;BF  70    Her ;",0
287.918955,56.859213,105.4852,5.13,star G8III,"HIP 94302 ;HD  180006 ;HR  7295 ;BF  53    Dra ;",0
316.179315,-77.023767,43.535,5.13,star F4III,"HIP 104043 ;HD  199532 ;HR  8021 ;BF  Alp Oct ;",0
359.732325,-52.745807,88.1057,5.13,star K1III,"HIP 118234 ;HD  224554 ;HR  9069 ;BF  Pi  Phe ;",0
9.193545,44.488587,189.0359,5.14,star K5III,"HIP 2900 ;HD  3346 ;HR  152 ;",0
18.600165,-7.922826,23.3863,5.14,star F5V,"HIP 5799 ;HD  7439 ;HR  366 ;GL  Gl 54.2A ;BF  37    Cet ;",0
52.601955,11.336442,110.742,5.14,star A0Vn,"HIP 16322 ;HD  21686 ;HR  1061 ;BF  4    Tau ;",0
57.38622,33.091382,82.3045,5.14,star A3V,"HIP 17886 ;HD  23848 ;HR  1177 ;BF  42    Per ;",0
81.580305,-58.91252,140.4494,5.14,star G6III,"HIP 25429 ;HD  36189 ;HR  1836 ;BF  Lam Dor ;",0
90.86403,19.690561,220.2643,5.14,star B8V,"HIP 28691 ;HD  41040 ;HR  2130 ;BF  64    Ori ;",0
102.47757,-46.61456,25.2589,5.14,star F5III,"HIP 32765 ;HD  50223 ;HR  2548 ;GL  Gl 249.1 ;",0
102.737865,67.571934,283.2861,5.14,star B4IV,"HIP 32864 ;HD  48879 ;HR  2490 ;BF  42    Cam ;",0
105.214545,-51.402585,198.0198,5.14,star M1III,"HIP 33779 ;HD  53047 ;HR  2652 ;",0
105.90864,10.951817,182.1494,5.14,star K3III,"HIP 34033 ;HD  52960 ;HR  2649 ;",0
106.076355,-56.749724,92.2509,5.14,star A0p:,"HIP 34105 ;HD  54118 ;HR  2683 ;",0
114.319545,-4.110979,67.5219,5.14,star F6III,"HIP 37088 ;HD  61064 ;HR  2927 ;BF  25    Mon ;",0
116.876355,33.415697,202.8398,5.14,star M0III,"HIP 38016 ;HD  62898 ;HR  3013 ;BF  80Pi  Gem ;",0
119.46552,-45.577669,89.2061,5.14,star K2III,"HIP 38917 ;HD  65685 ;HR  3121 ;",0
121.2687,13.118215,65.7895,5.14,star A1V,"HIP 39567 ;HD  66664 ;HR  3163 ;BF  8    Cnc ;",0
123.40065,-46.991628,416.6667,5.14,star B2.5IV,"HIP 40285 ;HD  69144 ;HR  3244 ;",0
161.73951,-56.757192,161.2903,5.14,star B8/B9III,"HIP 52742 ;HD  93563 ;HR  4221 ;",0
172.146195,-42.674203,214.5923,5.14,star B9V,"HIP 56000 ;HD  99803 ;HR  4423 ;",0
174.25278,-61.283442,71.6846,5.14,star K1III,"HIP 56656 ;HD  101021 ;HR  4475 ;",0
183.049665,77.616241,33.3778,5.14,star A5m,"HIP 59504 ;HD  106112 ;HR  4646 ;",0
185.232135,-13.565724,61.6903,5.14,star K0III,"HIP 60221 ;HD  107418 ;HR  4699 ;",0
199.56051,49.682062,84.246,5.14,star A0V,"HIP 64906 ;HD  115735 ;HR  5023 ;BF  21    CVn ;",0
214.885335,-2.265518,80.1925,5.14,star G9III,"HIP 70012 ;HD  125454 ;HR  5366 ;BF  102Ups Vir ;",0
233.81214,39.010067,189.7533,5.14,star M2III,"HIP 76307 ;HD  139153 ;HR  5800 ;BF  6Mu  CrB ;",0
239.222895,-33.966134,42.3729,5.14,star A3V,"HIP 78105 ;HD  142629 ;HR  5925 ;BF  Xi 1Lup ;",0
259.502835,-24.286901,90.4159,5.14,star K:...,"HIP 84626 ;HD  156349 ;HR  6424 ;BF  39Omi Oph ;",0
284.65218,-60.20055,172.7116,5.14,star K1III-IV,"HIP 93163 ;HD  175329 ;HR  7127 ;BF  Ome Pav ;",0
288.427935,2.293707,217.8649,5.14,star B8II-III,"HIP 94477 ;HD  179761 ;HR  7287 ;BF  21    Aql ;",0
291.369165,19.798365,83.2639,5.14,star K0III,"HIP 95498 ;HD  182762 ;HR  7385 ;BF  4    Vul ;",0
298.3224,57.523482,194.1748,5.14,star B5V,"HIP 97870 ;HD  188665 ;HR  7608 ;BF  23    Cyg ;",0
304.662795,34.982775,970.8738,5.14,star F5Ib,"HIP 100122 ;HD  193370 ;HR  7770 ;BF  35    Cyg ;",0
310.48779,-66.760682,240.9639,5.14,star B8Vvar,"HIP 102157 ;HD  196519 ;HR  7881 ;BF  Ups Pav ;",0
17.778195,31.424736,147.2754,5.15,star F0V,"HIP 5544 ;HD  7034 ;HR  349 ;BF  82    Psc ;",0
30.4266,-44.713509,115.0748,5.15,star K5III,"HIP 9459 ;HD  12524 ;HR  602 ;BF  Chi Phe ;",0
38.025675,36.147271,132.8021,5.15,star K5III,"HIP 11784 ;HD  15656 ;HR  736 ;BF  14    Tri ;",0
94.423845,-16.815908,189.7533,5.15,star K1III,"HIP 29895 ;HD  43827 ;HR  2260 ;",0
116.663655,37.517394,132.8021,5.15,star M3III,"HIP 37946 ;HD  62647 ;HR  2999 ;",0
130.91781,-49.822802,568.1818,5.15,star B0IIIn,"HIP 42834 ;HD  74753 ;HR  3476 ;",0
132.986805,43.726603,81.2348,5.15,star K0III,"HIP 43531 ;HD  75506 ;HR  3508 ;BF  35    Lyn ;",0
137.098005,66.873235,159.7444,5.15,star K5III,"HIP 44857 ;HD  77800 ;HR  3609 ;BF  11Sig1UMa ;",0
145.738425,72.252618,146.6276,5.15,star K0III,"HIP 47654 ;HD  83506 ;HR  3839 ;BF  27    UMa ;",0
153.37776,-66.372811,94.3396,5.15,star Am,"HIP 50083 ;HD  88981 ;HR  4025 ;",0
166.81962,-42.638681,84.1043,5.15,star Ap SrCrEu,"HIP 54360 ;HD  96616 ;HR  4327 ;",0
174.530565,-61.826563,87.4126,5.15,star B9IV,"HIP 56754 ;HD  101189 ;HR  4487 ;",0
180.914595,-42.434056,25.3229,5.15,star F6V,"HIP 58803 ;HD  104731 ;HR  4600 ;GL  NN 3701 ;",0
185.530695,-67.522105,101.1122,5.15,star Am,"HIP 60320 ;HD  107566 ;HR  4703 ;BF  Zet2Mus ;",0
196.97421,-10.740408,94.2507,5.15,star K2III,"HIP 64078 ;HD  114038 ;HR  4955 ;BF  49    Vir ;",0
206.7348,-36.251933,133.8688,5.15,star A0V,"HIP 67244 ;HD  119921 ;HR  5174 ;",0
221.500365,-25.443181,30.2847,5.15,star F0V + G/K,"HIP 72197 ;HD  129926 ;HR  5497 ;GL  Gl 561.1A ;BF  54    Hya ;",0
222.671595,-15.997237,22.9779,5.15,star F3V,"HIP 72603 ;HD  130819 ;HR  5530 ;GL  Gl 563.4 ;BF  8Alp1Lib ;",0
228.65889,67.346722,25.3421,5.15,star F9IV,"HIP 74605 ;HD  136064 ;HR  5691 ;GL  Gl 580.2 ;",0
229.016775,-41.491155,540.5405,5.15,star F:+...,"HIP 74707 ;HD  135345 ;HR  5667 ;",0
232.15932,1.842081,39.7456,5.15,star A8IV,"HIP 75761 ;HD  137898 ;HR  5746 ;BF  10    Ser ;",0
251.457885,8.582616,108.5776,5.15,star K5III,"HIP 82073 ;HD  151217 ;HR  6228 ;BF  43    Her ;",0
299.979975,37.042885,404.8583,5.15,star B3IV,"HIP 98425 ;HD  189687 ;HR  7647 ;BF  25    Cyg ;",0
309.85371,0.486445,71.4796,5.15,star K1III,"HIP 101936 ;HD  196758 ;HR  7897 ;BF  1    Aqr ;",0
310.012275,-18.138659,177.9359,5.15,star M1III,"HIP 101984 ;HD  196777 ;HR  7900 ;BF  15Ups Cap ;",0
311.66193,16.124134,37.9507,5.15,star A2Ia+...,"HIP 102531 ;HD  197963 ;HR  7947 ;BF  12Gam1Del ;",0
347.93412,8.720116,74.2942,5.15,star A5Vn,"HIP 114520 ;HD  218918 ;HR  8826 ;BF  59    Peg ;",0
5.280255,37.968603,48.5437,5.16,star F5III,"HIP 1686 ;HD  1671 ;HR  82 ;BF  27Rho And ;",0
35.589315,55.845653,100000,5.16,star A2Ia,"HIP 11060 ;HD  14489 ;HR  685 ;BF  9    Per ;",0
44.155935,-3.71232,57.1755,5.16,star A3Vn,"HIP 13717 ;HD  18331 ;HR  875 ;",0
49.65723,50.222174,195.3125,5.16,star B3V,"HIP 15404 ;HD  20365 ;HR  987 ;BF  29    Per ;",0
87.721755,-52.108873,78.6164,5.16,star G8III,"HIP 27621 ;HD  39640 ;HR  2049 ;",0
97.84602,-12.391953,112.3596,5.16,star K1III,"HIP 31084 ;HD  46184 ;HR  2379 ;",0
117.94293,-13.898029,16.5044,5.16,star G2V,"HIP 38382 ;HD  64096 ;HR  3064 ;GL  Gl 291A ;BF  9    Pup ;",0
123.816405,-62.915643,77.5194,5.16,star A+...,"HIP 40429 ;HD  69863 ;HR  3260 ;",0
137.33973,22.045446,114.4165,5.16,star K0III,"HIP 44946 ;HD  78515 ;HR  3627 ;BF  77Xi  Cnc ;",0
158.790255,57.082637,26.5252,5.16,star F1V,"HIP 51814 ;HD  91480 ;HR  4141 ;BF  37    UMa ;",0
208.675605,-1.503125,75.5858,5.16,star K2III,"HIP 67929 ;HD  121299 ;HR  5232 ;BF  90    Vir ;",0
226.20045,-64.03135,84.6024,5.16,star G8III,"HIP 73776 ;HD  132905 ;HR  5593 ;BF  Eta Cir ;",0
231.44748,15.428036,211.4165,5.16,star M1III,"HIP 75530 ;HD  137471 ;HR  5739 ;BF  9Tau1Ser ;",0
233.61048,-9.183416,122.399,5.16,star B6IV,"HIP 76243 ;HD  138764 ;HR  5780 ;",0
278.088855,-39.704001,70.2741,5.16,star A3V,"HIP 90887 ;HD  170642 ;HR  6942 ;",0
320.723385,6.81114,101.4199,5.16,star A3V,"HIP 105570 ;HD  203562 ;HR  8178 ;BF  10Bet Equ ;",0
325.38693,-14.047611,33.2336,5.16,star G2V,"HIP 107095 ;HD  206301 ;HR  8283 ;BF  42    Cap ;",0
343.100295,9.835664,27.2777,5.16,star F7IV,"HIP 112935 ;HD  216385 ;HR  8697 ;GL  Wo 9801A ;BF  49Sig Peg ;",0
7.594395,-23.78768,53.1067,5.17,star A3V,"HIP 2381 ;HD  2696 ;HR  118 ;",0
12.531645,-10.644326,15.753,5.17,star F7IV-V,"HIP 3909 ;HD  4813 ;HR  235 ;GL  Gl 37 ;BF  19Phi2Cet ;",0
17.062155,54.92034,7.554,5.17,star G5Vp,"HIP 5336 ;HD  6582 ;HR  321 ;GL  Gl 53A ;BF  30Mu  Cas ;",0
39.508635,72.818252,78.4314,5.17,star G8III,"HIP 12273 ;HD  15920 ;HR  743 ;",0
41.23992,12.445761,36.3372,5.17,star A7III-IV,"HIP 12832 ;HD  17093 ;HR  812 ;BF  38    Ari ;",0
65.920215,-3.74547,64.1026,5.17,star A2V,"HIP 20507 ;HD  27861 ;HR  1383 ;BF  42Xi  Eri ;",0
117.421665,-17.228408,78.064,5.17,star K3III,"HIP 38211 ;HD  63697 ;HR  3044 ;BF  6    Pup ;",0
134.71824,-47.234688,68.918,5.17,star Am,"HIP 44093 ;HD  77140 ;HR  3588 ;",0
134.85117,-59.083712,26.4201,5.17,star F3V,"HIP 44143 ;HD  77370 ;HR  3598 ;GL  Gl 333.1 ;",0
179.003985,-17.150829,77.101,5.17,star A0V,"HIP 58188 ;HD  103632 ;HR  4567 ;BF  30Eta Crt ;",0
181.958475,-75.367019,130.2083,5.17,star K2II/III,"HIP 59151 ;HD  105340 ;HR  4617 ;",0
186.07719,26.098606,81.103,5.17,star A3V,"HIP 60514 ;HD  107966 ;HR  4717 ;BF  13    Com ;",0
190.316475,-13.013901,78.9266,5.17,star F3IV,"HIP 61910 ;HD  110317 ;HR  4821 ;",0
194.26818,-51.198752,112.9944,5.17,star B8V,"HIP 63210 ;HD  112409 ;HR  4913 ;",0
268.325115,40.007959,108.4599,5.17,star K3III,"HIP 87563 ;HD  163217 ;HR  6677 ;BF  90    Her ;",0
286.5831,-52.34091,56.7215,5.17,star F7V,"HIP 93815 ;HD  177171 ;HR  7213 ;BF  Rho Tel ;",0
291.24246,11.944415,15.1768,5.17,star G8IVvar,"HIP 95447 ;HD  182572 ;HR  7373 ;GL  Gl 759 ;BF  31    Aql ;",0
291.53802,36.317896,216.9197,5.17,star B9sp...,"HIP 95556 ;HD  183056 ;HR  7395 ;BF  4    Cyg ;",0
294.158325,44.694936,40.833,5.17,star K0III,"HIP 96459 ;HD  185351 ;HR  7468 ;",0
316.30935,-54.727042,112.1076,5.17,star K2III,"HIP 104085 ;HD  200365 ;HR  8055 ;BF  Mu  Ind ;",0
318.90792,-20.651696,197.2387,5.17,star K0II/III,"HIP 104963 ;HD  202320 ;HR  8127 ;BF  28Phi Cap ;",0
357.838905,-18.909163,97.7517,5.17,star Ap Si,"HIP 117629 ;HD  223640 ;HR  9031 ;BF  108    Aqr ;",0
197.495835,17.528977,14.3246,5.17,star F5 V,"HD  114379 ;HR  4969 ;GL  Gl 501B ;BF  42Alp Com ;",0
5.379975,-28.981469,101.3171,5.18,star K0III,"HIP 1708 ;HD  1737 ;HR  84 ;BF  Iot Scl ;",0
7.05681,44.394452,86.6551,5.18,star A2Vs,"HIP 2225 ;HD  2421 ;HR  104 ;",0
25.732395,70.622526,85.1064,5.18,star B9V,"HIP 8016 ;HD  10250 ;HR  480 ;BF  42    Cas ;",0
61.65171,27.599903,128.866,5.18,star B9p Si,"HIP 19171 ;HD  25823 ;HR  1268 ;BF  41    Tau ;",0
73.695405,11.426006,69.979,5.18,star A3V,"HIP 22833 ;HD  31283 ;HR  1569 ;BF  6    Ori ;",0
77.923185,16.045673,105.2632,5.18,star K5III,"HIP 24197 ;HD  33554 ;HR  1684 ;",0
82.96977,-76.340964,31.3578,5.18,star K4III,"HIP 25918 ;HD  37763 ;HR  1953 ;BF  Gam Men ;",0
84.934155,25.897091,131.0616,5.18,star B3IV,"HIP 26640 ;HD  37438 ;HR  1928 ;BF  125    Tau ;",0
86.499555,-32.306435,408.1633,5.18,star B1IV/V,"HIP 27204 ;HD  38666 ;HR  1996 ;BF  Mu  Col ;",0
104.96067,-67.916443,89.6057,5.18,star K3III,"HIP 33682 ;HD  53501 ;HR  2662 ;GL  NN 3422 ;",0
111.167445,-16.201473,287.3563,5.18,star B2Vne,"HIP 35951 ;HD  58343 ;HR  2825 ;",0
125.33769,-36.484177,456.621,5.18,star B2IV-V+...,"HIP 40943 ;HD  70556 ;HR  3283 ;",0
126.38055,-51.727415,213.2196,5.18,star B2V,"HIP 41296 ;HD  71510 ;HR  3330 ;",0
129.99003,-53.054729,135.6852,5.18,star B4IV,"HIP 42504 ;HD  74146 ;HR  3442 ;",0
138.585615,61.423318,19.5695,5.18,star F9V,"HIP 45333 ;HD  79028 ;HR  3648 ;GL  Gl 337.1 ;BF  16    UMa ;",0
160.88733,46.203877,37.092,5.18,star F5III,"HIP 52469 ;HD  92787 ;HR  4191 ;",0
169.322505,2.010556,101.833,5.18,star M0III comp,"HIP 55137 ;HD  98118 ;HR  4371 ;BF  75    Leo ;",0
171.430755,-63.972475,27.2183,5.18,star F7V,"HIP 55779 ;HD  99453 ;HR  4413 ;GL  NN 3663 ;",0
213.01683,69.432548,131.2336,5.18,star M2III,"HIP 69373 ;HD  124730 ;HR  5334 ;",0
223.894305,-60.114164,49.4315,5.18,star K1III,"HIP 73036 ;HD  131342 ;HR  5546 ;",0
283.165125,-52.10737,83.3333,5.18,star G8/K0III,"HIP 92646 ;HD  174295 ;HR  7087 ;BF  Kap Tel ;",0
294.79851,5.397773,239.2344,5.18,star B3V + B3V,"HIP 96665 ;HD  185507 ;HR  7474 ;BF  44Sig Aql ;",0
297.64164,38.722419,212.3142,5.18,star M2IIIa,"HIP 97630 ;HD  187849 ;HR  7566 ;BF  19    Cyg ;",0
303.876,23.508906,588.2353,5.18,star G2Ib SB,"HIP 99853 ;HD  192713 ;HR  7741 ;BF  22    Vul ;",0
307.87668,74.954619,121.3592,5.18,star A0p...,"HIP 101260 ;HD  196502 ;HR  7879 ;BF  73    Dra ;",0
325.76709,72.320084,74.9625,5.18,star K0III,"HIP 107230 ;HD  207130 ;HR  8324 ;",0
356.81664,-50.226461,185.1852,5.18,star B3V,"HIP 117315 ;HD  223145 ;HR  9006 ;BF  Sig Phe ;",0
35.63556,-23.816326,21.9635,5.19,star G2V,"HIP 11072 ;HD  14802 ;HR  695 ;GL  Gl 97 ;BF  Kap For ;",0
36.103785,50.006546,122.399,5.19,star G8III,"HIP 11220 ;HD  14770 ;HR  694 ;BF  64    And ;",0
76.89174,-63.399679,173.3102,5.19,star M3III,"HIP 23840 ;HD  33684 ;HR  1695 ;",0
91.056255,-6.708941,403.2258,5.19,star B2Vne+,"HIP 28744 ;HD  41335 ;HR  2142 ;",0
96.807345,0.299246,260.4167,5.19,star K1II,"HIP 30717 ;HD  45416 ;HR  2334 ;",0
119.90643,-60.587061,301.2048,5.19,star M0II,"HIP 39070 ;HD  66342 ;HR  3153 ;",0
129.77142,-70.386745,73.6377,5.19,star A0V,"HIP 42425 ;HD  74405 ;HR  3460 ;BF  The Vol ;",0
132.46458,-32.780525,68.6342,5.19,star G8III,"HIP 43352 ;HD  75605 ;HR  3512 ;",0
157.36959,-2.739078,98.7167,5.19,star B9.5V,"HIP 51362 ;HD  90882 ;HR  4116 ;BF  29Del Sex ;",0
174.01116,69.322952,72.8332,5.19,star K0III,"HIP 56583 ;HD  100696 ;HR  4461 ;BF  2    Dra ;",0
199.19382,9.424156,17.5593,5.19,star G0Vs,"HIP 64792 ;HD  115383 ;HR  5011 ;GL  Gl 504 ;BF  59    Vir ;",0
226.65666,-16.256818,213.2196,5.19,star K5III,"HIP 73945 ;HD  133774 ;HR  5622 ;BF  21Nu  Lib ;",0
236.66658,62.599557,87.7193,5.19,star A2IV,"HIP 77277 ;HD  141653 ;HR  5886 ;",0
247.705695,-61.633503,240.9639,5.19,star K0II/IIICN.,"HIP 80874 ;HD  148291 ;HR  6125 ;",0
261.50016,-50.63351,139.6648,5.19,star K1III,"HIP 85312 ;HD  157457 ;HR  6468 ;BF  Kap Ara ;",0
303.560535,28.694817,91.1577,5.19,star A7IVn,"HIP 99738 ;HD  192518 ;HR  7731 ;BF  21    Vul ;",0
313.90287,13.721536,147.0588,5.19,star K0III,"HIP 103294 ;HD  199253 ;HR  8011 ;BF  17    Del ;",0
319.84257,64.871855,609.7561,5.19,star B3IVe,"HIP 105268 ;HD  203467 ;HR  8171 ;BF  6    Cep ;",0
339.66273,63.584472,88.0282,5.19,star A3IV,"HIP 111797 ;HD  214734 ;HR  8627 ;BF  30    Cep ;",0
350.663205,-15.039338,65.3595,5.19,star A3V,"HIP 115404 ;HD  220278 ;HR  8890 ;BF  97    Aqr ;",0
7.530675,29.751557,62.7746,5.2,star A7III,"HIP 2355 ;HD  2628 ;HR  114 ;BF  28    And ;",0
8.81199,-3.592846,21.254,5.2,star F8V...,"HIP 2762 ;HD  3196 ;HR  142 ;GL  Gl 23A ;BF  13    Cet ;",0
64.17957,53.611799,100.2004,5.2,star A2Vn,"HIP 19949 ;HD  26764 ;HR  1314 ;",0
68.548455,-8.231352,304.878,5.2,star M3III,"HIP 21296 ;HD  29064 ;HR  1451 ;BF  47    Eri ;",0
88.740945,59.888367,143.6782,5.2,star A2V,"HIP 27971 ;HD  39220 ;HR  2027 ;BF  31    Cam ;",0
93.712005,19.156448,20.816,5.2,star F6V,"HIP 29650 ;HD  43042 ;HR  2220 ;GL  NN 3390 ;BF  71    Ori ;",0
97.368825,-56.852766,93.2836,5.2,star K0III,"HIP 30932 ;HD  46355 ;HR  2389 ;",0
100.601355,17.645303,43.63,5.2,star A2V,"HIP 32104 ;HD  48097 ;HR  2466 ;BF  26    Gem ;",0
105.603255,24.215446,456.621,5.2,star G5II,"HIP 33927 ;HD  52497 ;HR  2630 ;BF  42Ome Gem ;",0
106.01166,-42.33728,106.8376,5.2,star Am,"HIP 34081 ;HD  53704 ;HR  2666 ;",0
108.979005,59.637467,61.0128,5.2,star K2III,"HIP 35146 ;HD  55280 ;HR  2715 ;BF  18    Lyn ;",0
111.93486,21.445247,32.0205,5.2,star F5IV-V...,"HIP 36238 ;HD  58728 ;HR  2846 ;BF  63    Gem ;",0
122.399655,-44.122773,383.1418,5.2,star B2IV-V,"HIP 39961 ;HD  68217 ;HR  3204 ;",0
130.07994,-40.263875,85.6164,5.2,star Ap (SiCr),"HIP 42540 ;HD  74067 ;HR  3439 ;",0
130.48713,-45.410714,100000,5.2,star B5Iab,"HIP 42679 ;HD  74371 ;HR  3456 ;",0
175.433115,-32.499404,123.7624,5.2,star K5III,"HIP 57047 ;HD  101666 ;HR  4503 ;",0
185.1402,-22.215901,127.3885,5.2,star B8V,"HIP 60189 ;HD  107348 ;HR  4696 ;BF  5Zet Crv ;",0
196.43517,35.798899,104.3841,5.2,star B9V,"HIP 63901 ;HD  113797 ;HR  4943 ;BF  14    CVn ;",0
209.629785,-24.972249,102.0408,5.2,star B8V,"HIP 68269 ;HD  121847 ;HR  5250 ;BF  47    Hya ;",0
245.58927,33.799052,196.4637,5.2,star M2III,"HIP 80197 ;HD  147749 ;HR  6107 ;BF  20Nu 1CrB ;",0
276.802125,0.196108,143.8849,5.2,star G0III+...,"HIP 90441 ;HD  169985 ;HR  6918 ;BF  59    Ser ;",0
281.93589,-40.406167,121.3592,5.2,star G5/G6III,"HIP 92226 ;HD  173540 ;HR  7050 ;BF  Mu  CrA ;",0
284.256615,32.901273,14.8721,5.2,star G0V,"HIP 93017 ;HD  176051 ;HR  7162 ;GL  Gl 738A ;",0
286.856535,32.501738,41.58,5.2,star F0V,"HIP 93917 ;HD  178449 ;HR  7261 ;BF  17    Lyr ;",0
316.602825,-32.341618,100.6036,5.2,star K2III,"HIP 104174 ;HD  200763 ;HR  8076 ;",0
316.72191,38.749415,3.4865,5.2,star K5V,"HIP 104214 ;HD  201091 ;HR  8085 ;GL  Gl 820A ;BF  61    Cyg ;",0
349.77777,-13.458552,21.1193,5.2,star G6/G8IV,"HIP 115126 ;HD  219834 ;HR  8866 ;GL  Gl 894.2A ;BF  94    Aqr ;",0
16.949355,-41.486916,56.9476,5.21,star A3V,"HIP 5300 ;HD  6767 ;HR  331 ;BF  Ups Phe ;",0
18.432855,7.575354,53.3049,5.21,star A7IV,"HIP 5737 ;HD  7344 ;HR  361 ;BF  86Zet Psc ;",0
40.16499,-54.549911,49.0918,5.21,star F4IV,"HIP 12484 ;HD  16920 ;HR  802 ;BF  Zet Hor ;",0
61.751925,29.001299,27.6014,5.21,star F1V,"HIP 19205 ;HD  25867 ;HR  1269 ;BF  42Psi Tau ;",0
89.706555,0.552979,136.612,5.21,star A1Vs,"HIP 28296 ;HD  40446 ;HR  2103 ;BF  60    Ori ;",0
96.043005,-11.530088,106.8376,5.21,star K3III,"HIP 30457 ;HD  44951 ;HR  2305 ;",0
96.70365,58.417409,191.9386,5.21,star K4III,"HIP 30679 ;HD  44708 ;HR  2293 ;BF  5    Lyn ;",0
100.48494,-9.167537,105.5966,5.21,star M0III,"HIP 32064 ;HD  48217 ;HR  2469 ;",0
171.37278,-36.063062,84.0336,5.21,star K0III,"HIP 55756 ;HD  99322 ;HR  4409 ;",0
198.99483,-19.943103,38.4763,5.21,star K1III,"HIP 64725 ;HD  115202 ;HR  5001 ;GL  Gl 503.3 ;BF  57    Vir ;",0
203.241975,-10.165,72.0981,5.21,star K0III,"HIP 66098 ;HD  117818 ;HR  5100 ;BF  76    Vir ;",0
237.573105,2.196509,83.8223,5.21,star G8III,"HIP 77578 ;HD  141680 ;HR  5888 ;BF  34Ome Ser ;",0
260.816985,-47.468197,286.533,5.21,star B2IIIne,"HIP 85079 ;HD  157042 ;HR  6451 ;BF  Iot Ara ;",0
338.67345,-20.708216,22.6809,5.21,star F7V,"HIP 111449 ;HD  213845 ;HR  8592 ;GL  Gl 863.2 ;BF  59Ups Aqr ;",0
11.18499,-22.006135,26.7451,5.22,star F0V,"HIP 3505 ;HD  4247 ;HR  197 ;GL  Gl 31.3 ;",0
31.381545,76.11506,122.6994,5.22,star G8III,"HIP 9763 ;HD  12339 ;HR  592 ;BF  49    Cas ;",0
44.675325,-2.782877,110.6195,5.22,star A2IV,"HIP 13874 ;HD  18543 ;HR  892 ;",0
63.65097,10.011406,119.9041,5.22,star B9Vn,"HIP 19799 ;HD  26793 ;HR  1315 ;",0
69.400545,-2.473548,29.4291,5.22,star F0V,"HIP 21547 ;HD  29391 ;HR  1474 ;BF  51    Eri ;",0
76.535235,58.972372,210.084,5.22,star B2.5Ve,"HIP 23734 ;HD  32343 ;HR  1622 ;BF  11    Cam ;",0
80.45172,41.804572,162.3377,5.22,star B5V,"HIP 25048 ;HD  34759 ;HR  1749 ;BF  20Rho Aur ;",0
97.951245,11.544412,63.6537,5.22,star A3V,"HIP 31119 ;HD  46089 ;HR  2375 ;",0
101.914905,48.789476,110.4972,5.22,star K1III,"HIP 32562 ;HD  48781 ;HR  2487 ;BF  57Psi6Aur ;",0
105.484935,-5.722065,175.1313,5.22,star M2III,"HIP 33878 ;HD  52666 ;HR  2639 ;",0
112.008645,6.941968,97.561,5.22,star F0III,"HIP 36265 ;HD  58923 ;HR  2851 ;BF  5Eta CMi ;",0
116.881275,-46.60849,480.7692,5.22,star B1V,"HIP 38020 ;HD  63578 ;HR  3037 ;",0
119.868255,-39.296944,55.5556,5.22,star F3V,"HIP 39061 ;HD  65925 ;HR  3140 ;",0
134.31228,15.322762,45.7247,5.22,star A5III,"HIP 43970 ;HD  76543 ;HR  3561 ;BF  62Omi1Cnc ;",0
168.18852,-64.16977,95.8773,5.22,star B9V,"HIP 54767 ;HD  97583 ;HR  4355 ;",0
171.64761,-61.115167,418.41,5.22,star B3IV,"HIP 55831 ;HD  99556 ;HR  4415 ;",0
180.528585,43.0456,34.27,5.22,star A7m,"HIP 58684 ;HD  104513 ;HR  4594 ;BF  67    UMa ;",0
191.40441,7.673326,77.4593,5.22,star A8m,"HIP 62267 ;HD  110951 ;HR  4847 ;BF  32    Vir ;",0
214.96503,-61.272972,48.3559,5.22,star Am,"HIP 70035 ;HD  125158 ;HR  5349 ;",0
221.75541,-52.383518,79.6813,5.22,star G6III,"HIP 72290 ;HD  129893 ;HR  5495 ;",0
251.943405,5.246746,120.6273,5.22,star B9p (Cr),"HIP 82216 ;HD  151525 ;HR  6234 ;BF  45    Her ;",0
282.417105,-20.324656,286.533,5.22,star K2III,"HIP 92390 ;HD  174116 ;HR  7078 ;GL  NN 4080 ;BF  29    Sgr ;",0
282.47049,32.551058,70.9723,5.22,star A3V,"HIP 92405 ;HD  174602 ;HR  7102 ;BF  9Nu 2Lyr ;",0
290.712015,26.262403,120.4819,5.22,star B6III,"HIP 95260 ;HD  182255 ;HR  7358 ;BF  3    Vul ;",0
300.36891,64.820974,180.1802,5.22,star M1III,"HIP 98583 ;HD  190544 ;HR  7676 ;BF  64    Dra ;",0
322.36224,46.540585,66.4452,5.22,star K0III,"HIP 106093 ;HD  204771 ;HR  8228 ;BF  71    Cyg ;",0
352.82235,39.236198,79.1766,5.22,star K0III,"HIP 116076 ;HD  221345 ;HR  8930 ;BF  14    And ;",0
20.280705,28.738207,107.4114,5.23,star K5III,"HIP 6315 ;HD  8126 ;HR  389 ;BF  91    Psc ;",0
33.200325,21.210993,28.8684,5.23,star F5V,"HIP 10306 ;HD  13555 ;HR  646 ;GL  GJ 1043 ;BF  17Eta Ari ;",0
46.639545,-6.088555,139.8601,5.23,star M3III,"HIP 14456 ;HD  19349 ;HR  935 ;",0
101.118615,-31.070523,100000,5.23,star B2V,"HIP 32292 ;HD  48917 ;HR  2492 ;BF  10    CMa ;",0
111.03528,40.672389,370.3704,5.23,star K0III,"HIP 35907 ;HD  57669 ;HR  2805 ;BF  66    Aur ;",0
122.42982,-47.937193,338.9831,5.23,star B1IVe,"HIP 39970 ;HD  68324 ;HR  3213 ;",0
133.915335,27.927481,149.2537,5.23,star G8II-III,"HIP 43834 ;HD  76219 ;HR  3540 ;BF  58Rho2Cnc ;",0
134.886075,32.418559,90.6618,5.23,star G9III,"HIP 44154 ;HD  76813 ;HR  3575 ;BF  64Sig3Cnc ;",0
135.43569,-52.188685,112.9944,5.23,star Ap Si,"HIP 44337 ;HD  77653 ;HR  3605 ;",0
136.936725,10.668191,162.8664,5.23,star B8IIIMNp,"HIP 44798 ;HD  78316 ;HR  3623 ;BF  76Kap Cnc ;",0
149.717865,-35.890973,33.3111,5.23,star A8IV,"HIP 48926 ;HD  86629 ;HR  3947 ;BF  Eta Ant ;",0
161.623335,-64.263242,145.9854,5.23,star B7IV,"HIP 52701 ;HD  93549 ;HR  4220 ;",0
163.37304,-20.138731,30.8071,5.23,star F6V,"HIP 53252 ;HD  94388 ;HR  4251 ;GL  Gl 403.1 ;",0
193.86897,65.438474,29.2912,5.23,star A5n,"HIP 63076 ;HD  112429 ;HR  4916 ;BF  8    Dra ;",0
221.936685,-26.0875,109.7695,5.23,star G8/K0III,"HIP 72357 ;HD  130259 ;HR  5516 ;BF  56    Hya ;",0
235.659675,-37.424935,79.9361,5.23,star G8/K0III,"HIP 76939 ;HD  139980 ;HR  5837 ;",0
243.67035,33.858613,21.0793,5.23,star F8V,"HIP 79607 ;HD  146361 ;HR  6063 ;GL  Gl 615.2A ;BF  17Sig CrB ;",0
252.890505,-41.230534,100000,5.23,star O9e,"HIP 82493 ;HD  151804 ;HR  6245 ;",0
253.648725,-6.153982,73.8007,5.23,star K2III,"HIP 82730 ;HD  152601 ;HR  6280 ;BF  23    Oph ;",0
263.74755,61.874554,14.1904,5.23,star G0V,"HIP 86036 ;HD  160269 ;HR  6573 ;GL  Gl 684A ;BF  26    Dra ;",0
287.24964,6.073207,45.7875,5.23,star F0III-IV,"HIP 94068 ;HD  178596 ;HR  7266 ;BF  19    Aql ;",0
300.50595,24.938043,67.981,5.23,star F2III,"HIP 98636 ;HD  190004 ;HR  7657 ;BF  16    Vul ;",0
2.93328,-35.133119,21.2766,5.24,star F3/F5V,"HIP 950 ;HD  739 ;HR  35 ;GL  NN 3013 ;BF  The Scl ;",0
12.67152,-50.986816,74.239,5.24,star F2III,"HIP 3949 ;HD  4919 ;HR  242 ;BF  Rho Phe ;",0
25.62405,20.268504,7.5324,5.24,star K1V,"HIP 7981 ;HD  10476 ;HR  493 ;GL  Gl 68 ;BF  107    Psc ;",0
45.217515,52.351744,140.647,5.24,star B7V,"HIP 14043 ;HD  18537 ;HR  890 ;",0
49.549635,-62.506363,12.0322,5.24,star G1V,"HIP 15371 ;HD  20807 ;HR  1010 ;GL  Gl 138 ;BF  Zet2Ret ;",0
54.072555,-17.467064,149.2537,5.24,star B8/B9III,"HIP 16803 ;HD  22470 ;HR  1100 ;BF  20    Eri ;",0
56.12712,-1.163091,200.8032,5.24,star B7V,"HIP 17457 ;HD  23363 ;HR  1146 ;BF  24    Eri ;",0
56.915205,-23.874677,76.9231,5.24,star A1V,"HIP 17717 ;HD  23878 ;HR  1181 ;BF  28Tau7Eri ;",0
57.578895,25.579362,56.4653,5.24,star A2V,"HIP 17954 ;HD  23985 ;HR  1188 ;",0
65.47194,-63.386391,117.9245,5.24,star G7III,"HIP 20384 ;HD  28093 ;HR  1395 ;BF  Eta Ret ;",0
68.54904,-8.970258,233.1002,5.24,star K4III,"HIP 21297 ;HD  29065 ;HR  1452 ;",0
80.865975,57.544395,103.0928,5.24,star A0Vn,"HIP 25197 ;HD  34787 ;HR  1751 ;BF  16    Cam ;",0
83.914515,-4.856067,110.2536,5.24,star F0III,"HIP 26268 ;HD  37077 ;HR  1901 ;BF  45    Ori ;",0
101.684745,43.577427,16.7168,5.24,star G0V,"HIP 32480 ;HD  48682 ;HR  2483 ;GL  Gl 245 ;BF  56Psi5Aur ;",0
109.639635,-39.210285,141.844,5.24,star A0V,"HIP 35393 ;HD  57240 ;HR  2791 ;",0
113.02479,1.914481,233.1002,5.24,star F0III,"HIP 36641 ;HD  59881 ;HR  2880 ;BF  7Del1CMi ;",0
129.46731,-26.255,71.0732,5.24,star A0V,"HIP 42334 ;HD  73495 ;HR  3420 ;BF  Eta Pyx ;",0
138.60204,-43.227493,187.6173,5.24,star B4V+...,"HIP 45344 ;HD  79735 ;HR  3674 ;",0
139.1739,-6.353144,75.2445,5.24,star K2III,"HIP 45527 ;HD  79910 ;HR  3681 ;BF  23    Hya ;",0
174.61503,8.134298,152.439,5.24,star M4III,"HIP 56779 ;HD  101153 ;HR  4483 ;BF  1Ome Vir ;",0
197.846835,-43.368553,68.1663,5.24,star K1/K2III,"HIP 64348 ;HD  114474 ;HR  4973 ;",0
226.56957,54.556318,78.9266,5.24,star G8III,"HIP 73909 ;HD  134190 ;HR  5635 ;",0
243.462105,-11.837747,116.0093,5.24,star K3III,"HIP 79540 ;HD  145897 ;HR  6048 ;BF  17Chi Sco ;",0
246.931065,-7.597929,176.9912,5.24,star M2 comp,"HIP 80620 ;HD  148349 ;HR  6128 ;",0
247.6398,20.479188,192.6782,5.24,star G8p,"HIP 80843 ;HD  148897 ;HR  6152 ;",0
276.076005,-44.110256,149.4768,5.24,star B2.5Vn,"HIP 90200 ;HD  168905 ;HR  6875 ;",0
299.276235,-58.901351,85.3971,5.24,star B9.5IV,"HIP 98174 ;HD  188162 ;HR  7587 ;",0
309.817995,-14.95476,348.4321,5.24,star B7III,"HIP 101923 ;HD  196662 ;HR  7889 ;BF  14Tau Cap ;",0
314.771295,4.29461,56.5611,5.24,star G0V,"HIP 103571 ;",0
325.50288,-23.262858,70.7214,5.24,star K0III,"HIP 107128 ;HD  206356 ;HR  8285 ;BF  41    Cap ;",0
332.95272,56.839357,37.3552,5.24,star F8V,"HIP 109572 ;HD  210855 ;HR  8472 ;",0
341.888025,-19.613375,77.8816,5.24,star G8III,"HIP 112529 ;HD  215721 ;HR  8670 ;BF  68    Aqr ;",0
356.05032,-18.276938,116.144,5.24,star B9V,"HIP 117089 ;HD  222847 ;HR  8998 ;BF  106    Aqr ;",0
270.76803,-8.181708,52.0291,5.24,star dF3   J,"HD  164765 ;HR  6734 ;GL  Gl 700.1A ;BF  69Tau Oph ;",0
25.535835,-32.32697,65.8762,5.25,star K1II/III,"HIP 7955 ;HD  10537 ;HR  497 ;BF  Pi  Scl ;",0
33.984525,33.358895,86.0585,5.25,star A0V,"HIP 10559 ;HD  13869 ;HR  655 ;BF  7    Tri ;",0
42.25593,-62.806521,50.4541,5.25,star A2V,"HIP 13141 ;HD  17848 ;HR  852 ;BF  Nu  Hor ;",0
80.87565,-13.927352,505.0505,5.25,star B2IV,"HIP 25202 ;HD  35337 ;HR  1783 ;BF  8    Lep ;",0
98.089065,-37.696702,83.7521,5.25,star G8III,"HIP 31165 ;HD  46568 ;HR  2399 ;",0
99.448365,-32.339735,123.3046,5.25,star K1III,"HIP 31688 ;HD  47536 ;HR  2447 ;",0
116.567505,10.768252,92.4214,5.25,star A1Vnn,"HIP 37921 ;HD  62832 ;HR  3008 ;BF  11    CMi ;",0
121.06746,-32.674829,641.0256,5.25,star M2II,"HIP 39487 ;HD  66888 ;HR  3170 ;",0
154.40751,-8.068914,59.312,5.25,star F2III,"HIP 50414 ;HD  89254 ;HR  4042 ;BF  22Eps Sex ;",0
157.77072,82.558587,21.5008,5.25,star F2V,"HIP 51502 ;HD  90089 ;HR  4084 ;GL  Gl 392.1 ;",0
234.456615,40.353433,52.0291,5.25,star G8III-IV,"HIP 76534 ;HD  139641 ;HR  5823 ;BF  54Phi Boo ;",0
264.523065,-54.500434,44.5633,5.25,star A7V,"HIP 86305 ;HD  159492 ;HR  6549 ;GL  Gl 683 ;BF  Pi  Ara ;",0
270.59604,20.833632,288.1844,5.25,star B3IV,"HIP 88331 ;HD  164852 ;HR  6738 ;BF  96    Her ;",0
275.70432,17.826616,111.2347,5.25,star K3III,"HIP 90067 ;HD  169191 ;HR  6885 ;",0
281.444835,74.085553,96.8054,5.25,star K0II-III,"HIP 92056 ;HD  174980 ;HR  7117 ;",0
286.825545,36.100157,274.7253,5.25,star B6IV,"HIP 93903 ;HD  178475 ;HR  7262 ;BF  18Iot Lyr ;",0
318.26265,-39.424922,32.9598,5.25,star F5V,"HIP 104738 ;HD  201772 ;HR  8104 ;",0
340.36938,40.225449,411.5226,5.25,star B2IIIv SB,"HIP 112031 ;HD  214993 ;HR  8640 ;BF  12    Lac ;",0
345.88692,67.20921,126.7427,5.25,star K3III,"HIP 113864 ;HD  218029 ;HR  8779 ;",0
42.32316,17.464309,239.2344,5.26,star B6V,"HIP 13165 ;HD  17543 ;HR  836 ;BF  42Pi  Ari ;",0
46.06881,-7.600857,41.5628,5.26,star A8V,"HIP 14293 ;HD  19107 ;HR  925 ;BF  10Rho3Eri ;",0
65.151285,15.095453,46.9484,5.26,star F0V,"HIP 20261 ;HD  27459 ;HR  1356 ;BF  58    Tau ;",0
65.168115,65.140441,97.9432,5.26,star G5III,"HIP 20266 ;HD  27022 ;HR  1327 ;",0
87.000975,6.454156,165.0165,5.26,star A5V,"HIP 27386 ;HD  38710 ;HR  1999 ;BF  52    Ori ;",0
98.80026,28.022314,113.3787,5.26,star A0Vnn,"HIP 31434 ;HD  46553 ;HR  2398 ;BF  49    Aur ;",0
138.575025,-55.569629,196.0784,5.26,star G8II/III,"HIP 45328 ;HD  79846 ;HR  3679 ;",0
139.524495,-51.050859,134.2282,5.26,star B7/B8III,"HIP 45631 ;HD  80456 ;HR  3703 ;",0
149.55573,12.4448,153.1394,5.26,star B9IV,"HIP 48883 ;HD  86360 ;HR  3937 ;BF  27Nu  Leo ;",0
152.178345,-65.815438,113.2503,5.26,star K0III,"HIP 49698 ;HD  88323 ;HR  3995 ;",0
163.12854,-57.240405,100000,5.26,star B9Ia,"HIP 53154 ;HD  94367 ;HR  4250 ;",0
173.981565,-47.641643,61.8047,5.26,star A7m,"HIP 56573 ;HD  100825 ;HR  4466 ;",0
175.19613,21.35273,82.7815,5.26,star K1III,"HIP 56975 ;HD  101484 ;HR  4495 ;BF  92    Leo ;",0
178.67724,-25.713887,87.7193,5.26,star G8III,"HIP 58082 ;HD  103462 ;HR  4558 ;",0
208.020315,-52.81153,79.6813,5.26,star B9Vn,"HIP 67703 ;HD  120642 ;HR  5207 ;",0
212.072175,49.458167,168.3502,5.26,star M2III,"HIP 69068 ;HD  123782 ;HR  5300 ;BF  13    Boo ;",0
232.351125,-46.732704,335.5705,5.26,star K4III,"HIP 75828 ;HD  137709 ;HR  5742 ;",0
234.12324,10.010176,70.8717,5.26,star K0p,"HIP 76425 ;HD  139195 ;HR  5802 ;BF  16    Ser ;",0
245.45304,69.109391,89.9281,5.26,star K2III,"HIP 80161 ;HD  148293 ;HR  6126 ;",0
284.93949,26.230404,99.2063,5.26,star K2III,"HIP 93256 ;HD  176527 ;HR  7181 ;",0
330.970635,63.11992,130.039,5.26,star M5III,"HIP 108924 ;HD  209772 ;HR  8416 ;BF  18    Cep ;",0
22.525425,47.007274,90.1713,5.27,star K0III,"HIP 6999 ;HD  9057 ;HR  430 ;BF  49    And ;",0
31.279725,77.281341,33.1565,5.27,star F0Vn,"HIP 9727 ;HD  12230 ;HR  581 ;BF  47    Cas ;",0
33.22695,-30.723825,98.2318,5.27,star A0V,"HIP 10320 ;HD  13709 ;HR  652 ;GL  Gl 89 ;BF  Mu  For ;",0
37.875405,2.267182,140.8451,5.27,star K3III,"HIP 11738 ;HD  15694 ;HR  737 ;GL  Wo 9083 ;",0
37.91751,-79.109382,87.0322,5.27,star G4III,"HIP 11757 ;HD  16522 ;HR  776 ;BF  Mu  Hyi ;",0
50.30676,21.147086,156.0062,5.27,star B5IV,"HIP 15627 ;HD  20756 ;HR  1005 ;BF  61Tau1Ari ;",0
66.35421,22.199998,45.3926,5.27,star A7V,"HIP 20641 ;HD  27946 ;HR  1388 ;BF  67Kap2Tau ;",0
94.928325,-7.822908,267.3797,5.27,star B2.5V,"HIP 30073 ;HD  44112 ;HR  2273 ;BF  7    Mon ;",0
101.83917,-37.929698,99.4036,5.27,star B8/B9V,"HIP 32537 ;HD  49591 ;HR  2518 ;",0
113.40201,15.826662,129.8701,5.27,star A1Vn,"HIP 36760 ;HD  60107 ;HR  2886 ;BF  68    Gem ;",0
128.81487,-58.224735,274.7253,5.27,star B3V+...,"HIP 42129 ;HD  73390 ;HR  3415 ;",0
148.92918,49.819843,63.7755,5.27,star A3III,"HIP 48682 ;HD  85795 ;HR  3917 ;BF  31    UMa ;",0
153.34524,-51.232971,51.8941,5.27,star A7V,"HIP 50070 ;HD  88824 ;HR  4017 ;",0
157.21911,-64.172278,813.0081,5.27,star K3Ib,"HIP 51313 ;HD  91056 ;HR  4120 ;",0
176.73174,55.62819,66.0939,5.27,star K3III,"HIP 57477 ;HD  102328 ;HR  4521 ;",0
190.709475,-63.058624,373.1343,5.27,star B2pe,"HIP 62027 ;HD  110432 ;HR  4830 ;",0
201.679875,-12.707664,134.9528,5.27,star K5III,"HIP 65581 ;HD  116870 ;HR  5064 ;BF  68    Vir ;",0
223.58388,-24.642202,127.8772,5.27,star K2/K3III,"HIP 72929 ;HD  131430 ;HR  5548 ;BF  12    Lib ;",0
245.111925,-78.667496,187.9699,5.27,star K3III,"HIP 80057 ;HD  145388 ;HR  6021 ;BF  Del2Aps ;",0
255.401505,33.56827,98.8142,5.27,star A3IV,"HIP 83313 ;HD  154029 ;HR  6332 ;BF  59    Her ;",0
255.786285,-53.237028,27.2257,5.27,star F6V,"HIP 83431 ;HD  153580 ;HR  6314 ;GL  NN 3985 ;BF  Eps2Ara ;",0
284.77392,13.622245,48.4262,5.27,star F8V,"HIP 93203 ;HD  176303 ;HR  7172 ;BF  11    Aql ;",0
304.23036,40.365075,483.0918,5.27,star K5II,"HIP 99968 ;HD  193092 ;HR  7759 ;",0
327.726195,-82.718904,125.4705,5.27,star G8/K0III+..,"HIP 107843 ;HD  206240 ;HR  8280 ;BF  Lam Oct ;",0
331.252035,62.785671,92.9368,5.27,star K4III,"HIP 109005 ;HD  209960 ;HR  8426 ;BF  20    Cep ;",0
333.292515,86.107955,78.6782,5.27,star B9.5Vn,"HIP 109693 ;HD  212710 ;HR  8546 ;",0
355.615935,-15.448033,82.7815,5.27,star K3III,"HIP 116957 ;HD  222643 ;HR  8987 ;",0
24.62889,73.04004,140.4494,5.28,star G8II-IIIvar,"HIP 7650 ;HD  9774 ;HR  456 ;BF  40    Cas ;",0
59.15205,50.695381,37.4392,5.28,star F5IV,"HIP 18453 ;HD  24546 ;HR  1210 ;BF  43    Per ;",0
60.383535,-1.54966,126.9036,5.28,star B5V,"HIP 18788 ;HD  25340 ;HR  1244 ;BF  35    Eri ;",0
71.088075,-59.732733,67.0241,5.28,star A8/A9III/IV,"HIP 22040 ;HD  30478 ;HR  1530 ;BF  Kap Dor ;",0
76.951665,20.418379,58.1058,5.28,star A5V,"HIP 23871 ;HD  32977 ;HR  1658 ;BF  106    Tau ;",0
84.435915,-28.68969,40.7997,5.28,star F5V,"HIP 26460 ;HD  37495 ;HR  1935 ;GL  Gl 209.1 ;BF  Nu 2Col ;",0
86.92878,13.899599,194.1748,5.28,star B2IV-V,"HIP 27364 ;HD  38622 ;HR  1993 ;BF  133    Tau ;",0
91.923495,-19.165866,257.0694,5.28,star M1III,"HIP 29048 ;HD  42042 ;HR  2168 ;BF  19    Lep ;",0
97.454535,-50.239085,51.4403,5.28,star F2V,"HIP 30953 ;HD  46273 ;HR  2384 ;",0
101.712885,-14.425971,243.9024,5.28,star B8/B9III,"HIP 32492 ;HD  49229 ;HR  2504 ;BF  11    CMa ;",0
102.887685,21.761148,150.6024,5.28,star A2V,"HIP 32921 ;HD  49908 ;HR  2529 ;BF  36    Gem ;",0
125.51877,-73.399985,116.8224,5.28,star A0/A1IV/V,"HIP 41003 ;HD  71576 ;HR  3334 ;BF  Eta Vol ;",0
131.81244,-1.897033,123.1527,5.28,star A3V,"HIP 43142 ;HD  74988 ;HR  3486 ;",0
138.95748,56.741406,220.7506,5.28,star K5III,"HIP 45455 ;HD  79354 ;HR  3660 ;BF  17    UMa ;",0
139.35501,-74.894313,107.5269,5.28,star A1V,"HIP 45581 ;HD  80951 ;HR  3720 ;",0
144.590745,40.239793,37.5799,5.28,star F0V,"HIP 47300 ;HD  83287 ;HR  3829 ;BF  42    Lyn ;",0
176.43324,-45.690134,211.8644,5.28,star B6III,"HIP 57371 ;HD  102232 ;HR  4519 ;",0
180.213165,-19.658982,970.8738,5.28,star B2IV,"HIP 58587 ;HD  104337 ;HR  4590 ;",0
184.952985,48.984148,180.8318,5.28,star M0III,"HIP 60122 ;HD  107274 ;HR  4690 ;BF  3    CVn ;",0
228.621525,29.164295,77.3994,5.28,star A2V,"HIP 74596 ;HD  135502 ;HR  5676 ;BF  48Chi Boo ;",0
246.98877,-64.057942,38.8048,5.28,star F4IV,"HIP 80645 ;HD  147787 ;HR  6109 ;BF  Iot TrA ;",0
249.50193,56.01554,83.0565,5.28,star K1III,"HIP 81437 ;HD  150449 ;HR  6199 ;",0
261.71658,-45.84303,194.9318,5.28,star B8V,"HIP 85389 ;HD  157661 ;HR  6477 ;",0
278.49069,-33.01656,404.8583,5.28,star B2III/IV,"HIP 91014 ;HD  171034 ;HR  6960 ;",0
289.45416,11.595422,127.2265,5.28,star F0IV,"HIP 94834 ;HD  180868 ;HR  7315 ;BF  25Ome1Aql ;",0
295.641705,11.826583,261.7801,5.28,star F3V:+...,"HIP 96957 ;HD  186203 ;HR  7497 ;BF  47Chi Aql ;",0
299.05938,11.423721,67.2948,5.28,star A1IV,"HIP 98103 ;HD  188728 ;HR  7610 ;BF  61Phi Aql ;",0
304.848345,-19.118533,343.6426,5.28,star K2III,"HIP 100195 ;HD  193150 ;HR  7761 ;BF  7Sig Cap ;",0
336.14646,-72.255412,28.7026,5.28,star A3V: + F9V,"HIP 110618 ;HD  211998 ;HR  8515 ;GL  Gl 855.1A ;BF  Nu  Ind ;",0
356.50383,-18.67834,73.2064,5.28,star F2:V+...,"HIP 117218 ;HD  223024 ;HR  9002 ;BF  107    Aqr ;",0
2.509395,-82.224047,78.064,5.29,star K1/K2III,"HIP 814 ;HD  636 ;HR  30 ;BF  Gam3Oct ;",0
3.041595,-17.938278,190.8397,5.29,star K4III,"HIP 983 ;HD  787 ;HR  37 ;",0
26.411445,-25.05261,28.1136,5.29,star F2IV,"HIP 8209 ;HD  10830 ;HR  514 ;BF  Eps Scl ;",0
29.90838,64.621602,75.3012,5.29,star A0Vn,"HIP 9312 ;HD  11946 ;HR  567 ;",0
34.737465,28.642674,115.4734,5.29,star A2V,"HIP 10793 ;HD  14252 ;HR  675 ;BF  10    Tri ;",0
35.48595,0.395675,330.033,5.29,star M2III,"HIP 11021 ;HD  14652 ;HR  689 ;BF  69    Cet ;",0
37.041585,29.66933,49.8256,5.29,star F0III,"HIP 11486 ;HD  15257 ;HR  717 ;BF  12    Tri ;",0
63.38793,7.716045,36.3372,5.29,star F3V...,"HIP 19719 ;HD  26690 ;HR  1309 ;BF  46    Tau ;",0
66.52626,31.438911,77.6398,5.29,star K1III,"HIP 20704 ;HD  27971 ;HR  1390 ;",0
72.001035,56.757183,52.7704,5.29,star A3m,"HIP 22287 ;HD  30121 ;HR  1511 ;BF  4    Cam ;",0
79.99593,-12.315585,102.2495,5.29,star B7/B8V,"HIP 24873 ;HD  34863 ;HR  1757 ;BF  7Nu  Lep ;",0
85.563315,-34.667812,131.406,5.29,star B9/B9.5V,"HIP 26868 ;HD  38170 ;HR  1973 ;",0
88.70874,-52.635481,34.6981,5.29,star F0Ve...,"HIP 27947 ;HD  40292 ;HR  2094 ;",0
103.94553,-22.941439,100000,5.29,star B2/B3III,"HIP 33316 ;HD  51283 ;HR  2595 ;",0
109.713645,-26.585854,384.6154,5.29,star G2II,"HIP 35427 ;HD  57146 ;HR  2786 ;",0
147.97098,24.395369,41.4594,5.29,star A5IV,"HIP 48390 ;HD  85376 ;HR  3900 ;BF  22    Leo ;",0
187.227945,25.912852,72.8863,5.29,star A0p,"HIP 60904 ;HD  108662 ;HR  4752 ;BF  17    Com ;",0
213.71187,10.10061,81.2348,5.29,star K1III,"HIP 69612 ;HD  124679 ;HR  5330 ;BF  15    Boo ;",0
273.803775,-20.72827,100000,5.29,star B0/1Ia/ab,"HIP 89439 ;HD  167264 ;HR  6822 ;BF  15    Sgr ;",0
283.69845,-87.605843,78.7402,5.29,star K3III,"HIP 92824 ;HD  164461 ;HR  6721 ;BF  Chi Oct ;",0
321.71502,48.835168,126.1034,5.29,star A6pe...,"HIP 105898 ;HD  204411 ;HR  8216 ;",0
323.024475,-41.17931,142.8571,5.29,star K0III,"HIP 106327 ;HD  204783 ;HR  8229 ;BF  Xi  Gru ;",0
326.518185,22.94888,427.3504,5.29,star K0Ib,"HIP 107472 ;HD  207089 ;HR  8321 ;BF  12    Peg ;",0
331.197585,-0.906343,68.1199,5.29,star A5m,"HIP 108991 ;HD  209625 ;HR  8410 ;BF  32    Aqr ;",0
10.27995,39.458664,108.8139,5.3,star G8III,"HIP 3231 ;HD  3817 ;HR  175 ;BF  32    And ;",0
39.351375,-52.543086,45.5581,5.3,star A6V,"HIP 12225 ;HD  16555 ;HR  778 ;BF  Eta Hor ;",0
40.171125,27.060943,70.9723,5.3,star A3V,"HIP 12489 ;HD  16628 ;HR  782 ;BF  33    Ari ;",0
53.109465,46.056862,36.324,5.3,star F4IIIvar,"HIP 16499 ;HD  21770 ;HR  1069 ;BF  36    Per ;",0
70.693485,-50.481334,114.8106,5.3,star K0/K1III,"HIP 21914 ;HD  30185 ;HR  1516 ;BF  Lam Pic ;",0
70.726335,43.365138,73.9645,5.3,star A1Vn,"HIP 21928 ;HD  29722 ;HR  1494 ;BF  59    Per ;",0
75.679185,-71.3143,243.309,5.3,star G8III,"HIP 23467 ;HD  33285 ;HR  1677 ;BF  Bet Men ;",0
101.497485,-14.796127,130.039,5.3,star A1IV/V,"HIP 32411 ;HD  49048 ;HR  2498 ;",0
108.06588,-40.498808,126.1034,5.3,star A3p...,"HIP 34802 ;HD  55719 ;HR  2727 ;",0
116.02881,25.784159,194.5525,5.3,star K5III,"HIP 37704 ;HD  62285 ;HR  2983 ;BF  76    Gem ;",0
119.58606,2.224767,74.0741,5.3,star K0III,"HIP 38962 ;HD  65345 ;HR  3110 ;BF  14    CMi ;",0
121.94106,21.581816,23.2883,5.3,star G2IV,"HIP 39780 ;HD  67228 ;HR  3176 ;BF  10Mu 2Cnc ;",0
132.34053,-3.443023,138.1215,5.3,star B9MNp...,"HIP 43305 ;HD  75333 ;HR  3500 ;BF  14    Hya ;",0
138.450885,43.217825,178.2531,5.3,star B8IIIMNp,"HIP 45290 ;HD  79158 ;HR  3652 ;BF  36    Lyn ;",0
145.17741,-57.983553,72.5689,5.3,star A3IV,"HIP 47479 ;HD  84121 ;HR  3863 ;",0
152.52453,-12.815923,27.7393,5.3,star F2/F3IV/V,"HIP 49809 ;HD  88215 ;HR  3991 ;",0
172.267215,39.336974,65.2316,5.3,star A2V,"HIP 56034 ;HD  99787 ;HR  4422 ;BF  57    UMa ;",0
260.839965,-28.142831,251.2563,5.3,star K4/K5III,"HIP 85084 ;HD  157236 ;HR  6459 ;BF  43    Oph ;",0
274.794495,24.446059,298.5075,5.3,star K4II SB,"HIP 89773 ;HD  168532 ;HR  6860 ;BF  105    Her ;",0
295.180755,-16.293268,73.7463,5.3,star K1III,"HIP 96808 ;HD  185644 ;HR  7476 ;BF  54    Sgr ;",0
299.963925,-34.697799,48.4966,5.3,star A4/A5IV,"HIP 98421 ;HD  189118 ;HR  7624 ;BF  The2Sgr ;",0
304.19619,24.671102,134.2282,5.3,star G8III,"HIP 99951 ;HD  192944 ;HR  7753 ;BF  24    Vul ;",0
305.79456,5.342987,75.5858,5.3,star G8III-IV,"HIP 100541 ;HD  194013 ;HR  7794 ;",0
314.568135,22.325908,138.6963,5.3,star K4III,"HIP 103511 ;HD  199697 ;HR  8032 ;BF  33    Vul ;",0
314.768655,4.293481,54.0833,5.3,star F5III...,"HIP 103569 ;HD  199766 ;HR  8034 ;BF  1Eps Equ ;",0
317.140095,-21.193669,55.1268,5.3,star A0V,"HIP 104365 ;HD  201184 ;HR  8087 ;GL  Wo 9720 ;BF  25Chi Cap ;",0
321.839025,37.116798,400,5.3,star B3V,"HIP 105942 ;HD  204403 ;HR  8215 ;BF  70    Cyg ;",0
325.56438,5.680137,223.7136,5.3,star M2III,"HIP 107151 ;HD  206487 ;HR  8289 ;BF  7    Peg ;",0
346.913625,46.387231,106.9519,5.3,star K5III,"HIP 114200 ;HD  218452 ;HR  8804 ;BF  4    And ;",0
355.15899,-32.073125,89.4454,5.3,star K0III,"HIP 116820 ;HD  222433 ;HR  8975 ;BF  Mu  Scl ;",0
358.15461,10.94732,56.0224,5.3,star A4Vn,"HIP 117730 ;HD  223781 ;HR  9039 ;BF  82    Peg ;",0
33.40092,51.065818,64.9773,5.31,star G8III:var,"HIP 10366 ;HD  13530 ;HR  645 ;",0
34.820055,47.379973,75.358,5.31,star A1V,"HIP 10819 ;HD  14212 ;HR  670 ;BF  62    And ;",0
86.61405,-46.59718,143.8849,5.31,star K0/K1II,"HIP 27243 ;HD  38871 ;HR  2008 ;",0
116.017425,50.433794,226.7574,5.31,star A0IIIn,"HIP 37701 ;HD  61931 ;HR  2969 ;",0
133.46082,-47.520778,77.2798,5.31,star Am,"HIP 43671 ;HD  76360 ;HR  3551 ;",0
139.237845,-39.401539,105.8201,5.31,star K2III,"HIP 45544 ;HD  80170 ;HR  3694 ;",0
168.966255,13.307578,118.4834,5.31,star K3III,"HIP 55016 ;HD  97907 ;HR  4365 ;BF  73    Leo ;",0
175.262565,34.201635,9.6117,5.31,star G8Vvar,"HIP 56997 ;HD  101501 ;HR  4496 ;GL  Gl 434 ;BF  61    UMa ;",0
176.97876,8.245895,59.1716,5.31,star A1,"HIP 57562 ;HD  102510 ;HR  4528 ;BF  4    Vir ;",0
183.511275,-45.723919,175.1313,5.31,star K3III,"HIP 59654 ;HD  106321 ;HR  4652 ;",0
198.545415,-19.930947,38.9712,5.31,star G8III/IV,"HIP 64577 ;HD  114946 ;HR  4995 ;BF  55    Vir ;",0
247.924035,-41.817145,833.3333,5.31,star B1Ia,"HIP 80945 ;HD  148688 ;HR  6142 ;",0
262.59915,-1.062922,16.3425,5.31,star G8IV-V,"HIP 85667 ;HD  158614 ;HR  6516 ;GL  Gl 678A ;",0
287.46963,-68.424448,37.3832,5.31,star G8/K0III/IV,"HIP 94150 ;HD  177389 ;HR  7221 ;",0
318.93684,-15.1715,187.6173,5.31,star M2III,"HIP 104974 ;HD  202369 ;HR  8128 ;BF  29    Cap ;",0
336.23457,-57.797415,20.5634,5.31,star F9V,"HIP 110649 ;HD  212330 ;HR  8531 ;GL  Gl 857 ;",0
17.663685,68.778621,84.8896,5.32,star A0Vnn,"HIP 5518 ;HD  6829 ;HR  336 ;BF  31    Cas ;",0
45.67614,-7.685472,81.1688,5.32,star K0II-III,"HIP 14168 ;HD  18953 ;HR  917 ;BF  9Rho2Eri ;",0
50.804955,49.213269,166.113,5.32,star B5V,"HIP 15770 ;HD  20809 ;HR  1011 ;",0
60.93585,5.435624,196.4637,5.32,star B3V,"HIP 18957 ;HD  25558 ;HR  1253 ;BF  40    Tau ;",0
69.306975,0.998314,261.0966,5.32,star B7V,"HIP 21515 ;HD  29335 ;HR  1469 ;",0
83.56989,3.766895,84.6024,5.32,star A2V,"HIP 26126 ;HD  36777 ;HR  1872 ;BF  38    Ori ;",0
117.25698,-24.912208,86.2813,5.32,star G2,"HIP 38146 ;HD  63660 ;HR  3043 ;",0
126.26559,-24.046212,143.472,5.32,star K4/K5III,"HIP 41260 ;HD  71176 ;HR  3315 ;",0
162.314295,10.545202,116.6861,5.32,star A2V,"HIP 52911 ;HD  93702 ;HR  4227 ;BF  53    Leo ;",0
175.618335,66.744906,184.5018,5.32,star K3III,"HIP 57111 ;HD  101673 ;HR  4504 ;BF  3    Dra ;",0
185.89761,-35.412677,136.2398,5.32,star B8/B9V,"HIP 60449 ;HD  107832 ;HR  4712 ;",0
201.30852,-64.485144,39.2003,5.32,star F2III,"HIP 65479 ;HD  116457 ;HR  5048 ;",0
222.329385,-14.149022,72.9395,5.32,star Ap,"HIP 72489 ;HD  130559 ;HR  5523 ;BF  7Mu  Lib ;",0
223.936275,-33.855785,77.821,5.32,star A0V,"HIP 73049 ;HD  131625 ;HR  5558 ;",0
228.79731,4.939362,114.4165,5.32,star K0III,"HIP 74649 ;HD  135482 ;HR  5675 ;BF  3    Ser ;",0
245.61666,-49.572354,141.844,5.32,star B6IV,"HIP 80208 ;HD  147152 ;HR  6083 ;",0
258.115875,10.585168,334.4482,5.32,star M2III,"HIP 84177 ;HD  155644 ;HR  6393 ;BF  37    Oph ;",0
297.96084,-39.874367,92.4214,5.32,star A0p,"HIP 97749 ;HD  187474 ;HR  7552 ;",0
300.46845,-66.943966,72.4638,5.32,star K2IVCN...,"HIP 98624 ;HD  188887 ;HR  7612 ;BF  Mu 2Pav ;",0
302.79948,-36.101212,6.015,5.32,star K2V,"HIP 99461 ;HD  191408 ;HR  7703 ;GL  Gl 783A ;",0
315.741495,-38.631447,35.3732,5.32,star F3V,"HIP 103882 ;HD  200163 ;HR  8048 ;BF  Zet Mic ;",0
342.594825,-80.123845,151.0574,5.32,star B6IV,"HIP 112781 ;HD  215573 ;HR  8663 ;BF  Xi  Oct ;",0
16.420635,21.473181,84.317,5.33,star A1Vn,"HIP 5131 ;HD  6456 ;HR  310 ;BF  74Psi1Psc ;",0
64.819515,-44.267919,77.2798,5.33,star K2III,"HIP 20161 ;HD  27588 ;HR  1364 ;",0
73.344885,2.508225,181.1594,5.33,star M1III,"HIP 22730 ;HD  31139 ;HR  1562 ;BF  5    Ori ;",0
73.699095,7.779097,147.7105,5.33,star K1III,"HIP 22834 ;HD  31296 ;HR  1571 ;",0
76.970385,8.498429,64.6412,5.33,star Am,"HIP 23879 ;HD  33054 ;HR  1664 ;BF  14    Ori ;",0
121.82517,-20.554342,473.9336,5.33,star A3Ib/II,"HIP 39734 ;HD  67456 ;HR  3183 ;",0
124.95411,-71.514906,133.3333,5.33,star B9III/IV,"HIP 40817 ;HD  71046 ;HR  3301 ;BF  Kap1Vol ;",0
127.26981,-47.928923,653.5948,5.33,star B2IV,"HIP 41616 ;HD  72108 ;HR  3358 ;",0
127.89888,18.09442,127.2265,5.33,star K5III,"HIP 41822 ;HD  72094 ;HR  3357 ;BF  31The Cnc ;",0
128.177085,20.441162,91.4913,5.33,star K3III,"HIP 41909 ;HD  72292 ;HR  3366 ;BF  33Eta Cnc ;",0
161.569035,-64.514559,145.9854,5.33,star B7:V,"HIP 52678 ;HD  93540 ;HR  4219 ;",0
199.31511,13.675751,99.5025,5.33,star K3III,"HIP 64823 ;HD  115478 ;HR  5013 ;",0
275.72115,-36.669556,170.6485,5.33,star B7Ib/II,"HIP 90074 ;HD  168733 ;HR  6870 ;",0
284.561445,17.360912,473.9336,5.33,star F8Ib,"HIP 93124 ;HD  176155 ;HR  7165 ;",0
297.004815,-56.362611,49.554,5.33,star A9Vn,"HIP 97421 ;HD  186543 ;HR  7510 ;BF  Nu  Tel ;",0
300.013785,17.516511,312.5,5.33,star M4IIIa,"HIP 98438 ;HD  189577 ;HR  7645 ;BF  13    Sge ;",0
333.57513,-21.074566,71.582,5.33,star K1III,"HIP 109786 ;HD  210960 ;HR  8480 ;BF  41    Aqr ;",0
353.36706,22.498775,159.4896,5.33,star M5IIIa,"HIP 116264 ;HD  221615 ;HR  8940 ;BF  71    Peg ;",0
30.311385,-30.00183,90.2527,5.34,star G8III,"HIP 9440 ;HD  12438 ;HR  594 ;BF  Pi  For ;",0
43.42752,38.337488,70.6714,5.34,star F4Vvar,"HIP 13490 ;HD  17904 ;HR  855 ;BF  20    Per ;",0
56.41851,6.049991,163.6661,5.34,star B3V,"HIP 17563 ;HD  23466 ;HR  1153 ;BF  29    Tau ;",0
64.90293,21.773491,100,5.34,star A0p Si,"HIP 20186 ;HD  27309 ;HR  1341 ;BF  56    Tau ;",0
79.796745,2.595806,61.9579,5.34,star F5IIvar,"HIP 24817 ;HD  34658 ;HR  1746 ;BF  21    Ori ;",0
83.1723,-1.591831,478.4689,5.34,star B1IV,"HIP 25980 ;HD  36591 ;HR  1861 ;",0
83.248095,-64.227517,71.0227,5.34,star G8/K0III,"HIP 26001 ;HD  37297 ;HR  1917 ;",0
93.8547,16.143175,160.2564,5.34,star B7V,"HIP 29704 ;HD  43153 ;HR  2223 ;BF  72    Ori ;",0
95.442165,53.452179,59.2066,5.34,star F5III...,"HIP 30247 ;HD  43905 ;HR  2264 ;BF  45    Aur ;",0
99.704925,39.902559,420.1681,5.34,star B8III,"HIP 31789 ;HD  47100 ;HR  2420 ;BF  52Psi3Aur ;",0
101.706255,57.169176,64.6831,5.34,star K0III,"HIP 32489 ;HD  48432 ;HR  2477 ;BF  13    Lyn ;",0
103.27107,59.448543,149.2537,5.34,star G4III...,"HIP 33048 ;HD  49618 ;HR  2520 ;BF  14    Lyn ;",0
113.78667,30.960924,114.1553,5.34,star K0III,"HIP 36896 ;HD  60318 ;HR  2896 ;",0
123.20328,68.474072,230.4147,5.34,star G8II,"HIP 40215 ;HD  67447 ;HR  3182 ;",0
132.64473,-66.792981,51.9211,5.34,star F5IV,"HIP 43414 ;HD  76143 ;HR  3537 ;",0
141.0402,-80.786876,58.1395,5.34,star F3/F5IV,"HIP 46107 ;HD  82554 ;HR  3795 ;BF  Iot Cha ;",0
155.87217,-38.009839,41.4594,5.34,star A8V,"HIP 50888 ;HD  90132 ;HR  4086 ;",0
181.162185,-68.328912,106.4963,5.34,star A0V,"HIP 58884 ;HD  104878 ;HR  4604 ;",0
182.06133,-48.692487,183.8235,5.34,star A1V,"HIP 59184 ;HD  105416 ;HR  4620 ;",0
193.98807,-56.835806,100000,5.34,star O9Ib,"HIP 63117 ;HD  112244 ;HR  4908 ;",0
216.20262,-24.80631,140.647,5.34,star K0III,"HIP 70469 ;HD  126218 ;HR  5390 ;",0
235.44756,12.847528,67.3854,5.34,star A0p Sr,"HIP 76866 ;HD  140160 ;HR  5843 ;BF  20Chi Ser ;",0
253.24194,31.701674,29.1886,5.34,star F0V,"HIP 82587 ;HD  152598 ;HR  6279 ;BF  53    Her ;",0
293.671905,42.412509,176.6784,5.34,star A2V,"HIP 96288 ;HD  184875 ;HR  7444 ;",0
313.41741,-39.809865,122.6994,5.34,star K2III,"HIP 103127 ;HD  198716 ;HR  7987 ;",0
327.536235,17.285851,33.4225,5.34,star F2III-IV,"HIP 107788 ;HD  207652 ;HR  8344 ;BF  13    Peg ;",0
333.19926,34.604592,79.1139,5.34,star K2III,"HIP 109654 ;HD  210889 ;HR  8475 ;",0
334.20018,-12.831436,179.8561,5.34,star K1III,"HIP 110000 ;HD  211361 ;HR  8496 ;BF  42    Aqr ;",0
344.26875,48.684068,251.8892,5.34,star B4IIIpe,"HIP 113327 ;HD  217050 ;HR  8731 ;",0
12.68163,64.247549,196.0784,5.35,star A4V comp SB,"HIP 3951 ;HD  4775 ;HR  233 ;",0
14.006205,-11.266526,168.9189,5.35,star K4III,"HIP 4371 ;HD  5437 ;HR  267 ;BF  22Phi3Cet ;",0
21.563595,19.172346,25.2143,5.35,star F2V:var,"HIP 6706 ;HD  8723 ;HR  413 ;BF  93Rho Psc ;",0
71.50725,11.705591,72.1501,5.35,star Am...,"HIP 22157 ;HD  30210 ;HR  1519 ;",0
91.646235,38.482644,104.4932,5.35,star A4m,"HIP 28946 ;HD  41357 ;HR  2143 ;BF  40    Aur ;",0
92.49585,58.935694,116.8224,5.35,star G8III,"HIP 29246 ;HD  41597 ;HR  2152 ;BF  37    Cam ;",0
111.18273,-31.808905,202.4291,5.35,star K1III,"HIP 35957 ;HD  58535 ;HR  2834 ;",0
112.483005,49.672463,20.2388,5.35,star F6V,"HIP 36439 ;HD  58855 ;HR  2849 ;GL  Wo 9234 ;BF  22    Lyn ;",0
130.254435,45.83401,55.2792,5.35,star G0IV,"HIP 42604 ;HD  73593 ;HR  3422 ;BF  34    Lyn ;",0
143.08032,-40.649335,129.8701,5.35,star G8III,"HIP 46811 ;HD  82694 ;HR  3807 ;",0
205.76547,3.537903,73.0994,5.35,star K1III,"HIP 66936 ;HD  119425 ;HR  5159 ;BF  84    Vir ;",0
230.25831,0.715337,73.3676,5.35,star K3III,"HIP 75119 ;HD  136514 ;HR  5710 ;BF  6    Ser ;",0
238.65774,43.138567,200.4008,5.35,star M3III,"HIP 77907 ;HD  142780 ;HR  5932 ;BF  2    Her ;",0
242.031585,-26.326679,146.8429,5.35,star M2III,"HIP 79050 ;HD  144690 ;HR  6001 ;",0
247.426365,-46.243229,558.6592,5.35,star B1.5Iap,"HIP 80782 ;HD  148379 ;HR  6131 ;",0
253.842375,18.433213,120.048,5.35,star K4III,"HIP 82802 ;HD  152879 ;HR  6293 ;BF  54    Her ;",0
264.156855,48.585634,108.3424,5.35,star K1III,"HIP 86182 ;HD  160290 ;HR  6574 ;BF  82    Her ;",0
284.07066,-42.710676,90.5797,5.35,star G6III-IV,"HIP 92953 ;HD  175219 ;HR  7122 ;",0
288.169635,-7.939518,300.3003,5.35,star B3V,"HIP 94385 ;HD  179406 ;HR  7279 ;BF  20    Aql ;",0
335.049645,-7.821102,270.2703,5.35,star B8IIIMNp...,"HIP 110273 ;HD  211838 ;HR  8512 ;BF  46Rho Aqr ;",0
350.478885,31.812465,254.4529,5.35,star B6III,"HIP 115355 ;HD  220222 ;HR  8887 ;BF  64    Peg ;",0
354.78474,50.471733,129.199,5.35,star B9V,"HIP 116709 ;HD  222304 ;HR  8967 ;BF  18    And ;",0
9.98154,21.438495,127.0648,5.36,star F3V...,"HIP 3138 ;HD  3690 ;HR  167 ;BF  55    Psc ;",0
11.63733,15.475504,238.0952,5.36,star M4III,"HIP 3632 ;HD  4408 ;HR  211 ;BF  57    Psc ;",0
16.82757,-61.775289,93.2836,5.36,star G5III,"HIP 5268 ;HD  6793 ;HR  332 ;BF  Iot Tuc ;",0
36.224805,-60.311947,49.3827,5.36,star F2III,"HIP 11258 ;HD  15233 ;HR  714 ;BF  Lam Hor ;",0
38.03925,-1.034896,81.4332,5.36,star G3III:,"HIP 11791 ;HD  15779 ;HR  739 ;BF  75    Cet ;",0
61.04115,2.826947,35.3982,5.36,star F6IV,"HIP 18993 ;HD  25621 ;HR  1257 ;",0
69.99189,53.473021,44.4642,5.36,star A8V,"HIP 21730 ;HD  29316 ;HR  1466 ;BF  2    Cam ;",0
83.381025,-1.156073,450.4505,5.36,star B1V,"HIP 26063 ;HD  36695 ;HR  1868 ;",0
87.841605,-7.518003,321.5434,5.36,star B2IV-V,"HIP 27658 ;HD  39291 ;HR  2031 ;BF  55    Ori ;",0
93.21273,65.718422,219.2982,5.36,star K2II-III,"HIP 29490 ;HD  41927 ;HR  2165 ;BF  36    Cam ;",0
94.710765,-9.390018,144.0922,5.36,star K1III,"HIP 29996 ;HD  43993 ;HR  2267 ;",0
108.58359,3.111414,227.2727,5.36,star K0III,"HIP 34987 ;HD  55751 ;HR  2729 ;",0
108.83781,-30.686447,192.6782,5.36,star B2V,"HIP 35083 ;HD  56342 ;HR  2756 ;",0
116.39604,-34.172363,15.2091,5.36,star G0V,"HIP 37853 ;HD  63077 ;HR  3018 ;GL  Gl 288A ;",0
119.24085,-43.500411,480.7692,5.36,star B2.5V,"HIP 38846 ;HD  65460 ;HR  3114 ;",0
122.887515,-7.772539,89.1266,5.36,star G8III,"HIP 40107 ;HD  68312 ;HR  3212 ;",0
138.80772,14.941507,186.2197,5.36,star K1III,"HIP 45410 ;HD  79554 ;HR  3669 ;BF  82Pi 2Cnc ;",0
145.93293,14.021692,187.2659,5.36,star M2III,"HIP 47723 ;HD  84194 ;HR  3866 ;BF  16Psi Leo ;",0
160.669035,-59.215759,100000,5.36,star B2.5Ia,"HIP 52405 ;HD  92964 ;HR  4198 ;",0
161.46624,30.682313,117.2333,5.36,star A1Vn,"HIP 52638 ;HD  93152 ;HR  4203 ;BF  42    LMi ;",0
179.98713,3.655197,93.633,5.36,star A1V,"HIP 58510 ;HD  104181 ;HR  4585 ;BF  7    Vir ;",0
200.754645,-17.735274,93.8086,5.36,star K0III,"HIP 65301 ;HD  116292 ;HR  5044 ;BF  63    Vir ;",0
221.32203,-62.875648,48.4496,5.36,star A7Vn,"HIP 72131 ;HD  129422 ;HR  5482 ;",0
231.18756,-39.710268,124.6883,5.36,star Ap...,"HIP 75439 ;HD  136933 ;HR  5719 ;BF  Ups Lup ;",0
234.72732,-19.301892,95.4198,5.36,star G8III/IV,"HIP 76628 ;HD  139446 ;HR  5814 ;BF  41    Lib ;",0
260.040975,25.537603,136.9863,5.36,star A3III,"HIP 84821 ;HD  157087 ;HR  6455 ;",0
274.28139,-56.023351,233.1002,5.36,star B3IIIpe,"HIP 89605 ;HD  167128 ;HR  6819 ;",0
284.16873,-37.343241,131.9261,5.36,star B3V,"HIP 92989 ;HD  175362 ;HR  7129 ;",0
311.88975,80.552262,122.2494,5.36,star K1III,"HIP 102599 ;HD  199437 ;HR  8016 ;",0
334.564335,-53.627073,13.7855,5.36,star G1V,"HIP 110109 ;HD  211415 ;HR  8501 ;GL  Gl 853A ;",0
355.39371,-18.027077,232.0186,5.36,star K4/K5III,"HIP 116889 ;HD  222547 ;HR  8980 ;BF  103    Aqr ;",0
26.496915,-5.733299,168.9189,5.37,star K4III,"HIP 8230 ;HD  10824 ;HR  513 ;",0
75.702915,-49.151407,26.0756,5.37,star F2V,"HIP 23482 ;HD  32743 ;HR  1649 ;GL  Gl 187 ;BF  Eta1Pic ;",0
83.863035,24.039589,169.4915,5.37,star B2.5IV,"HIP 26248 ;HD  36819 ;HR  1875 ;BF  121    Tau ;",0
91.6614,-4.193836,324.6753,5.37,star B5IV,"HIP 28949 ;HD  41692 ;HR  2154 ;",0
93.918855,59.998975,150.8296,5.37,star K3III,"HIP 29730 ;HD  42633 ;HR  2201 ;BF  40    Cam ;",0
96.369345,-69.690299,82.7815,5.37,star G8III,"HIP 30565 ;HD  46116 ;HR  2377 ;BF  Pi 2Dor ;",0
110.87079,-27.834294,189.0359,5.37,star K4III,"HIP 35848 ;HD  58215 ;HR  2822 ;",0
111.242415,11.669524,96.9932,5.37,star A5IV,"HIP 35987 ;HD  58187 ;HR  2820 ;BF  1    CMi ;",0
120.04896,73.917919,269.5418,5.37,star K3III,"HIP 39117 ;HD  64307 ;HR  3075 ;",0
150.25296,31.923672,15.0466,5.37,star G1V,"HIP 49081 ;HD  86728 ;HR  3951 ;GL  Gl 376 ;BF  20    LMi ;",0
168.137865,-49.100996,50.4032,5.37,star A2III,"HIP 54746 ;HD  97495 ;HR  4350 ;",0
187.489005,58.405742,83.7521,5.37,star A5e...,"HIP 60978 ;HD  108844 ;HR  4760 ;BF  74    UMa ;",0
194.979975,66.597272,191.5709,5.37,star K2III,"HIP 63432 ;HD  113092 ;HR  4928 ;BF  9    Dra ;",0
224.471325,-76.662655,114.8106,5.37,star K4III,"HIP 73223 ;HD  131109 ;HR  5540 ;",0
244.313925,59.755023,226.7574,5.37,star M4IIIa,"HIP 79804 ;HD  147232 ;HR  6086 ;",0
246.005325,-39.19298,12.7779,5.37,star G3/G5V,"HIP 80337 ;HD  147513 ;HR  6094 ;GL  Gl 620.1A ;",0
270.712905,-24.282468,331.1258,5.37,star F2/F3II/III,"HIP 88380 ;HD  164584 ;HR  6724 ;BF  7    Sgr ;",0
277.77018,-32.989114,88.8889,5.37,star A5V,"HIP 90763 ;HD  170479 ;HR  6936 ;",0
281.585865,-22.392176,209.6436,5.37,star K5III,"HIP 92111 ;HD  173460 ;HR  7046 ;BF  28    Sgr ;",0
281.592735,75.433964,85.8369,5.37,star A1Vn,"HIP 92112 ;HD  175286 ;HR  7124 ;BF  50    Dra ;",0
332.482095,-34.014967,63.3714,5.37,star A5IV,"HIP 109404 ;HD  210271 ;HR  8444 ;",0
333.0084,60.759095,112.1076,5.37,star K1III,"HIP 109592 ;HD  210939 ;HR  8479 ;",0
335.11491,5.789498,390.625,5.37,star B5IV,"HIP 110298 ;HD  211924 ;HR  8513 ;BF  30    Peg ;",0
346.16502,-53.964905,111.6071,5.37,star K5III,"HIP 113957 ;HD  217902 ;HR  8774 ;BF  Kap Gru ;",0
5.149425,8.190271,125,5.38,star K3III,"HIP 1645 ;HD  1635 ;HR  80 ;BF  41    Psc ;",0
6.197895,61.831057,215.0538,5.38,star B9III,"HIP 1960 ;HD  2011 ;HR  93 ;BF  12    Cas ;",0
8.147835,20.294316,80,5.38,star K0III,"HIP 2568 ;HD  2910 ;HR  131 ;BF  52    Psc ;",0
10.618035,-65.46803,41.0341,5.38,star F6V,"HIP 3330 ;HD  4089 ;HR  187 ;BF  Rho Tuc ;",0
38.94504,34.687558,193.7984,5.38,star M3III,"HIP 12086 ;HD  16058 ;HR  750 ;BF  15    Tri ;",0
60.6531,-0.268923,18.8324,5.38,star F5V,"HIP 18859 ;HD  25457 ;HR  1249 ;GL  Gl 159 ;",0
65.16255,-20.639622,145.7726,5.38,star A0V,"HIP 20264 ;HD  27616 ;HR  1367 ;",0
65.645595,25.629314,89.2857,5.38,star B9V,"HIP 20430 ;HD  27638 ;HR  1369 ;BF  59Chi Tau ;",0
69.77565,7.870976,49.1642,5.38,star A5m,"HIP 21670 ;HD  29499 ;HR  1480 ;",0
79.75011,33.748394,126.7427,5.38,star A0p...,"HIP 24799 ;HD  34452 ;HR  1732 ;",0
110.16171,-52.085924,147.2754,5.38,star B9V,"HIP 35589 ;HD  57917 ;HR  2815 ;",0
118.916235,19.88397,114.8106,5.38,star A0Vs,"HIP 38722 ;HD  64648 ;HR  3086 ;BF  85    Gem ;",0
139.322235,-68.689642,32.6371,5.38,star F4V,"HIP 45571 ;HD  80671 ;HR  3712 ;GL  Gl 340.1A ;",0
141.944925,-6.071187,30.4136,5.38,star G2V,"HIP 46404 ;HD  81809 ;HR  3750 ;GL  Gl 344A ;",0
185.706045,-57.676132,110.8647,5.38,star B9V,"HIP 60379 ;HD  107696 ;HR  4706 ;",0
186.870285,-58.991756,135.8696,5.38,star M4/M5III,"HIP 60781 ;HD  108396 ;HR  4739 ;",0
192.30744,83.412901,178.8909,5.38,star A1IIIsh,"HIP 62572 ;HD  112028 ;HR  4893 ;",0
205.504605,-58.787078,239.8082,5.38,star B9IV,"HIP 66849 ;HD  118978 ;HR  5140 ;",0
217.587345,-49.519018,62.3441,5.38,star A1V,"HIP 70931 ;HD  126983 ;HR  5413 ;",0
224.071845,-52.809548,61.5006,5.38,star A2III,"HIP 73095 ;HD  131562 ;HR  5556 ;",0
230.452425,32.933695,80.3213,5.38,star B9Vn,"HIP 75178 ;HD  136849 ;HR  5718 ;BF  50    Boo ;",0
238.47465,-24.533157,128.866,5.38,star B5V,"HIP 77858 ;HD  142165 ;HR  5906 ;",0
260.1648,32.467743,14.3266,5.38,star G0V,"HIP 84862 ;HD  157214 ;HR  6458 ;GL  Gl 672 ;BF  72    Her ;",0
277.420755,-1.985308,70.4225,5.38,star K0III,"HIP 90642 ;HD  170474 ;HR  6935 ;BF  60    Ser ;",0
278.486235,52.353517,195.6947,5.38,star K0III,"HIP 91013 ;HD  171779 ;HR  6983 ;",0
279.115965,9.122491,38.5208,5.38,star F5III,"HIP 91217 ;HD  171802 ;HR  6985 ;",0
281.870625,-5.705147,100000,5.38,star K0Ibpvar,"HIP 92202 ;HD  173819 ;HR  7066 ;",0
289.09059,-45.466033,167.2241,5.38,star K3III,"HIP 94712 ;HD  179886 ;HR  7289 ;",0
297.694935,-10.763512,27.8707,5.38,star F0V,"HIP 97650 ;HD  187532 ;HR  7553 ;BF  51    Aql ;",0
301.590825,35.972468,23.9464,5.38,star K0IV,"HIP 99031 ;HD  191026 ;HR  7689 ;BF  27    Cyg ;",0
307.060305,81.422708,139.6648,5.38,star G9III,"HIP 100965 ;HD  196787 ;HR  7901 ;BF  75    Dra ;",0
315.29553,46.155773,467.2897,5.38,star B1V,"HIP 103732 ;HD  200310 ;HR  8053 ;BF  60    Cyg ;",0
321.039975,-20.851869,73.3676,5.38,star K0III,"HIP 105665 ;HD  203638 ;HR  8183 ;BF  33    Cap ;",0
332.791035,50.823393,56.1482,5.38,star A5V,"HIP 109521 ;HD  210715 ;HR  8463 ;",0
15.704955,-46.397311,73.0994,5.39,star G8III,"HIP 4890 ;HD  6245 ;HR  299 ;",0
42.47574,-27.941981,140.647,5.39,star A1V,"HIP 13202 ;HD  17729 ;HR  845 ;BF  Gam2For ;",0
58.99236,47.87142,223.7136,5.39,star B6V,"HIP 18396 ;HD  24504 ;HR  1207 ;",0
62.707755,26.480952,62.9327,5.39,star F2IV-V,"HIP 19513 ;HD  26322 ;HR  1287 ;BF  44    Tau ;",0
71.10762,11.146137,45.8295,5.39,star F0V,"HIP 22044 ;HD  30034 ;HR  1507 ;",0
74.96022,-10.263325,53.9665,5.39,star G4V,"HIP 23221 ;HD  32008 ;HR  1608 ;BF  63    Eri ;",0
94.27758,9.94239,69.1085,5.39,star A2V,"HIP 29850 ;HD  43525 ;HR  2247 ;BF  75    Ori ;",0
101.7195,-51.265667,252.5253,5.39,star K1II/IIIp+G:,"HIP 32494 ;HD  49689 ;HR  2523 ;",0
102.24057,-15.144726,162.0746,5.39,star B7IV,"HIP 32677 ;HD  49662 ;HR  2522 ;",0
121.19652,79.479612,99.0099,5.39,star A0p...,"HIP 39538 ;HD  64486 ;HR  3082 ;",0
142.885065,35.103273,147.0588,5.39,star M1III,"HIP 46735 ;HD  82198 ;HR  3769 ;BF  8    LMi ;",0
171.00969,1.407765,108.4599,5.39,star G8IIICN...,"HIP 55650 ;HD  99055 ;HR  4400 ;BF  79    Leo ;",0
173.405055,-40.586637,118.2033,5.39,star A2IV/V,"HIP 56391 ;HD  100493 ;HR  4453 ;",0
219.33399,-46.133439,418.41,5.39,star K0III,"HIP 71500 ;HD  128266 ;HR  5450 ;",0
219.709335,44.4045,57.0125,5.39,star A1V,"HIP 71618 ;HD  129002 ;HR  5468 ;BF  33    Boo ;",0
236.523495,-1.804193,137.931,5.39,star B8III,"HIP 77227 ;HD  140873 ;HR  5863 ;BF  25    Ser ;",0
240.26118,33.303509,17.2354,5.39,star G2V,"HIP 78459 ;HD  143761 ;HR  5968 ;GL  Gl 606.2 ;BF  15Rho CrB ;",0
242.460495,-3.466729,146.8429,5.39,star K4III,"HIP 79195 ;HD  145206 ;HR  6016 ;",0
253.72986,20.958488,82.7815,5.39,star G8III,"HIP 82764 ;HD  152815 ;HR  6287 ;",0
260.524485,-70.123208,404.8583,5.39,star B8/B9Vn...,"HIP 84979 ;HD  156190 ;HR  6411 ;BF  Iot Aps ;",0
275.036625,-15.831697,159.7444,5.39,star K3III,"HIP 89851 ;HD  168415 ;HR  6858 ;",0
285.056985,50.533466,205.7613,5.39,star B2.5IV,"HIP 93299 ;HD  177003 ;HR  7210 ;",0
293.712195,29.462954,171.2329,5.39,star A0V+...,"HIP 96302 ;HD  184759 ;HR  7441 ;BF  9    Cyg ;",0
297.35541,-72.503378,43.63,5.39,star A4III,"HIP 97534 ;HD  186219 ;HR  7498 ;",0
308.487675,13.027255,72.4113,5.39,star A3IVs,"HIP 101483 ;HD  195943 ;HR  7858 ;BF  3Eta Del ;",0
321.91689,27.608593,58.3431,5.39,star A1V,"HIP 105966 ;HD  204414 ;HR  8217 ;BF  35    Vul ;",0
347.50608,9.822082,248.139,5.39,star B9III,"HIP 114389 ;HD  218700 ;HR  8821 ;BF  58    Peg ;",0
15.760575,-4.836601,102.2495,5.4,star K0III-IV,"HIP 4914 ;HD  6203 ;HR  296 ;BF  25    Cet ;",0
40.638975,-50.800294,17.1674,5.4,star G3IV,"HIP 12653 ;HD  17051 ;HR  810 ;GL  Gl 108 ;BF  Iot Hor ;",0
57.30714,70.87105,106.383,5.4,star A2m,"HIP 17854 ;HD  23277 ;HR  1138 ;",0
65.448405,60.735625,136.7989,5.4,star M0III,"HIP 20376 ;HD  27245 ;HR  1335 ;",0
67.65567,13.724402,45.208,5.4,star F0V,"HIP 21036 ;HD  28556 ;HR  1430 ;BF  83    Tau ;",0
81.79206,17.962216,168.3502,5.4,star B5V,"HIP 25499 ;HD  35671 ;HR  1808 ;BF  115    Tau ;",0
84.658695,30.492412,173.6111,5.4,star A2V + GIII,"HIP 26536 ;HD  37269 ;HR  1914 ;BF  26    Aur ;",0
99.136815,38.4455,100000,5.4,star C5II,"HIP 31579 ;HD  46687 ;HR  2405 ;",0
110.752905,-31.923781,406.5041,5.4,star B3V,"HIP 35795 ;HD  58155 ;HR  2819 ;",0
133.561365,30.579115,141.4427,5.4,star G7III,"HIP 43721 ;HD  75959 ;HR  3532 ;BF  57    Cnc ;",0
142.11417,9.056778,33.1675,5.4,star F9V,"HIP 46454 ;HD  81858 ;HR  3754 ;BF  2Ome Leo ;",0
142.166625,45.601483,85.8369,5.4,star K0III-IV,"HIP 46471 ;HD  81688 ;HR  3743 ;",0
143.91501,35.810133,11.3688,5.4,star G8IV-V,"HIP 47080 ;HD  82885 ;HR  3815 ;GL  Gl 356A ;BF  11    LMi ;",0
168.4398,-0.069502,161.8123,5.4,star A0V,"HIP 54849 ;HD  97585 ;HR  4356 ;BF  69    Leo ;",0
202.113045,59.945787,71.3776,5.4,star A1Vn,"HIP 65728 ;HD  117376 ;HR  5085 ;",0
216.614025,19.2269,89.1266,5.4,star F0m,"HIP 70602 ;HD  126661 ;HR  5405 ;BF  22    Boo ;",0
232.87842,-73.389591,380.2281,5.4,star B1npe,"HIP 76013 ;HD  137387 ;HR  5730 ;BF  Kap1Aps ;",0
245.621745,33.703478,182.1494,5.4,star K5III,"HIP 80214 ;HD  147767 ;HR  6108 ;BF  21Nu 2CrB ;",0
246.16569,-29.704663,33.0907,5.4,star G0,"HIP 80399 ;HD  147722 ;HR  6105 ;",0
281.23815,-39.686188,400,5.4,star K1/K2III+..,"HIP 91989 ;HD  172991 ;HR  7031 ;",0
285.72708,-3.698987,153.1394,5.4,star A1V,"HIP 93526 ;HD  176984 ;HR  7209 ;BF  14    Aql ;",0
286.229865,53.396654,111.1111,5.4,star A0Vn,"HIP 93713 ;HD  178207 ;HR  7251 ;BF  51    Dra ;",0
286.240305,-4.03142,88.7311,5.4,star K1III,"HIP 93717 ;HD  177463 ;HR  7225 ;BF  15    Aql ;",0
301.38666,61.99542,52.687,5.4,star K3III,"HIP 98962 ;HD  191277 ;HR  7701 ;BF  66    Dra ;",0
319.48869,-17.985138,163.6661,5.4,star B5II/III,"HIP 105143 ;HD  202671 ;HR  8137 ;BF  30    Cap ;",0
250.322355,31.601207,10.7956,5.4,star K0 V,"GL  Gl 635B ;",0
318.620865,10.006094,18.4809,5.4,star F7 V,"GL  Gl 822B ;",0
2.89341,-27.799737,243.309,5.41,star K2III,"HIP 930 ;HD  720 ;HR  34 ;BF  Kap2Scl ;",0
11.32161,55.221396,98.8142,5.41,star A2Vs,"HIP 3544 ;HD  4222 ;HR  196 ;",0
23.995695,-15.400183,167.5042,5.41,star K1III,"HIP 7450 ;HD  9856 ;HR  459 ;BF  50    Cet ;",0
102.862425,-70.963411,172.7116,5.41,star B7IV,"HIP 32912 ;HD  51557 ;HR  2602 ;BF  Iot Vol ;",0
106.66986,-11.294014,934.5794,5.41,star B0.5IV,"HIP 34301 ;HD  53974 ;HR  2678 ;",0
110.882895,-32.202067,340.1361,5.41,star B2/B3II/III,"HIP 35855 ;HD  58286 ;HR  2823 ;",0
112.27374,-38.812065,165.0165,5.41,star B3V,"HIP 36363 ;HD  59635 ;HR  2875 ;",0
115.315905,-38.533532,181.8182,5.41,star B3V,"HIP 37450 ;HD  62226 ;HR  2981 ;",0
189.426135,-27.138888,34.3289,5.41,star F0V,"HIP 61621 ;HD  109799 ;HR  4803 ;",0
206.85579,-17.859839,207.4689,5.41,star M2III,"HIP 67288 ;HD  120052 ;HR  5181 ;BF  87    Vir ;",0
214.81782,13.004299,26.096,5.41,star F5IV,"HIP 69989 ;HD  125451 ;HR  5365 ;GL  NN 3841 ;BF  18    Boo ;",0
236.01834,-15.672834,45.7457,5.41,star A6IV,"HIP 77060 ;HD  140417 ;HR  5848 ;BF  44Eta Lib ;",0
238.482765,-23.978094,130.8901,5.41,star B2V,"HIP 77859 ;HD  142184 ;HR  5907 ;",0
247.14159,0.665002,124.8439,5.41,star K4IIIp,"HIP 80693 ;HD  148513 ;HR  6136 ;",0
257.008605,35.935174,54.2594,5.41,star A5m,"HIP 83838 ;HD  155103 ;HR  6377 ;",0
262.2069,0.330625,59.6303,5.41,star A8V,"HIP 85537 ;HD  158352 ;HR  6507 ;",0
274.78974,7.259767,46.7946,5.41,star K2III,"HIP 89772 ;HD  168387 ;HR  6857 ;",0
275.536245,23.285176,199.6008,5.41,star K5III,"HIP 90023 ;HD  169110 ;HR  6882 ;",0
279.155595,33.469036,154.5595,5.41,star B8II-IIIp..,"HIP 91235 ;HD  172044 ;HR  6997 ;",0
294.86034,42.818278,200,5.41,star B9III,"HIP 96693 ;HD  185872 ;HR  7483 ;BF  14    Cyg ;",0
297.686625,-59.193667,84.9618,5.41,star A0IV,"HIP 97646 ;HD  186957 ;HR  7531 ;",0
310.55262,50.34003,390.625,5.41,star B2V,"HIP 102177 ;HD  197511 ;HR  7929 ;BF  51    Cyg ;",0
312.325995,-68.776521,92.5926,5.41,star K0III,"HIP 102773 ;HD  197635 ;HR  7934 ;BF  Sig Pav ;",0
318.322185,-27.619333,112.4859,5.41,star K3III,"HIP 104750 ;HD  201901 ;HR  8110 ;",0
2.337765,-27.987928,77.4593,5.42,star F3V,"HIP 761 ;HD  493 ;HR  24 ;BF  Kap1Scl ;",0
7.110405,-39.915002,115.2074,5.42,star M0III,"HIP 2240 ;HD  2490 ;HR  109 ;",0
11.941785,74.847573,236.4066,5.42,star B8III,"HIP 3721 ;HD  4382 ;HR  208 ;BF  23    Cas ;",0
19.151205,-2.500368,80.5802,5.42,star G5III-IVe,"HIP 5951 ;HD  7672 ;HR  373 ;BF  39    Cet ;",0
21.169935,-41.492549,72.2543,5.42,star K0III,"HIP 6592 ;HD  8651 ;HR  408 ;",0
28.32228,40.72979,193.4236,5.42,star K1III,"HIP 8814 ;HD  11428 ;HR  543 ;BF  55    And ;",0
30.79854,0.128507,86.1326,5.42,star A5III,"HIP 9589 ;HD  12573 ;HR  607 ;BF  60    Cet ;",0
35.55165,-0.884852,80.1282,5.42,star F0Vn,"HIP 11046 ;HD  14690 ;HR  691 ;BF  70    Cet ;",0
66.76209,80.824159,296.7359,5.42,star G6III:,"HIP 20776 ;HD  26836 ;HR  1317 ;",0
98.456175,-36.232029,120.048,5.42,star K3III,"HIP 31299 ;HD  46815 ;HR  2411 ;",0
101.189415,28.970932,145.9854,5.42,star K4III,"HIP 32311 ;HD  48450 ;HR  2480 ;BF  28    Gem ;",0
113.462685,-36.338392,363.6364,5.42,star B2Vne,"HIP 36778 ;HD  60606 ;HR  2911 ;",0
127.878855,-19.577462,105.8201,5.42,star B9.5IV/V,"HIP 41817 ;HD  72310 ;HR  3367 ;",0
137.00022,29.654235,83.8926,5.42,star G8III,"HIP 44818 ;HD  78235 ;HR  3621 ;BF  72Tau Cnc ;",0
154.169745,13.728334,179.5332,5.42,star M1III,"HIP 50333 ;HD  89056 ;HR  4035 ;BF  37    Leo ;",0
176.82981,-57.696498,215.5172,5.42,star K5III,"HIP 57512 ;HD  102461 ;HR  4526 ;",0
188.41215,33.247584,89.3655,5.42,star K0IIICN...,"HIP 61309 ;HD  109317 ;HR  4783 ;",0
191.28261,45.440256,320.5128,5.42,star C7Iab,"HIP 62223 ;HD  110914 ;HR  4846 ;",0
217.17384,-6.900536,191.5709,5.42,star K5III,"HIP 70794 ;HD  126927 ;HR  5410 ;BF  106    Vir ;",0
246.132315,-37.566044,129.0323,5.42,star B8V,"HIP 80390 ;HD  147628 ;HR  6100 ;",0
279.89652,-43.185878,196.0784,5.42,star M2III,"HIP 91494 ;HD  171967 ;HR  6991 ;",0
309.454665,11.377676,57.9374,5.42,star A2V,"HIP 101800 ;HD  196544 ;HR  7883 ;BF  5Iot Del ;",0
321.9423,66.809096,246.9136,5.42,star B7V,"HIP 105972 ;HD  204770 ;HR  8227 ;BF  7    Cep ;",0
347.1705,2.127883,81.4996,5.42,star G8IV,"HIP 114273 ;HD  218527 ;HR  8807 ;BF  5    Psc ;",0
29.94249,-20.824539,180.5054,5.43,star M0/M1III,"HIP 9326 ;HD  12255 ;HR  583 ;BF  57    Cet ;",0
30.111765,-8.523873,145.9854,5.43,star M3III,"HIP 9372 ;HD  12292 ;HR  587 ;",0
35.50638,-10.777534,29.656,5.43,star F0V,"HIP 11029 ;HD  14691 ;HR  692 ;",0
41.02149,44.29704,301.2048,5.43,star G0Ib,"HIP 12768 ;HD  16901 ;HR  800 ;BF  14    Per ;",0
77.33184,9.829579,54.7046,5.43,star A2m,"HIP 23983 ;HD  33254 ;HR  1672 ;BF  16    Ori ;",0
82.542525,63.06722,288.1844,5.43,star M1III,"HIP 25769 ;HD  35583 ;HR  1802 ;BF  17    Cam ;",0
97.958595,-8.158235,214.1328,5.43,star K2III,"HIP 31121 ;HD  46229 ;HR  2381 ;",0
131.62728,-45.912504,100000,5.43,star B3Ia,"HIP 43082 ;HD  75149 ;HR  3494 ;",0
134.174235,-85.663152,49.7512,5.43,star F0III,"HIP 43908 ;HD  79837 ;HR  3678 ;BF  Zet Oct ;",0
146.58528,-76.77612,56.5291,5.43,star G8III,"HIP 47956 ;HD  85396 ;HR  3902 ;BF  Nu  Cha ;",0
158.04906,14.13727,212.766,5.43,star M2III,"HIP 51585 ;HD  91232 ;HR  4127 ;BF  46    Leo ;",0
166.225815,-35.804678,158.7302,5.43,star A0V,"HIP 54173 ;HD  96146 ;HR  4313 ;",0
167.183355,-28.08067,55.6483,5.43,star A1V,"HIP 54477 ;HD  96819 ;HR  4334 ;",0
191.893095,66.790304,227.2727,5.43,star K5III,"HIP 62423 ;HD  111335 ;HR  4863 ;BF  7    Dra ;",0
229.704765,-60.496334,100000,5.43,star O7Iab:,"HIP 74941 ;HD  135591 ;HR  5680 ;",0
234.706185,-52.372695,125.3133,5.43,star B9V,"HIP 76618 ;HD  139129 ;HR  5798 ;",0
238.94826,37.946958,41.5628,5.43,star F0IV,"HIP 78012 ;HD  142908 ;HR  5936 ;GL  Wo 9531 ;BF  12Lam CrB ;",0
239.64528,-24.831488,170.3578,5.43,star B5V,"HIP 78246 ;HD  142990 ;HR  5942 ;",0
243.03048,-8.547576,77.3994,5.43,star A4V,"HIP 79387 ;HD  145607 ;HR  6033 ;BF  16    Sco ;",0
257.449785,-10.523301,41.3223,5.43,star F5IV,"HIP 83962 ;HD  155078 ;HR  6375 ;",0
268.79643,72.005127,323.6246,5.43,star F2.5II-III,"HIP 87728 ;HD  164613 ;HR  6725 ;BF  34Psi2Dra ;",0
279.16281,6.671805,33.0797,5.43,star F3V,"HIP 91237 ;HD  171834 ;HR  6987 ;",0
283.06845,21.425142,124.3781,5.43,star B9p...,"HIP 92614 ;HD  174933 ;HR  7113 ;BF  112    Her ;",0
330.209265,-28.453736,250.6266,5.43,star B8/B9V+...,"HIP 108661 ;HD  209014 ;HR  8386 ;BF  12Eta PsA ;",0
332.65617,-11.564939,137.931,5.43,star B5III,"HIP 109472 ;HD  210424 ;HR  8452 ;BF  38    Aqr ;",0
342.442815,55.902777,121.8027,5.43,star K1III,"HIP 112731 ;HD  216174 ;HR  8688 ;",0
342.758985,-39.156834,236.9668,5.43,star K3III,"HIP 112832 ;HD  216149 ;HR  8685 ;",0
344.8644,0.962927,91.659,5.43,star K1III:,"HIP 113521 ;HD  217264 ;HR  8742 ;BF  2    Psc ;",0
357.209055,62.214516,100000,5.43,star A3Ia comp,"HIP 117447 ;HD  223385 ;HR  9018 ;BF  6    Cas ;",0
14.458965,28.992217,198.8072,5.44,star G6III,"HIP 4510 ;HD  5575 ;HR  274 ;BF  68    Psc ;",0
44.349,-23.862164,47.6872,5.44,star A5IV/V,"HIP 13782 ;HD  18454 ;HR  883 ;BF  4    Eri ;",0
50.081745,77.73474,81.1688,5.44,star A6V,"HIP 15547 ;HD  19978 ;HR  961 ;",0
57.08673,23.42125,118.3432,5.44,star B8V,"HIP 17776 ;HD  23753 ;HR  1172 ;",0
62.593845,-6.923852,107.7586,5.44,star G8III,"HIP 19483 ;HD  26409 ;HR  1290 ;BF  37    Eri ;",0
78.093555,73.946674,115.8749,5.44,star B9p Si,"HIP 24254 ;HD  32650 ;HR  1643 ;",0
79.842195,-50.605967,35.7143,5.44,star F7III-IV,"HIP 24829 ;HD  35072 ;HR  1767 ;BF  Zet Pic ;",0
84.957675,-32.629216,129.3661,5.44,star G6/G8III,"HIP 26649 ;HD  37811 ;HR  1958 ;",0
93.93735,12.551067,357.1429,5.44,star B9II-III,"HIP 29736 ;HD  43247 ;HR  2229 ;BF  73    Ori ;",0
101.56005,79.564811,17.8731,5.44,star F8V,"HIP 32439 ;HD  46588 ;HR  2401 ;GL  Gl 240.1 ;",0
103.602765,-1.126996,169.2047,5.44,star A4IV,"HIP 33184 ;HD  50747 ;HR  2572 ;",0
107.848395,-0.301928,87.184,5.44,star F2V,"HIP 34724 ;HD  55057 ;HR  2707 ;BF  21    Mon ;",0
118.26462,-36.363769,227.7904,5.44,star K1IIICN...,"HIP 38497 ;HD  64572 ;HR  3085 ;",0
133.981455,11.626023,213.2196,5.44,star K5III,"HIP 43851 ;HD  76351 ;HR  3550 ;BF  60    Cnc ;",0
134.23584,32.91043,59.5593,5.44,star A7IV,"HIP 43932 ;HD  76398 ;HR  3555 ;BF  59Sig2Cnc ;",0
144.30276,-53.668508,71.5308,5.44,star A2/A3V,"HIP 47204 ;HD  83520 ;HR  3840 ;",0
161.716905,-17.296874,63.1313,5.44,star A3V,"HIP 52737 ;HD  93397 ;HR  4214 ;",0
179.56347,-56.31731,233.6449,5.44,star B8III,"HIP 58379 ;HD  103961 ;HR  4576 ;",0
197.029815,-65.306023,100000,5.44,star WC6 + O9.5I,"HIP 64094 ;HD  113904 ;HR  4952 ;BF  The Mus ;",0
234.05046,-44.396823,166.9449,5.44,star M0III,"HIP 76397 ;HD  138816 ;HR  5784 ;",0
241.582125,67.810134,77.821,5.44,star A0Vn,"HIP 78893 ;HD  145454 ;HR  6025 ;",0
244.82352,-42.673965,106.9519,5.44,star A3Vn,"HIP 79963 ;HD  146667 ;HR  6071 ;BF  Lam Nor ;",0
269.19894,-4.081823,122.6994,5.44,star G9III,"HIP 87847 ;HD  163532 ;HR  6686 ;",0
276.72504,-48.117243,152.6718,5.44,star K0/K1III+..,"HIP 90414 ;HD  169405 ;HR  6894 ;",0
303.307845,-1.009339,216.9197,5.44,star K5III,"HIP 99631 ;HD  192107 ;HR  7720 ;BF  66    Aql ;",0
307.828395,49.220297,122.399,5.44,star M2III,"HIP 101243 ;HD  195774 ;HR  7851 ;BF  46Ome2Cyg ;",0
346.29078,-7.693801,64.2261,5.44,star F2V,"HIP 113996 ;HD  218060 ;HR  8782 ;BF  83    Aqr ;",0
349.874175,48.625322,87.7193,5.44,star K0III,"HIP 115152 ;HD  219945 ;HR  8874 ;BF  11    And ;",0
9.338415,35.399501,259.7403,5.45,star G5III,"HIP 2942 ;HD  3421 ;HR  157 ;",0
9.79122,49.354589,641.0256,5.45,star K5III,"HIP 3083 ;HD  3574 ;HR  164 ;",0
13.751265,-69.527084,68.0272,5.45,star G7III,"HIP 4293 ;HD  5457 ;HR  270 ;BF  Lam2Tuc ;",0
39.704145,21.961408,103.3058,5.45,star A7V,"HIP 12332 ;HD  16432 ;HR  773 ;BF  32Nu  Ari ;",0
46.361205,25.255174,165.2893,5.45,star B7Vn,"HIP 14376 ;HD  19134 ;HR  927 ;BF  52    Ari ;",0
56.20089,24.28947,115.6069,5.45,star B7IV,"HIP 17489 ;HD  23288 ;HR  1140 ;BF  16    Tau ;",0
60.985845,8.197269,34.8554,5.45,star F2V,"HIP 18975 ;HD  25570 ;HR  1254 ;",0
62.32431,-16.385875,200,5.45,star B5IV,"HIP 19398 ;HD  26326 ;HR  1288 ;",0
63.702285,-62.191811,80.5802,5.45,star K0III,"HIP 19805 ;HD  27304 ;HR  1340 ;",0
70.01424,12.197609,127.7139,5.45,star B8IV,"HIP 21735 ;HD  29589 ;HR  1484 ;BF  93    Tau ;",0
83.214195,-38.513371,52.8262,5.45,star K2/K3III,"HIP 25993 ;HD  36848 ;HR  1877 ;",0
104.143665,-79.420193,107.9914,5.45,star B9.5V,"HIP 33384 ;HD  54239 ;HR  2689 ;BF  The Men ;",0
104.3913,-24.630841,37.9363,5.45,star F3V,"HIP 33478 ;HD  51733 ;HR  2607 ;",0
112.95165,17.086046,96.8992,5.45,star K2III,"HIP 36616 ;HD  59686 ;HR  2877 ;",0
126.466305,-42.153072,220.2643,5.45,star B3V,"HIP 41323 ;HD  71459 ;HR  3326 ;",0
129.3285,-62.853465,103.6269,5.45,star K0III,"HIP 42286 ;HD  73887 ;HR  3432 ;",0
129.84939,-53.439767,136.4256,5.45,star B5V,"HIP 42459 ;HD  74071 ;HR  3440 ;",0
135.684435,24.452915,120.3369,5.45,star A0III,"HIP 44405 ;HD  77350 ;HR  3595 ;BF  69Nu  Cnc ;",0
142.521315,-51.517164,132.626,5.45,star B8V,"HIP 46594 ;HD  82419 ;HR  3784 ;",0
163.43214,-2.129205,95.8773,5.45,star G8III,"HIP 53273 ;HD  94402 ;HR  4253 ;",0
182.766015,-23.602423,58.8235,5.45,star A1V,"HIP 59394 ;HD  105850 ;HR  4635 ;BF  3    Crv ;",0
187.09362,-39.041172,133.8688,5.45,star B8/B9V,"HIP 60855 ;HD  108541 ;HR  4748 ;",0
193.743285,-85.123369,107.8749,5.45,star K0III,"HIP 63031 ;HD  111482 ;HR  4870 ;BF  Iot Oct ;",0
225.746985,-32.643294,118.9061,5.45,star B3V,"HIP 73624 ;HD  132955 ;HR  5595 ;",0
227.816595,-55.346032,662.2517,5.45,star G2Ib/II,"HIP 74305 ;HD  134270 ;HR  5637 ;",0
238.644225,20.310968,156.4945,5.45,star M0III,"HIP 77902 ;HD  142574 ;HR  5924 ;",0
244.180305,-53.811109,237.5297,5.45,star M2IV,"HIP 79754 ;HD  146003 ;HR  6055 ;",0
273.972645,-44.206461,92.081,5.45,star G8/K0III,"HIP 89507 ;HD  167096 ;HR  6818 ;",0
291.37359,-23.962457,153.1394,5.45,star K3III,"HIP 95503 ;HD  182416 ;HR  7363 ;BF  49Chi3Sgr ;",0
294.44715,-4.64764,32.1543,5.45,star F3IV,"HIP 96556 ;HD  185124 ;HR  7460 ;BF  42    Aql ;",0
317.191785,-88.956499,86.1326,5.45,star F0III,"HIP 104382 ;HD  177482 ;HR  7228 ;BF  Sig Oct ;",0
329.094885,-37.253655,102.9866,5.45,star A3V,"HIP 108294 ;HD  208321 ;HR  8366 ;",0
333.57813,-27.766908,153.6098,5.45,star B7V,"HIP 109789 ;HD  210934 ;HR  8478 ;BF  16Lam PsA ;",0
337.470705,78.824285,75.1315,5.45,star A3V,"HIP 111056 ;HD  213798 ;HR  8591 ;BF  29Rho2Cep ;",0
344.36655,20.768832,15.6079,5.45,star G5V,"HIP 113357 ;HD  217014 ;HR  8729 ;GL  Gl 882 ;BF  51    Peg ;",0
13.742085,23.628335,37.9795,5.46,star K1IV,"HIP 4288 ;HD  5286 ;HR  258 ;BF  36    And ;",0
61.090305,24.105993,347.2222,5.46,star G0III...,"HIP 19009 ;HD  25555 ;HR  1252 ;BF  36    Tau ;",0
64.805085,50.048695,74.4602,5.46,star A7V,"HIP 20156 ;HD  27084 ;HR  1330 ;",0
69.832125,-14.359192,60.1323,5.46,star K0III,"HIP 21685 ;HD  29613 ;HR  1487 ;",0
80.061135,41.086212,84.9618,5.46,star A3V,"HIP 24902 ;HD  34557 ;HR  1738 ;",0
82.53948,-47.077655,44.1306,5.46,star G3IV,"HIP 25768 ;HD  36553 ;HR  1856 ;",0
82.810545,3.292133,348.4321,5.46,star B1.5V,"HIP 25861 ;HD  36351 ;HR  1842 ;BF  33    Ori ;",0
86.47518,49.826255,126.7427,5.46,star A0p...,"HIP 27196 ;HD  38104 ;HR  1971 ;BF  27Omi Aur ;",0
87.569985,-79.361362,87.4126,5.46,star B9.5V,"HIP 27566 ;HD  40953 ;HR  2125 ;BF  Kap Men ;",0
91.63374,-23.110846,141.0437,5.46,star A2V,"HIP 28943 ;HD  41841 ;HR  2163 ;",0
107.58051,-27.49152,216.4502,5.46,star G8III,"HIP 34624 ;HD  55070 ;HR  2708 ;",0
108.34749,51.428745,221.7295,5.46,star M3III,"HIP 34912 ;HD  54895 ;HR  2703 ;",0
109.06065,-15.585689,82.5083,5.46,star A1V,"HIP 35180 ;HD  56405 ;HR  2758 ;GL  Wo 9228 ;",0
130.331595,-78.963359,94.9668,5.46,star B9IV,"HIP 42637 ;HD  75416 ;HR  3502 ;BF  Eta Cha ;",0
141.77682,-71.601895,61.8812,5.46,star K2III,"HIP 46358 ;HD  82350 ;HR  3777 ;",0
142.90128,-73.080913,242.1308,5.46,star K4III,"HIP 46741 ;HD  83095 ;HR  3821 ;",0
161.31819,-80.469597,106.8376,5.46,star K0III,"HIP 52595 ;HD  93779 ;HR  4231 ;BF  Del1Cha ;",0
173.086455,61.08252,27.9877,5.46,star F6V,"HIP 56290 ;HD  100203 ;HR  4439 ;GL  Gl 431.1A ;",0
174.39171,-47.747309,108.3424,5.46,star K2III,"HIP 56700 ;HD  101067 ;HR  4476 ;",0
191.002215,-28.323957,126.4223,5.46,star K3III,"HIP 62131 ;HD  110666 ;HR  4839 ;",0
193.831005,-42.915732,202.8398,5.46,star M0III,"HIP 63066 ;HD  112213 ;HR  4906 ;",0
204.87708,52.921208,53.5906,5.46,star A3Vn,"HIP 66634 ;HD  119024 ;HR  5142 ;BF  82    UMa ;",0
206.91078,-50.320682,152.6718,5.46,star K2III,"HIP 67304 ;HD  119971 ;HR  5176 ;",0
211.67844,-9.313515,58.0383,5.46,star F2IV,"HIP 68940 ;HD  123255 ;HR  5290 ;BF  95    Vir ;",0
231.57249,34.335996,157.9779,5.46,star K4III,"HIP 75572 ;HD  137704 ;HR  5741 ;",0
231.825555,-36.76756,131.2336,5.46,star B5V,"HIP 75647 ;HD  137432 ;HR  5736 ;",0
243.314295,5.021086,121.8027,5.46,star K5III,"HIP 79488 ;HD  145892 ;HR  6047 ;BF  9    Her ;",0
249.09402,-42.858861,416.6667,5.46,star O9Ia,"HIP 81305 ;HD  149404 ;HR  6164 ;",0
253.50765,-41.806389,793.6508,5.46,star B0.5Ia,"HIP 82676 ;HD  152234 ;HR  6260 ;",0
282.21036,-43.680047,103.0928,5.46,star A2Vn,"HIP 92308 ;HD  173715 ;HR  7062 ;BF  Eta1CrA ;",0
283.71741,41.602723,81.9672,5.46,star G8III,"HIP 92831 ;HD  175740 ;HR  7146 ;",0
289.43181,23.02554,373.1343,5.46,star B0.5IV,"HIP 94827 ;HD  180968 ;HR  7318 ;BF  2    Vul ;",0
290.14869,-0.892161,134.2282,5.46,star B9III,"HIP 95073 ;HD  181440 ;HR  7336 ;BF  27    Aql ;",0
292.467435,-26.985615,71.736,5.46,star K1/K2III,"HIP 95865 ;HD  183275 ;HR  7398 ;GL  Wo 9657A ;",0
294.393405,-14.301801,30.5623,5.46,star F7V,"HIP 96536 ;HD  184985 ;HR  7454 ;GL  Gl 764.2 ;",0
299.30778,40.367824,340.1361,5.46,star B5V,"HIP 98194 ;HD  189178 ;HR  7628 ;",0
324.439275,19.318607,98.4252,5.46,star F1IV,"HIP 106787 ;HD  205852 ;HR  8267 ;BF  5    Peg ;",0
13.169265,-24.005844,171.2329,5.47,star K1III,"HIP 4104 ;HD  5098 ;HR  247 ;",0
44.95746,47.220693,156.4945,5.47,star G4p,"HIP 13965 ;HD  18474 ;HR  885 ;",0
53.035815,48.023476,185.5288,5.47,star B8IIIp Mn,"HIP 16470 ;HD  21699 ;HR  1063 ;",0
67.502385,83.340379,94.2507,5.47,star G8III,"HIP 20982 ;HD  26659 ;HR  1304 ;",0
67.66203,15.691879,44.9236,5.47,star Am,"HIP 21039 ;HD  28546 ;HR  1428 ;BF  81    Tau ;",0
73.021635,63.505421,152.9052,5.47,star M2III,"HIP 22626 ;HD  30442 ;HR  1527 ;",0
73.796475,-74.936852,204.918,5.47,star K6III,"HIP 22871 ;HD  32440 ;HR  1629 ;BF  Eta Men ;",0
82.31874,25.150215,130.3781,5.47,star B9Vn,"HIP 25695 ;HD  35943 ;HR  1821 ;BF  118    Tau ;",0
86.85915,17.729141,546.4481,5.47,star F0III,"HIP 27338 ;HD  38558 ;HR  1990 ;BF  130    Tau ;",0
107.091825,15.930675,98.912,5.47,star G8III,"HIP 34440 ;HD  54131 ;HR  2684 ;BF  45    Gem ;",0
118.67796,47.564596,257.732,5.47,star K4III,"HIP 38639 ;HD  64144 ;HR  3066 ;BF  26    Lyn ;",0
128.650665,65.14517,46.7508,5.47,star A2m,"HIP 42080 ;HD  72037 ;HR  3354 ;BF  2    UMa ;",0
132.413175,-40.320158,387.5969,5.47,star A2/A3IV,"HIP 43325 ;HD  75630 ;HR  3514 ;",0
137.3982,-8.787648,147.7105,5.47,star G8II,"HIP 44961 ;HD  78732 ;HR  3641 ;BF  20    Hya ;",0
159.362805,-58.733339,100000,5.47,star A0Ia,"HIP 52004 ;HD  92207 ;HR  4169 ;",0
165.06126,45.526276,253.1646,5.47,star K5III,"HIP 53781 ;HD  95212 ;HR  4280 ;",0
184.708515,75.160561,97.8474,5.47,star A1V,"HIP 60044 ;HD  107193 ;HR  4687 ;",0
187.362675,24.108925,61.6143,5.47,star F5III,"HIP 60941 ;HD  108722 ;HR  4753 ;BF  18    Com ;",0
187.752345,24.567168,82.713,5.47,star A2pvar,"HIP 61071 ;HD  108945 ;HR  4766 ;BF  21    Com ;",0
200.157645,-52.747825,125.3133,5.47,star B6V,"HIP 65112 ;HD  115823 ;HR  5026 ;",0
210.59493,-27.429773,134.7709,5.47,star K2/K3III,"HIP 68581 ;HD  122430 ;HR  5265 ;",0
222.623655,37.272047,64.3501,5.47,star K0III-IV,"HIP 72582 ;HD  131111 ;HR  5541 ;",0
240.081705,-16.53335,35.2113,5.47,star F7V,"HIP 78400 ;HD  143333 ;HR  5954 ;GL  NN 3931 ;BF  49    Lib ;",0
259.764825,-46.636235,8.802,5.47,star M0V,"HIP 84720 ;HD  156274 ;HR  6416 ;GL  Gl 666A ;",0
268.854945,26.049991,100000,5.47,star F2Iavar,"HIP 87747 ;HD  163506 ;HR  6685 ;BF  89    Her ;",0
272.60922,-62.002197,17.6118,5.47,star G0V,"HIP 89042 ;HD  165499 ;HR  6761 ;GL  Gl 705.1 ;BF  Iot Pav ;",0
273.30291,-41.336111,357.1429,5.47,star B2.5III,"HIP 89290 ;HD  166596 ;HR  6804 ;",0
275.90184,-75.044277,59.4884,5.47,star A0V,"HIP 90133 ;HD  167468 ;HR  6829 ;BF  Phi Oct ;",0
278.180505,-14.865662,884.9558,5.47,star K3Iab,"HIP 90913 ;HD  170975 ;HR  6959 ;",0
278.20815,30.554209,109.6491,5.47,star B8IV,"HIP 90923 ;HD  171301 ;HR  6968 ;",0
310.08261,-33.431843,72.6216,5.47,star K1III,"HIP 102014 ;HD  196737 ;HR  7893 ;",0
313.47456,33.437891,184.1621,5.47,star K5III,"HIP 103145 ;HD  199101 ;HR  8005 ;",0
322.186815,-69.505386,126.2626,5.47,star M5III,"HIP 106044 ;HD  203881 ;HR  8196 ;",0
336.50331,70.770898,153.6098,5.47,star K2III,"HIP 110725 ;HD  213022 ;HR  8557 ;",0
337.163355,-39.131792,87.4126,5.47,star G8III,"HIP 110936 ;HD  212953 ;HR  8552 ;BF  Nu  Gru ;",0
36.204405,10.610565,267.3797,5.48,star B7IV,"HIP 11249 ;HD  14951 ;HR  702 ;BF  24Xi  Ari ;",0
42.668355,-35.675849,140.8451,5.48,star K2III,"HIP 13265 ;HD  17829 ;HR  851 ;BF  Eta3For ;",0
58.17357,-5.361259,179.5332,5.48,star B8+...,"HIP 18141 ;HD  24388 ;HR  1202 ;BF  30    Eri ;",0
79.41768,-13.519826,49.0196,5.48,star G8IV,"HIP 24679 ;HD  34538 ;HR  1737 ;",0
95.352975,-11.773238,337.8378,5.48,star B1Vpe SB,"HIP 30214 ;HD  44458 ;HR  2284 ;",0
116.986335,-12.192705,28.5959,5.48,star F5+...,"HIP 38048 ;HD  63336 ;HR  3029 ;BF  5    Pup ;",0
118.54587,-35.877287,207.9002,5.48,star B2V,"HIP 38593 ;HD  64802 ;HR  3091 ;",0
130.56747,-48.09909,100000,5.48,star B1.5Vn,"HIP 42712 ;HD  74455 ;HR  3462 ;",0
136.35042,48.530314,97.0874,5.48,star F6II-III,"HIP 44613 ;HD  77601 ;HR  3603 ;",0
174.666735,-13.201943,26.7308,5.48,star F7V,"HIP 56802 ;HD  101198 ;HR  4488 ;GL  NN 3677A ;BF  24Iot Crt ;",0
188.44479,-9.452077,79.2393,5.48,star A0V,"HIP 61318 ;HD  109309 ;HR  4781 ;BF  21    Vir ;",0
222.86043,59.293985,138.8889,5.48,star K4III,"HIP 72664 ;HD  131507 ;HR  5552 ;",0
224.19213,-11.409701,168.3502,5.48,star K4III,"HIP 73133 ;HD  131918 ;HR  5564 ;BF  15Xi 2Lib ;",0
235.711605,52.360903,91.5751,5.48,star B9p...,"HIP 76957 ;HD  140728 ;HR  5857 ;",0
242.70636,75.877563,189.3939,5.48,star B8V,"HIP 79280 ;HD  146926 ;HR  6079 ;BF  19    UMi ;",0
244.97985,39.708584,26.3783,5.48,star F3IV-V,"HIP 80008 ;HD  147365 ;HR  6091 ;GL  Wo 9557A ;",0
251.699835,-39.376962,88.2613,5.48,star K0III,"HIP 82135 ;HD  151078 ;HR  6221 ;",0
252.580755,7.247683,54.407,5.48,star A3m,"HIP 82402 ;HD  151956 ;HR  6250 ;BF  47    Her ;",0
254.29656,-33.259492,290.6977,5.48,star K5III,"HIP 82960 ;HD  152820 ;HR  6288 ;BF  27    Sco ;",0
311.58357,-39.199262,99.5025,5.48,star B8/B9V,"HIP 102497 ;HD  197630 ;HR  7933 ;",0
313.32735,45.181673,308.642,5.48,star K0II,"HIP 103094 ;HD  199098 ;HR  8003 ;",0
321.04788,-12.878108,47.1032,5.48,star F0V,"HIP 105668 ;HD  203705 ;HR  8187 ;BF  18    Aqr ;",0
321.320655,-3.556747,119.0476,5.48,star K4III,"HIP 105767 ;HD  203926 ;HR  8199 ;BF  21    Aqr ;",0
11.548935,-22.522097,93.2836,5.49,star G8/K0III,"HIP 3607 ;HD  4398 ;HR  210 ;",0
23.233545,-36.865231,84.3882,5.49,star K1/K2III,"HIP 7213 ;HD  9525 ;HR  445 ;",0
26.5248,-50.816256,194.5525,5.49,star M3III,"HIP 8240 ;HD  10934 ;HR  519 ;",0
46.533045,79.418535,211.8644,5.49,star F7IV comp SB,"HIP 14417 ;HD  18438 ;HR  881 ;",0
49.447275,44.025024,224.2152,5.49,star B8V...,"HIP 15338 ;HD  20315 ;HR  982 ;BF  30    Per ;",0
59.119545,35.080899,265.9574,5.49,star B1.5V,"HIP 18434 ;HD  24640 ;HR  1215 ;",0
71.901195,-16.934456,13.2767,5.49,star G3V,"HIP 22263 ;HD  30495 ;HR  1532 ;GL  Gl 177 ;BF  58    Eri ;",0
87.402255,-14.483665,82.0345,5.49,star G8III,"HIP 27517 ;HD  39070 ;HR  2021 ;",0
92.241105,-22.427412,75.5287,5.49,star A0V,"HIP 29150 ;HD  42301 ;HR  2180 ;",0
116.509125,-6.772511,82.1018,5.49,star K5III,"HIP 37901 ;HD  62902 ;HR  3014 ;",0
130.57917,-53.100056,153.1394,5.49,star B8...,"HIP 42715 ;HD  74535 ;HR  3466 ;",0
139.17237,-8.744759,207.4689,5.49,star B9III,"HIP 45526 ;HD  79931 ;HR  3683 ;BF  24    Hya ;",0
142.47711,-26.589616,242.1308,5.49,star K2IIICNII,"HIP 46578 ;HD  82205 ;HR  3770 ;",0
154.060155,29.310501,79.9361,5.49,star A0Vn,"HIP 50303 ;HD  88960 ;HR  4024 ;BF  23    LMi ;",0
161.605335,14.194645,88.1057,5.49,star G4III:,"HIP 52689 ;HD  93291 ;HR  4209 ;BF  52    Leo ;",0
187.918065,-59.423922,429.1845,5.49,star F5III,"HIP 61136 ;HD  108968 ;HR  4768 ;",0
189.780465,21.062559,83.8223,5.49,star G9III,"HIP 61724 ;HD  110024 ;HR  4815 ;BF  26    Com ;",0
243.90528,-8.369442,13.9005,5.49,star G1V,"HIP 79672 ;HD  146233 ;HR  6060 ;GL  Gl 616 ;BF  18    Sco ;",0
272.009385,36.401264,63.6132,5.49,star K2III,"HIP 88836 ;HD  166229 ;HR  6793 ;",0
273.56625,-21.713164,138.8889,5.49,star K2III,"HIP 89369 ;HD  167036 ;HR  6816 ;BF  14    Sgr ;",0
278.472855,-24.032283,632.9114,5.49,star K3III,"HIP 91004 ;HD  171115 ;HR  6961 ;BF  24    Sgr ;",0
286.104405,-31.047079,147.0588,5.49,star A0V,"HIP 93667 ;HD  177074 ;HR  7211 ;",0
295.8897,-15.470105,48.9237,5.49,star F5V,"HIP 97063 ;HD  186185 ;HR  7496 ;GL  Wo 9666 ;",0
314.225115,-9.697545,167.5042,5.49,star K5III,"HIP 103401 ;HD  199345 ;HR  8015 ;BF  7    Aqr ;",0
334.461135,-77.511553,38.4911,5.49,star F3III,"HIP 110078 ;HD  210853 ;HR  8471 ;BF  Psi Oct ;",0
354.486675,18.400667,71.3776,5.49,star A1Vn,"HIP 116611 ;HD  222133 ;HR  8963 ;BF  75    Peg ;",0
356.9856,-2.761598,97.0874,5.49,star G8III,"HIP 117375 ;HD  223252 ;HR  9012 ;BF  20    Psc ;",0
5.16267,-69.624913,97.561,5.5,star B9V,"HIP 1647 ;HD  1685 ;HR  83 ;BF  Pi  Tuc ;",0
15.61011,-31.552005,71.2251,5.5,star A1/A2IV,"HIP 4852 ;HD  6178 ;HR  293 ;BF  Sig Scl ;",0
15.704565,31.804263,132.9787,5.5,star B9.5V,"HIP 4889 ;HD  6118 ;HR  291 ;BF  69Sig Psc ;",0
21.67365,19.240422,85.5432,5.5,star K1III,"HIP 6732 ;HD  8763 ;HR  414 ;BF  94    Psc ;",0
30.741495,33.284135,120.048,5.5,star A2V,"HIP 9570 ;HD  12471 ;HR  599 ;BF  3Eps Tri ;",0
50.35005,-23.635135,112.4859,5.5,star G8III,"HIP 15643 ;HD  20894 ;HR  1016 ;",0
51.07698,24.724063,63.7755,5.5,star K4III,"HIP 15861 ;HD  21017 ;HR  1022 ;BF  64    Ari ;",0
64.85874,21.142307,82.7815,5.5,star B9IV,"HIP 20171 ;HD  27295 ;HR  1339 ;BF  53    Tau ;",0
74.10078,-5.171356,227.2727,5.5,star B6V,"HIP 22958 ;HD  31512 ;HR  1582 ;BF  62    Eri ;",0
77.027595,24.265175,458.7156,5.5,star B2V...,"HIP 23900 ;HD  32990 ;HR  1659 ;BF  103    Tau ;",0
78.683535,5.156151,149.0313,5.5,star K4III,"HIP 24450 ;HD  34043 ;HR  1709 ;",0
83.05893,17.058128,917.4312,5.5,star B7III,"HIP 25950 ;HD  36408 ;HR  1847 ;",0
91.97025,-42.154043,74.4602,5.5,star A0V,"HIP 29064 ;HD  42303 ;HR  2181 ;BF  Pi 2Col ;",0
105.812925,-59.178109,151.2859,5.5,star B9IV,"HIP 34000 ;HD  53921 ;HR  2674 ;",0
110.08932,-52.311524,31.7158,5.5,star F2,"HIP 35564 ;HD  57852 ;HR  2813 ;",0
149.965425,56.811807,153.3742,5.5,star K5III,"HIP 49005 ;HD  86378 ;HR  3939 ;",0
158.803575,-39.562589,268.0965,5.5,star C,"HIP 51821 ;HD  91793 ;HR  4153 ;",0
161.60226,18.891523,57.2082,5.5,star K3III,"HIP 52686 ;HD  93257 ;HR  4208 ;BF  51    Leo ;",0
173.737095,-49.13649,58.8235,5.5,star K1III/IV,"HIP 56497 ;HD  100708 ;HR  4462 ;",0
204.295965,71.242252,126.1034,5.5,star K2III,"HIP 66435 ;HD  118904 ;HR  5139 ;",0
206.48466,-12.426528,124.6883,5.5,star G8III,"HIP 67172 ;HD  119853 ;HR  5173 ;BF  86    Vir ;",0
233.15292,-19.67046,70.0771,5.5,star A2IV,"HIP 76106 ;HD  138413 ;HR  5762 ;",0
233.241405,-1.186399,85.9107,5.5,star K0III,"HIP 76133 ;HD  138562 ;HR  5772 ;BF  11    Ser ;",0
242.469135,-33.545805,125,5.5,star B8V,"HIP 79199 ;HD  144987 ;HR  6007 ;",0
248.58066,-70.988097,248.139,5.5,star K1IIICN...,"HIP 81141 ;HD  148488 ;HR  6135 ;",0
248.936625,-65.495399,104.9318,5.5,star G8/K0III,"HIP 81252 ;HD  148890 ;HR  6151 ;BF  The TrA ;",0
272.667915,3.324256,123.6094,5.5,star K2III,"HIP 89065 ;HD  166460 ;HR  6800 ;",0
295.92885,25.771929,101.7294,5.5,star G8III,"HIP 97077 ;HD  186486 ;HR  7506 ;BF  10    Vul ;",0
305.5143,24.446099,305.8104,5.5,star B8IIIn,"HIP 100435 ;HD  193911 ;HR  7789 ;BF  25    Vul ;",0
321.75681,-42.54793,56.4334,5.5,star Am,"HIP 105913 ;HD  204018 ;HR  8202 ;",0
329.824605,-38.395096,132.626,5.5,star K1II/III,"HIP 108543 ;HD  208737 ;HR  8379 ;",0
352.0149,-87.482214,149.0313,5.5,star K2III,"HIP 115836 ;HD  219765 ;HR  8862 ;BF  Tau Oct ;",0
8.921505,-48.000907,34.8189,5.51,star F6V,"HIP 2802 ;HD  3302 ;HR  147 ;GL  NN 3041 ;BF  Lam2Phe ;",0
11.75607,11.973849,86.8056,5.51,star G8II,"HIP 3675 ;HD  4482 ;HR  213 ;BF  58    Psc ;",0
17.0925,5.649819,35.2113,5.51,star F0III-IV,"HIP 5346 ;HD  6763 ;HR  330 ;BF  80    Psc ;",0
21.714855,-13.056512,37.4672,5.51,star F0V,"HIP 6748 ;HD  8829 ;HR  421 ;BF  47    Cet ;",0
34.24602,-6.422116,102.0408,5.51,star G8III,"HIP 10642 ;HD  14129 ;HR  666 ;BF  67    Cet ;",0
45.564225,-71.902457,157.7287,5.51,star B8III/IV,"HIP 14131 ;HD  19400 ;HR  939 ;BF  The Hyi ;",0
48.989265,-77.388454,29.7089,5.51,star F4III,"HIP 15201 ;HD  21024 ;HR  1025 ;BF  Iot Hyi ;",0
62.29152,19.609217,87.0322,5.51,star K2III,"HIP 19388 ;HD  26162 ;HR  1283 ;BF  43Ome1Tau ;",0
67.055385,83.80779,232.0186,5.51,star B5V,"HIP 20860 ;HD  26356 ;HR  1289 ;",0
74.34309,17.153677,146.1988,5.51,star K1III,"HIP 23043 ;HD  31539 ;HR  1585 ;",0
94.557195,-19.966974,243.9024,5.51,star B2/B3V,"HIP 29941 ;HD  43955 ;HR  2266 ;",0
126.8199,-70.093482,85.6898,5.51,star A0V,"HIP 41451 ;HD  72337 ;HR  3370 ;",0
144.50604,-43.190944,145.5604,5.51,star G8II,"HIP 47267 ;HD  83548 ;HR  3842 ;",0
160.04772,-65.100209,160.5136,5.51,star B9p Si,"HIP 52221 ;HD  92664 ;HR  4185 ;",0
160.757865,26.325577,48.3793,5.51,star A4Vn,"HIP 52422 ;HD  92769 ;HR  4189 ;BF  40    LMi ;",0
165.811995,-11.30347,103.8422,5.51,star G7III...,"HIP 54029 ;HD  95808 ;HR  4305 ;",0
182.227455,-41.231605,487.8049,5.51,star B3IV,"HIP 59232 ;HD  105521 ;HR  4625 ;",0
206.749155,38.542697,97.1817,5.51,star K0III+...,"HIP 67250 ;HD  120164 ;HR  5186 ;",0
217.535985,-45.321355,146.1988,5.51,star B8Vn,"HIP 70915 ;HD  126981 ;HR  5412 ;",0
224.38854,-0.167612,89.3655,5.51,star K1III,"HIP 73193 ;HD  132132 ;HR  5573 ;GL  NN 3881A ;",0
230.03571,29.616209,82.7815,5.51,star K0III,"HIP 75049 ;HD  136512 ;HR  5709 ;BF  1Omi CrB ;",0
252.853875,1.215947,116.144,5.51,star A2Vs,"HIP 82480 ;HD  152127 ;HR  6255 ;BF  21    Oph ;",0
260.088045,46.24078,170.9402,5.51,star M0III,"HIP 84835 ;HD  157325 ;HR  6464 ;BF  74    Her ;",0
267.59538,29.322143,77.7605,5.51,star K1III,"HIP 87308 ;HD  162555 ;HR  6654 ;",0
282.89568,52.975117,25.6674,5.51,star G9IVa,"HIP 92549 ;HD  175225 ;HR  7123 ;GL  Gl 732.1 ;",0
283.113435,-46.595119,317.4603,5.51,star M0III,"HIP 92630 ;HD  174387 ;HR  7092 ;",0
284.849175,-12.840517,146.1988,5.51,star B4V,"HIP 93225 ;HD  176162 ;HR  7166 ;",0
285.18108,55.658301,150.8296,5.51,star G5IIbCN...,"HIP 93340 ;HD  177249 ;HR  7218 ;BF  49    Dra ;",0
288.314685,-12.282584,166.113,5.51,star K3III,"HIP 94437 ;HD  179497 ;HR  7282 ;",0
296.505075,-31.908571,217.8649,5.51,star B8III,"HIP 97260 ;HD  186500 ;HR  7507 ;",0
299.65824,30.983665,142.6534,5.51,star B9Vn,"HIP 98325 ;HD  189395 ;HR  7640 ;",0
301.03464,7.277966,141.6431,5.51,star K0III,"HIP 98823 ;HD  190327 ;HR  7669 ;BF  63Tau Aql ;",0
302.63973,26.904169,129.8701,5.51,star A3III,"HIP 99404 ;HD  191747 ;HR  7711 ;BF  18    Vul ;",0
302.9499,26.80899,432.9004,5.51,star K3II-III,"HIP 99518 ;HD  192004 ;HR  7718 ;BF  19    Vul ;",0
314.608065,10.839286,75.3012,5.51,star G6III:,"HIP 103527 ;HD  199665 ;HR  8030 ;BF  18    Del ;",0
319.815375,58.623502,591.716,5.51,star B3Vv comp,"HIP 105259 ;HD  203338 ;HR  8164 ;",0
325.776975,41.15497,196.8504,5.51,star M2III,"HIP 107235 ;HD  206749 ;HR  8306 ;",0
337.491405,4.43169,51.8672,5.51,star F5IVs,"HIP 111062 ;HD  213235 ;HR  8566 ;BF  37    Peg ;",0
344.89899,-29.462311,95.7854,5.51,star F0V,"HIP 113532 ;HD  217236 ;HR  8740 ;",0
25.621875,-53.740834,17.4338,5.52,star F8V,"HIP 7978 ;HD  10647 ;HR  506 ;GL  NN 3109 ;",0
42.87327,15.082071,151.5152,5.52,star B7V,"HIP 13327 ;HD  17769 ;HR  847 ;BF  43Sig Ari ;",0
56.9835,-30.167882,82.4402,5.52,star G6III,"HIP 17738 ;HD  23940 ;HR  1184 ;BF  Rho For ;",0
62.152455,38.039733,20.9952,5.52,star F7V,"HIP 19335 ;HD  25998 ;HR  1278 ;GL  Gl 161.1 ;BF  50    Per ;",0
73.763055,55.259109,190.1141,5.52,star B9.5V,"HIP 22854 ;HD  30958 ;HR  1555 ;BF  5    Cam ;",0
79.017225,11.341354,135.8696,5.52,star A0V,"HIP 24555 ;HD  34203 ;HR  1718 ;BF  18    Ori ;",0
81.940035,15.874052,130.039,5.52,star B9.5Vn,"HIP 25555 ;HD  35770 ;HR  1814 ;BF  116    Tau ;",0
89.087265,-31.38244,510.2041,5.52,star F2III,"HIP 28098 ;HD  40248 ;HR  2092 ;BF  Sig Col ;",0
99.14721,-5.211143,230.9469,5.52,star B8V,"HIP 31583 ;HD  47054 ;HR  2418 ;",0
120.68661,-41.309828,147.0588,5.52,star Ap Si,"HIP 39360 ;HD  66624 ;HR  3162 ;",0
121.265445,-53.107921,117.6471,5.52,star K3/K4III,"HIP 39566 ;HD  67364 ;HR  3180 ;",0
123.39267,-50.196072,221.2389,5.52,star M1III,"HIP 40282 ;HD  69194 ;HR  3247 ;",0
125.952135,53.219712,50.4286,5.52,star A3V,"HIP 41152 ;HD  70313 ;HR  3277 ;",0
126.674805,-12.534602,84.317,5.52,star K1/K2III,"HIP 41395 ;HD  71377 ;HR  3324 ;",0
154.531635,-28.992,813.0081,5.52,star B9.5Ib/II,"HIP 50456 ;HD  89353 ;HR  4049 ;",0
156.03585,33.718531,130.039,5.52,star K1III,"HIP 50935 ;HD  90040 ;HR  4081 ;BF  28    LMi ;",0
157.425555,84.252009,40.6339,5.52,star F0IV,"HIP 51384 ;HD  89571 ;HR  4062 ;",0
166.72587,1.955525,63.2111,5.52,star G9IIICN...,"HIP 54336 ;HD  96436 ;HR  4319 ;BF  65    Leo ;",0
185.082,26.619482,49.3583,5.52,star K2III-IV,"HIP 60170 ;HD  107325 ;HR  4693 ;",0
203.215185,-15.363012,157.7287,5.52,star K1III,"HIP 66091 ;HD  117789 ;HR  5099 ;BF  75    Vir ;",0
225.33261,-2.754927,227.7904,5.52,star M0III,"HIP 73497 ;HD  132833 ;HR  5590 ;",0
225.775245,35.205795,85.8369,5.52,star G8III:,"HIP 73634 ;HD  133392 ;HR  5609 ;",0
229.095885,-22.399416,144.7178,5.52,star K2III,"HIP 74732 ;HD  135534 ;HR  5678 ;",0
261.7047,20.080977,178.8909,5.52,star B5V,"HIP 85385 ;HD  158148 ;HR  6502 ;",0
271.951425,-17.154159,77.101,5.52,star K0III,"HIP 88816 ;HD  165687 ;HR  6769 ;",0
275.8701,-36.237987,87.8735,5.52,star K0III,"HIP 90124 ;HD  168838 ;HR  6874 ;",0
289.300935,-66.661048,91.5751,5.52,star A4IV/V,"HIP 94789 ;HD  179366 ;HR  7278 ;",0
312.753165,-37.913332,180.1802,5.52,star K3III,"HIP 102916 ;HD  198357 ;HR  7971 ;",0
327.69672,-69.629416,166.6667,5.52,star M0III,"HIP 107835 ;HD  207241 ;HR  8333 ;BF  Omi Ind ;",0
328.12467,28.793538,27.4499,5.52,star F6IVwvar,"HIP 107975 ;HD  207978 ;HR  8354 ;GL  NN 4234 ;BF  15    Peg ;",0
332.66193,70.132573,33.5909,5.52,star F2V,"HIP 109474 ;HD  210884 ;HR  8474 ;",0
336.772125,65.13227,100000,5.52,star B0.5Ib,"HIP 110817 ;HD  213087 ;HR  8561 ;BF  26    Cep ;",0
341.419965,-46.547328,241.5459,5.52,star K3III,"HIP 112381 ;HD  215405 ;HR  8657 ;",0
0.333825,-50.337373,166.3894,5.53,star M2III,"HIP 107 ;HD  224865 ;HR  9082 ;",0
27.99714,55.147385,396.8254,5.53,star B1.5V,"HIP 8704 ;HD  11241 ;HR  533 ;BF  1    Per ;",0
39.000195,-7.831597,142.6534,5.53,star M0III,"HIP 12107 ;HD  16212 ;HR  759 ;BF  80    Cet ;",0
49.438545,-62.575322,12.0077,5.53,star G2V,"HIP 15330 ;HD  20766 ;HR  1006 ;GL  Gl 136 ;BF  Zet1Ret ;",0
55.159725,-5.210706,152.207,5.53,star B9IIIp Si,"HIP 17167 ;HD  22920 ;HR  1121 ;BF  22    Eri ;",0
66.822705,22.996337,115.8749,5.53,star B7V,"HIP 20789 ;HD  28149 ;HR  1399 ;BF  72    Tau ;",0
67.133835,1.380821,117.3709,5.53,star B3V,"HIP 20884 ;HD  28375 ;HR  1415 ;",0
70.76646,-70.931027,150.6024,5.53,star B9IV,"HIP 21949 ;HD  30612 ;HR  1541 ;BF  Mu  Men ;",0
71.03325,-18.666586,93.8086,5.53,star A1V,"HIP 22028 ;HD  30127 ;HR  1513 ;",0
82.781775,-20.863659,83.2639,5.53,star A0V,"HIP 25853 ;HD  36473 ;HR  1849 ;BF  10    Lep ;",0
84.26556,17.040324,48.5909,5.53,star F0V,"HIP 26382 ;HD  37147 ;HR  1905 ;BF  122    Tau ;",0
96.60771,56.285096,74.9625,5.53,star A3m,"HIP 30651 ;HD  44691 ;HR  2291 ;",0
122.665965,-13.799207,22.3814,5.53,star F7V,"HIP 40035 ;HD  68146 ;HR  3202 ;GL  Gl 297.2A ;BF  18    Pup ;",0
150.182865,-82.21467,115.0748,5.53,star A0IV,"HIP 49065 ;HD  87971 ;HR  3983 ;BF  Mu 1Cha ;",0
178.91889,15.646818,151.7451,5.53,star A3V,"HIP 58159 ;HD  103578 ;HR  4564 ;BF  95    Leo ;",0
196.59417,22.616187,225.7336,5.53,star M5III,"HIP 63950 ;HD  113866 ;HR  4949 ;GL  Gl 499.1 ;BF  40    Com ;",0
208.386555,-35.664248,52.2739,5.53,star F3V,"HIP 67819 ;HD  120987 ;HR  5222 ;",0
213.31839,-53.665674,653.5948,5.53,star K5III+...,"HIP 69462 ;HD  124147 ;HR  5308 ;",0
213.521595,12.959444,33.9213,5.53,star F6IV,"HIP 69536 ;HD  124570 ;HR  5323 ;BF  14    Boo ;",0
213.850365,-18.20069,75.643,5.53,star A0V,"HIP 69658 ;HD  124683 ;HR  5332 ;",0
233.230095,-16.852844,201.2072,5.53,star B3V,"HIP 76126 ;HD  138485 ;HR  5764 ;BF  35Zet4Lib ;",0
237.236655,-3.818513,54.0249,5.53,star A5IV,"HIP 77464 ;HD  141378 ;HR  5875 ;",0
240.198465,-8.411353,150.1502,5.53,star A0Vs,"HIP 78436 ;HD  143459 ;HR  5959 ;BF  50    Lib ;",0
244.88637,-30.906716,48.2625,5.53,star F5IV,"HIP 79980 ;HD  146836 ;HR  6077 ;",0
246.3507,37.394079,74.4602,5.53,star A5V,"HIP 80460 ;HD  148283 ;HR  6123 ;BF  25    Her ;",0
249.04761,52.900048,130.8901,5.53,star B9.5Vn,"HIP 81290 ;HD  150100 ;HR  6184 ;BF  16    Dra ;",0
254.574765,-50.641185,159.2357,5.53,star B9IV,"HIP 83057 ;HD  152824 ;HR  6289 ;",0
259.265235,-32.66284,48.3793,5.53,star F6V,"HIP 84551 ;HD  156098 ;HR  6409 ;",0
265.71291,-36.945564,211.4165,5.53,star K5III,"HIP 86698 ;HD  160668 ;HR  6583 ;",0
272.524215,-30.728666,137.741,5.53,star K1III + (F),"HIP 89020 ;HD  166023 ;HR  6780 ;",0
286.6572,28.628595,39.968,5.53,star F0III,"HIP 93843 ;HD  178233 ;HR  7253 ;",0
289.913955,12.37468,103.4126,5.53,star F0III,"HIP 94982 ;HD  181333 ;HR  7331 ;BF  28    Aql ;",0
310.260585,32.307287,244.4988,5.53,star G8IIb,"HIP 102066 ;HD  197177 ;HR  7921 ;BF  49    Cyg ;",0
316.019685,-5.823066,153.8462,5.53,star G4,"HIP 103981 ;HD  200496 ;HR  8058 ;BF  12    Aqr ;",0
322.74705,60.459432,462.963,5.53,star B1II,"HIP 106227 ;HD  205139 ;HR  8243 ;",0
326.85543,60.692689,140.4494,5.53,star M1III,"HIP 107586 ;HD  207528 ;HR  8339 ;BF  12    Cep ;",0
333.455085,45.440613,77.1605,5.53,star A0III,"HIP 109745 ;HD  211096 ;HR  8487 ;",0
335.878515,-24.762661,80.3213,5.53,star K0IIICN...,"HIP 110529 ;HD  212271 ;HR  8529 ;BF  49    Aqr ;",0
343.68948,-16.271957,41.1862,5.53,star K1III,"HIP 113148 ;HD  216640 ;HR  8711 ;BF  77    Aqr ;",0
346.2174,-68.820226,53.4474,5.53,star F4III,"HIP 113969 ;HD  217831 ;HR  8769 ;",0
351.65235,-52.721603,30.7692,5.53,star F4V,"HIP 115713 ;HD  220729 ;HR  8907 ;BF  Omi Gru ;",0
2.50917,11.145813,93.633,5.54,star B9V,"HIP 813 ;HD  560 ;HR  26 ;BF  34    Psc ;",0
24.27465,12.141535,35.0877,5.54,star F0V,"HIP 7535 ;HD  9919 ;HR  463 ;BF  102Pi  Psc ;",0
80.70966,41.02926,89.6861,5.54,star A3V,"HIP 25143 ;HD  34904 ;HR  1760 ;",0
87.620445,14.305608,97.0874,5.54,star G9III:,"HIP 27581 ;HD  39019 ;HR  2016 ;BF  135    Tau ;",0
90.31791,-33.911835,188.3239,5.54,star K5III,"HIP 28524 ;HD  41047 ;HR  2131 ;",0
92.54337,-40.353792,261.0966,5.54,star M2II/III,"HIP 29263 ;HD  42682 ;HR  2203 ;",0
94.255125,-37.737445,91.5751,5.54,star K2III,"HIP 29842 ;HD  43899 ;HR  2263 ;",0
102.051105,55.704195,44.2674,5.54,star F5V:+...,"HIP 32609 ;HD  48766 ;HR  2486 ;",0
108.958875,47.239964,16.8919,5.54,star G0V,"HIP 35136 ;HD  55575 ;HR  2721 ;GL  GJ 1095 ;",0
111.40905,-79.094188,143.0615,5.54,star K2/K3III,"HIP 36039 ;HD  60816 ;HR  2919 ;BF  Eps Men ;",0
138.23178,-59.413928,145.1379,5.54,star G6II,"HIP 45219 ;HD  79698 ;HR  3673 ;",0
172.620975,18.409801,96.5251,5.54,star K0III,"HIP 56146 ;HD  100006 ;HR  4433 ;BF  86    Leo ;",0
175.33254,-43.095667,65.4879,5.54,star A0V,"HIP 57013 ;HD  101615 ;HR  4502 ;",0
180.185205,-10.446014,12.7632,5.54,star K0IV,"HIP 58576 ;HD  104304 ;HR  4587 ;GL  Gl 454 ;",0
185.211915,57.864118,194.9318,5.54,star K5III,"HIP 60212 ;HD  107465 ;HR  4701 ;BF  70    UMa ;",0
230.28171,-5.824853,92.6784,5.54,star K1III,"HIP 75127 ;HD  136479 ;HR  5707 ;",0
236.97117,-65.442291,111.9821,5.54,star A5,"HIP 77390 ;HD  140483 ;HR  5851 ;",0
239.31072,14.41448,73.9645,5.54,star K1IV,"HIP 78132 ;HD  142980 ;HR  5940 ;BF  Phi Ser ;",0
258.135705,62.874337,43.0478,5.54,star F0IV,"HIP 84183 ;HD  156295 ;HR  6421 ;",0
263.69313,-11.241999,123.3046,5.54,star B8Vn,"HIP 86019 ;HD  159358 ;HR  6544 ;",0
265.494315,15.95243,34.8554,5.54,star F4Vw,"HIP 86623 ;HD  160910 ;HR  6594 ;",0
298.006635,24.992162,518.1347,5.54,star A1Iab,"HIP 97765 ;HD  187982 ;HR  7573 ;",0
299.43936,16.789163,139.6648,5.54,star B9III,"HIP 98234 ;HD  189090 ;HR  7622 ;BF  11    Sge ;",0
313.910715,12.568558,60.4961,5.54,star A4V,"HIP 103298 ;HD  199254 ;HR  8012 ;BF  16    Del ;",0
314.855655,59.438594,188.6792,5.54,star K4III,"HIP 103598 ;HD  200205 ;HR  8049 ;",0
329.23488,12.076492,122.8501,5.54,star A2Vnn,"HIP 108339 ;HD  208565 ;HR  8373 ;BF  17    Peg ;",0
349.541085,-40.824361,35.4108,5.54,star F5V,"HIP 115054 ;HD  219693 ;HR  8859 ;GL  NN 4330 ;BF  Phi Gru ;",0
1.424835,13.396266,114.2857,5.55,star G5III,"HIP 476 ;HD  87 ;HR  4 ;BF  86    Peg ;",0
8.421015,-29.558278,165.0165,5.55,star K1III,"HIP 2661 ;HD  3059 ;HR  138 ;",0
12.471495,27.710286,88.574,5.55,star F5III+...,"HIP 3885 ;HD  4757 ;HR  230 ;BF  65    Psc ;",0
16.423785,21.465442,85.9107,5.55,star A0Vn,"HIP 5132 ;HD  6457 ;HR  311 ;BF  74Psi1Psc ;",0
24.531525,57.977631,534.7594,5.55,star G5II,"HIP 7617 ;HD  9900 ;HR  461 ;",0
36.865725,31.80128,85.2515,5.55,star K1III:,"HIP 11432 ;HD  15176 ;HR  712 ;BF  11    Tri ;",0
48.10986,6.660883,230.9469,5.55,star K1IIIpe+...,"HIP 14915 ;HD  19926 ;HR  958 ;",0
50.54955,27.607553,271.0027,5.55,star G5III,"HIP 15696 ;HD  20825 ;HR  1012 ;BF  62    Ari ;",0
54.963015,3.056863,114.0251,5.55,star G6III:,"HIP 17103 ;HD  22796 ;HR  1115 ;BF  12    Tau ;",0
55.282725,37.580198,251.8892,5.55,star B7Vn,"HIP 17203 ;HD  22780 ;HR  1113 ;",0
65.047965,50.920933,332.2259,5.55,star B1.5IV,"HIP 20234 ;HD  27192 ;HR  1333 ;",0
79.565385,42.792111,172.7116,5.55,star M4III,"HIP 24738 ;HD  34269 ;HR  1722 ;",0
88.7187,-39.957857,155.2795,5.55,star M0III,"HIP 27955 ;HD  40091 ;HR  2082 ;",0
95.151,-34.144144,595.2381,5.55,star B3V,"HIP 30143 ;HD  44506 ;HR  2288 ;",0
96.814965,-0.275999,212.3142,5.55,star K5III,"HIP 30720 ;HD  45433 ;HR  2335 ;",0
96.835215,2.908288,94.4287,5.55,star G9III,"HIP 30728 ;HD  45415 ;HR  2333 ;",0
106.54833,34.473967,92.6784,5.55,star G8IV,"HIP 34267 ;HD  53329 ;HR  2660 ;",0
111.99651,-29.155896,282.4859,5.55,star B9Vsp...,"HIP 36258 ;HD  59256 ;HR  2863 ;",0
115.51341,14.208503,396.8254,5.55,star M3Sv,"HIP 37521 ;HD  61913 ;HR  2967 ;",0
124.8843,75.756907,85.9845,5.55,star G8III,"HIP 40793 ;HD  68375 ;HR  3216 ;",0
132.893385,-7.177226,136.7989,5.55,star A4m,"HIP 43496 ;HD  75737 ;HR  3523 ;BF  15    Hya ;",0
159.773715,53.6683,139.0821,5.55,star K3III,"HIP 52136 ;HD  92095 ;HR  4165 ;",0
171.0465,-72.256608,304.878,5.55,star B2IV-V,"HIP 55657 ;HD  99264 ;HR  4406 ;",0
192.43731,-71.98626,143.2665,5.55,star G8Ib/II,"HIP 62608 ;HD  111315 ;HR  4862 ;",0
206.12427,-16.179072,252.5253,5.55,star G1IV/V,"HIP 67057 ;HD  119605 ;HR  5165 ;BF  83    Vir ;",0
215.040435,-43.058843,113.1222,5.55,star G8III,"HIP 70054 ;HD  125383 ;HR  5362 ;",0
219.07932,-46.245451,214.5923,5.55,star K3III,"HIP 71419 ;HD  128068 ;HR  5444 ;",0
220.431345,11.660662,123.6094,5.55,star G8III,"HIP 71837 ;HD  129336 ;HR  5481 ;BF  32    Boo ;",0
246.4311,78.963854,42.8816,5.55,star F0V,"HIP 80480 ;HD  149681 ;HR  6173 ;",0
250.473705,-19.924377,42.0521,5.55,star F3V,"HIP 81754 ;HD  150453 ;HR  6202 ;",0
251.831925,-58.341441,826.4463,5.55,star B0Iab,"HIP 82171 ;HD  150898 ;HR  6219 ;",0
260.43174,39.974649,73.9645,5.55,star F9Vn...,"HIP 84949 ;HD  157482 ;HR  6469 ;",0
292.830585,50.306706,141.6431,5.55,star K1III,"HIP 96014 ;HD  184293 ;HR  7427 ;",0
313.03623,-5.507059,199.2032,5.55,star B9III,"HIP 103005 ;HD  198667 ;HR  7985 ;BF  5    Aqr ;",0
314.581005,44.471711,79.3021,5.55,star G8III,"HIP 103519 ;HD  199870 ;HR  8035 ;",0
316.606305,-41.385965,218.3406,5.55,star K3III,"HIP 104177 ;HD  200702 ;HR  8069 ;BF  Eta Mic ;",0
330.51906,58.000366,934.5794,5.55,star O9V,"HIP 108772 ;HD  209481 ;HR  8406 ;BF  14    Cep ;",0
330.81858,-6.522406,93.1099,5.55,star K0III,"HIP 108868 ;HD  209396 ;HR  8401 ;BF  30    Aqr ;",0
336.642795,-16.742138,20.202,5.55,star G3V,"HIP 110778 ;HD  212697 ;HR  8544 ;GL  Gl 859B ;BF  53    Aqr ;",0
345.33075,-28.85396,163.9344,5.55,star K3III,"HIP 113669 ;HD  217484 ;HR  8754 ;",0
348.907155,70.88808,116.2791,5.55,star F0IV,"HIP 114831 ;HD  219586 ;HR  8851 ;",0
353.656425,40.236441,80.3213,5.55,star A1III,"HIP 116354 ;HD  221756 ;HR  8947 ;BF  15    And ;",0
356.75799,57.451359,492.6108,5.55,star K3II,"HIP 117299 ;HD  223173 ;HR  9010 ;",0
14.195655,60.362836,165.0165,5.56,star B8V,"HIP 4440 ;HD  5408 ;HR  266 ;",0
16.98816,20.739113,47.3037,5.56,star A3V,"HIP 5310 ;HD  6695 ;HR  328 ;BF  79Psi2Psc ;",0
17.85642,64.202677,124.0695,5.56,star B9.5V,"HIP 5566 ;HD  6960 ;HR  342 ;",0
44.921505,-2.464952,111.1111,5.56,star B9.5V,"HIP 13951 ;HD  18633 ;HR  899 ;BF  5    Eri ;",0
53.99028,-11.193782,115.8749,5.56,star G7III:,"HIP 16780 ;HD  22409 ;HR  1098 ;",0
56.235405,-0.29672,120.919,5.56,star K4III,"HIP 17506 ;HD  23413 ;HR  1150 ;BF  25    Eri ;",0
70.028355,-24.482368,107.4114,5.56,star G6/G8III,"HIP 21743 ;HD  29737 ;HR  1495 ;",0
82.06389,-37.230767,87.7963,5.56,star A0V,"HIP 25608 ;HD  36187 ;HR  1835 ;",0
92.39385,-14.584619,63.8162,5.56,star K2III,"HIP 29205 ;HD  42341 ;HR  2183 ;",0
95.65935,-69.984043,189.7533,5.56,star K5III,"HIP 30321 ;HD  45669 ;HR  2352 ;BF  Pi 1Dor ;",0
105.98892,-43.608039,16.5153,5.56,star G3V...,"HIP 34065 ;HD  53705 ;HR  2667 ;GL  Gl 264.1A ;",0
126.683085,12.654612,276.2431,5.56,star M3III,"HIP 41400 ;HD  71250 ;HR  3319 ;BF  27    Cnc ;",0
130.072815,-53.015398,147.2754,5.56,star B7Vn,"HIP 42535 ;HD  74196 ;HR  3448 ;",0
135.33693,-41.864254,131.5789,5.56,star B5V,"HIP 44299 ;HD  77475 ;HR  3600 ;",0
138.1272,-43.613262,212.3142,5.56,star B8V,"HIP 45189 ;HD  79416 ;HR  3661 ;",0
140.4624,-42.19486,176.0563,5.56,star M3Ib,"HIP 45924 ;HD  81034 ;HR  3726 ;",0
143.63604,-5.914948,173.6111,5.56,star K1III,"HIP 46982 ;HD  82870 ;HR  3814 ;BF  33    Hya ;",0
145.92609,-53.891282,105.1525,5.56,star A0V,"HIP 47717 ;HD  84461 ;HR  3875 ;",0
147.731625,-62.745116,334.4482,5.56,star K1IIICN...,"HIP 48310 ;HD  85656 ;HR  3914 ;",0
174.58584,43.625429,46.49,5.56,star F2II-III,"HIP 56770 ;HD  101107 ;HR  4477 ;BF  59    UMa ;",0
178.043055,-56.987741,102.8807,5.56,star B4III,"HIP 57870 ;HD  103101 ;HR  4551 ;",0
186.71538,-32.830121,155.521,5.56,star B9V,"HIP 60735 ;HD  108323 ;HR  4735 ;",0
205.233855,-85.786043,83.7521,5.56,star A2m...,"HIP 66753 ;HD  117374 ;HR  5084 ;BF  Kap Oct ;",0
216.27639,-68.195333,621.118,5.56,star A3Ib,"HIP 70492 ;HD  125835 ;HR  5379 ;",0
230.65572,39.581463,595.2381,5.56,star K4III,"HIP 75257 ;HD  137071 ;HR  5726 ;",0
256.57521,22.084153,104.8218,5.56,star K4III,"HIP 83692 ;HD  154733 ;HR  6364 ;",0
265.618185,24.564058,124.3781,5.56,star K4III,"HIP 86667 ;HD  161074 ;HR  6602 ;BF  83    Her ;",0
273.91158,42.159345,181.4882,5.56,star B7IV,"HIP 89482 ;HD  167965 ;HR  6845 ;",0
283.8792,-16.376635,31.7158,5.56,star F5/F6IV/V,"HIP 92882 ;HD  175317 ;HR  7126 ;",0
284.31912,2.535346,348.4321,5.56,star B9IIIp...,"HIP 93051 ;HD  175869 ;HR  7158 ;BF  64    Ser ;",0
287.069595,-19.290289,396.8254,5.56,star B2V,"HIP 93996 ;HD  178175 ;HR  7249 ;",0
298.62948,24.319388,144.3001,5.56,star A0III,"HIP 97961 ;HD  188485 ;HR  7601 ;",0
337.156365,-67.489059,43.122,5.56,star A3V,"HIP 110935 ;HD  212728 ;HR  8547 ;",0
348.89274,-3.49638,71.2251,5.56,star A3V,"HIP 114822 ;HD  219402 ;HR  8840 ;",0
349.849905,-5.124352,34.1647,5.56,star F3IV,"HIP 115142 ;HD  219877 ;HR  8868 ;BF  96    Aqr ;",0
350.63553,60.133485,526.3158,5.56,star K3II,"HIP 115395 ;HD  220369 ;HR  8894 ;",0
351.2118,32.384882,145.1379,5.56,star B9III,"HIP 115591 ;HD  220599 ;HR  8903 ;BF  67    Peg ;",0
351.74985,87.307504,102.145,5.56,star A7IV,"HIP 115746 ;HD  221525 ;HR  8938 ;",0
1.61055,64.196168,265.9574,5.57,star B9III,"HIP 531 ;HD  144 ;HR  7 ;BF  10    Cas ;",0
2.26008,18.211963,87.4126,5.57,star G9III,"HIP 729 ;HD  448 ;HR  22 ;BF  87    Peg ;",0
8.61561,-52.37309,25.4842,5.57,star F3IV-V,"HIP 2711 ;HD  3158 ;HR  140 ;GL  Gl 22.2 ;",0
9.335895,-24.767267,15.4012,5.57,star K1V+...,"HIP 2941 ;HD  3443 ;HR  159 ;GL  Gl 25A ;",0
12.00444,-21.722492,105.1525,5.57,star B9V,"HIP 3741 ;HD  4622 ;HR  220 ;",0
17.455005,19.658408,115.4734,5.57,star G0III,"HIP 5454 ;HD  6903 ;HR  339 ;BF  81Psi3Psc ;",0
17.922435,65.018854,119.0476,5.57,star B9IV,"HIP 5589 ;HD  6972 ;HR  345 ;BF  32    Cas ;",0
25.58532,68.043021,119.1895,5.57,star A0p SiSr,"HIP 7965 ;HD  10221 ;HR  478 ;BF  43    Cas ;",0
29.91177,-42.030532,89.9281,5.57,star K1III,"HIP 9313 ;HD  12296 ;HR  588 ;",0
33.56049,-67.841441,238.0952,5.57,star M1III,"HIP 10418 ;HD  14141 ;HR  667 ;BF  Pi 1Hyi ;",0
33.92826,25.043043,51.0725,5.57,star F6V,"HIP 10535 ;HD  13872 ;HR  657 ;BF  21    Ari ;",0
35.242485,50.151466,120.3369,5.57,star B9p Si,"HIP 10944 ;HD  14392 ;HR  682 ;BF  63    And ;",0
52.400115,-12.674737,128.2051,5.57,star A5III/IV,"HIP 16263 ;HD  21688 ;HR  1062 ;",0
72.303525,31.437375,65.8328,5.57,star K2III,"HIP 22393 ;HD  30454 ;HR  1529 ;",0
98.40069,14.155163,77.0416,5.57,star K2III:,"HIP 31277 ;HD  46374 ;HR  2391 ;",0
117.277995,-56.41036,334.4482,5.57,star G5II,"HIP 38152 ;HD  64067 ;HR  3062 ;",0
134.156115,64.603831,94.0734,5.57,star G6III,"HIP 43903 ;HD  75958 ;HR  3531 ;BF  6    UMa ;",0
144.178545,31.161734,175.4386,5.57,star M2III,"HIP 47168 ;HD  83069 ;HR  3820 ;",0
157.397415,-30.607065,133.1558,5.57,star B9/B9.5V,"HIP 51376 ;HD  90972 ;HR  4118 ;BF  Del Ant ;",0
158.378805,34.988695,209.6436,5.57,star A2Vn,"HIP 51685 ;HD  91365 ;HR  4137 ;BF  34    LMi ;",0
162.84891,59.320119,83.5422,5.57,star K2III,"HIP 53064 ;HD  93875 ;HR  4236 ;BF  42    UMa ;",0
190.487985,6.806617,71.5308,5.57,star A2V,"HIP 61968 ;HD  110423 ;HR  4829 ;BF  31    Vir ;",0
197.13528,-8.984385,97.0874,5.57,star K3III,"HIP 64122 ;HD  114113 ;HR  4957 ;",0
204.89424,10.746269,59.988,5.57,star F0V,"HIP 66640 ;HD  118889 ;HR  5138 ;",0
215.582175,-34.786792,420.1681,5.57,star B8V,"HIP 70243 ;HD  125745 ;HR  5376 ;",0
235.817415,-84.465273,66.1376,5.57,star A2V,"HIP 76996 ;HD  137333 ;HR  5729 ;BF  Rho Oct ;",0
235.9971,32.515807,74.6269,5.57,star G9III:,"HIP 77048 ;HD  140716 ;HR  5855 ;BF  9Pi  CrB ;",0
236.347845,5.447315,113.3787,5.57,star A1V,"HIP 77163 ;HD  140775 ;HR  5859 ;",0
242.32731,-57.934318,85.8369,5.57,star B9V,"HIP 79153 ;HD  144480 ;HR  5994 ;BF  Iot2Nor ;",0
250.33506,-48.762957,100000,5.57,star O5,"HIP 81702 ;HD  150136 ;HR  6187 ;",0
254.200155,-23.150346,93.1099,5.57,star A0V,"HIP 82925 ;HD  152849 ;HR  6291 ;BF  24    Oph ;",0
262.838895,2.724507,111.6071,5.57,star G8III,"HIP 85749 ;HD  158837 ;HR  6524 ;",0
272.495805,36.466284,120.7729,5.57,star G8III,"HIP 89008 ;HD  166640 ;HR  6807 ;",0
291.57981,-21.776693,132.2751,5.57,star K1/K2III,"HIP 95564 ;HD  182629 ;HR  7375 ;BF  50    Sgr ;",0
292.342305,14.596019,91.7431,5.57,star K0III,"HIP 95822 ;HD  183492 ;HR  7407 ;",0
311.951385,6.008209,131.406,5.57,star A0V,"HIP 102633 ;HD  198069 ;HR  7953 ;BF  13    Del ;",0
323.34801,-44.8487,200.4008,5.57,star K0III,"HIP 106429 ;HD  204960 ;HR  8236 ;",0
326.633745,-11.365954,86.3558,5.57,star A1V,"HIP 107517 ;HD  207052 ;HR  8319 ;BF  48Lam Cap ;",0
327.065445,-47.303615,15.9949,5.57,star G2V,"HIP 107649 ;HD  207129 ;HR  8323 ;GL  Gl 838 ;",0
330.73611,44.649863,151.0574,5.57,star A0IV,"HIP 108845 ;HD  209515 ;HR  8407 ;",0
348.31647,57.168355,6.5462,5.57,star K3Vvar,"HIP 114622 ;HD  219134 ;HR  8832 ;GL  Gl 892 ;",0
359.28534,55.705705,70.9723,5.57,star G8Ib,"HIP 118077 ;HD  224355 ;HR  9059 ;",0
0.404235,61.222801,943.3962,5.58,star F0III,"HIP 124 ;HD  224893 ;HR  9085 ;",0
6.06522,52.019914,306.7485,5.58,star B5IV,"HIP 1921 ;HD  1976 ;HR  91 ;",0
16.52145,-9.839354,180.8318,5.58,star A1V,"HIP 5164 ;HD  6530 ;HR  317 ;BF  28    Cet ;",0
24.71577,-21.275384,77.2798,5.58,star F0V,"HIP 7679 ;HD  10148 ;HR  473 ;",0
34.53141,19.901164,137.1742,5.58,star A1Vn,"HIP 10732 ;HD  14191 ;HR  669 ;BF  22The Ari ;",0
44.10894,18.023119,35.3482,5.58,star F6V,"HIP 13702 ;HD  18256 ;HR  869 ;BF  46Rho3Ari ;",0
52.218,49.848384,160.7717,5.58,star B6Vn,"HIP 16210 ;HD  21362 ;HR  1037 ;",0
64.990425,14.035201,45.7038,5.58,star F3V...,"HIP 20219 ;HD  27397 ;HR  1351 ;BF  57    Tau ;",0
67.53582,15.63784,45.8295,5.58,star F0V...,"HIP 20995 ;HD  28485 ;HR  1422 ;BF  80    Tau ;",0
72.73059,-53.461508,41.5628,5.58,star F0IV...,"HIP 22531 ;HD  31203 ;HR  1563 ;BF  Iot Pic ;",0
97.82616,-51.825953,36.914,5.58,star F8V,"HIP 31079 ;HD  46569 ;HR  2400 ;",0
108.71319,-27.037996,83.3333,5.58,star K3III,"HIP 35044 ;HD  56160 ;HR  2750 ;",0
114.6369,35.04855,114.0251,5.58,star K0III,"HIP 37204 ;HD  60986 ;HR  2924 ;BF  70    Gem ;",0
115.30173,48.131533,96.3391,5.58,star K0III,"HIP 37441 ;HD  61363 ;HR  2939 ;",0
125.338425,-20.079058,173.913,5.58,star A3V,"HIP 40944 ;HD  70442 ;HR  3279 ;",0
126.61545,27.893583,114.4165,5.58,star K5III,"HIP 41377 ;HD  71093 ;HR  3304 ;BF  22Phi1Cnc ;",0
146.62656,-44.75506,305.8104,5.58,star B2.5IV,"HIP 47963 ;HD  84816 ;HR  3886 ;",0
156.70386,-54.877302,621.118,5.58,star K3II/III,"HIP 51140 ;HD  90677 ;HR  4107 ;",0
157.370745,-29.663832,110.1322,5.58,star K3III,"HIP 51364 ;HD  90957 ;HR  4117 ;",0
166.70799,-70.87793,252.5253,5.58,star B2V,"HIP 54327 ;HD  96706 ;HR  4329 ;",0
171.401565,16.456539,43.9174,5.58,star F2V,"HIP 55765 ;HD  99285 ;HR  4408 ;BF  81    Leo ;",0
178.763055,8.443943,52.5762,5.58,star K0III:,"HIP 58110 ;HD  103484 ;HR  4559 ;BF  6    Vir ;",0
188.39274,-12.830203,49.3583,5.58,star G8III/IV,"HIP 61296 ;HD  109272 ;HR  4779 ;",0
195.94212,-20.583497,28.2087,5.58,star F7V,"HIP 63738 ;HD  113415 ;HR  4935 ;GL  Gl 496A ;",0
217.157955,49.844851,100,5.58,star G3IV,"HIP 70791 ;HD  127243 ;HR  5420 ;BF  24    Boo ;",0
268.347795,-34.895125,252.5253,5.58,star K3III,"HIP 87569 ;HD  162587 ;HR  6658 ;",0
273.919335,-63.055366,90.3342,5.58,star K0III/IV,"HIP 89487 ;HD  166599 ;HR  6805 ;",0
276.25599,-30.75657,196.0784,5.58,star K0III,"HIP 90260 ;HD  169233 ;HR  6888 ;BF  18    Sgr ;",0
283.431495,36.971721,303.9514,5.58,star B2.5V,"HIP 92728 ;HD  175426 ;HR  7131 ;BF  11Del1Lyr ;",0
283.86435,6.61529,88.2613,5.58,star G9III,"HIP 92872 ;HD  175515 ;HR  7135 ;",0
288.833715,15.083651,212.3142,5.58,star G8II-III,"HIP 94624 ;HD  180262 ;HR  7300 ;",0
304.61937,36.999803,62.5,5.58,star A2V,"HIP 100108 ;HD  193369 ;HR  7769 ;BF  36    Cyg ;",0
305.52234,45.794994,124.2236,5.58,star K0IIIvar,"HIP 100437 ;HD  194152 ;HR  7798 ;",0
320.268255,23.855966,82.9187,5.58,star K1III,"HIP 105411 ;HD  203344 ;HR  8165 ;",0
332.306835,33.172337,88.4956,5.58,star G6III:,"HIP 109352 ;HD  210354 ;HR  8449 ;BF  27Pi 1Peg ;",0
333.43512,-25.180905,77.3994,5.58,star F7II,"HIP 109737 ;HD  210848 ;HR  8470 ;",0
349.176075,53.213476,20.5044,5.58,star F7V,"HIP 114924 ;HD  219623 ;HR  8853 ;GL  NN 4324 ;",0
350.206455,30.414921,128.7001,5.58,star M0III,"HIP 115271 ;HD  220088 ;HR  8882 ;BF  63    Peg ;",0
1.171965,-71.436891,175.4386,5.59,star B8III,"HIP 377 ;HD  225253 ;HR  9108 ;",0
7.921575,52.839526,116.8224,5.59,star K2III,"HIP 2497 ;HD  2774 ;HR  124 ;",0
12.35673,-13.561274,85.1064,5.59,star K3III,"HIP 3849 ;HD  4730 ;HR  227 ;",0
13.720005,83.707435,87.7193,5.59,star A4V,"HIP 4283 ;HD  4853 ;HR  240 ;",0
15.3261,-38.916527,157.4803,5.59,star K1III,"HIP 4770 ;HD  6055 ;HR  288 ;BF  Xi  Scl ;",0
30.75078,64.390018,537.6344,5.59,star B8Ib,"HIP 9573 ;HD  12301 ;HR  589 ;BF  53    Cas ;",0
43.98678,61.521138,26.7094,5.59,star F4V,"HIP 13665 ;HD  17948 ;HR  860 ;GL  NN 3188 ;",0
55.890975,-10.485661,42.4268,5.59,star A5m,"HIP 17395 ;HD  23281 ;HR  1139 ;",0
61.40592,-27.651807,45.045,5.59,star F0IV/V,"HIP 19095 ;HD  25945 ;HR  1275 ;GL  Wo 9143 ;",0
69.190155,-62.077154,54.615,5.59,star M8e,"HIP 21479 ;HD  29712 ;HR  1492 ;",0
98.850915,-36.779879,156.25,5.59,star A0V,"HIP 31457 ;HD  47144 ;HR  2424 ;",0
104.649585,-25.414157,264.5503,5.59,star B2V,"HIP 33575 ;HD  52018 ;HR  2616 ;",0
110.24286,-14.360489,184.8429,5.59,star G8/K0III,"HIP 35615 ;HD  57478 ;HR  2796 ;",0
113.298615,3.290379,41.7537,5.59,star F2V,"HIP 36723 ;HD  60111 ;HR  2887 ;BF  8Del2CMi ;",0
119.44419,-60.303072,16.2048,5.59,star G2V...,"HIP 38908 ;HD  65907 ;HR  3138 ;GL  Gl 294A ;",0
124.57248,-35.451703,126.2626,5.59,star K2III,"HIP 40678 ;HD  70002 ;HR  3266 ;",0
132.902175,-57.633577,226.2443,5.59,star B8III,"HIP 43499 ;HD  76113 ;HR  3536 ;",0
137.48505,-30.365401,64.9773,5.59,star A4IV,"HIP 45001 ;HD  78922 ;HR  3644 ;BF  Eps Pyx ;",0
151.789575,-17.141733,117.2333,5.59,star K4III,"HIP 49569 ;HD  87808 ;HR  3977 ;",0
153.881505,-43.112369,155.521,5.59,star K4III,"HIP 50241 ;HD  89062 ;HR  4036 ;",0
157.74933,-13.58847,160.2564,5.59,star B8/B9IV/V,"HIP 51491 ;HD  91120 ;HR  4123 ;",0
179.41677,-62.448748,187.2659,5.59,star B3V,"HIP 58326 ;HD  103884 ;HR  4573 ;",0
179.698605,-64.33956,100000,5.59,star A3Ib,"HIP 58427 ;HD  104035 ;HR  4578 ;",0
180.414525,36.042086,102.7749,5.59,star K0III,"HIP 58654 ;HD  104438 ;HR  4593 ;",0
196.646145,-41.588443,105.5966,5.59,star K0II/III,"HIP 63972 ;HD  113778 ;HR  4941 ;",0
223.306455,-73.190071,101.0101,5.59,star G5III,"HIP 72833 ;HD  130458 ;HR  5520 ;",0
226.357725,48.150972,84.1043,5.59,star A1V,"HIP 73841 ;HD  133962 ;HR  5627 ;BF  47    Boo ;",0
229.734915,-40.788222,167.7852,5.59,star B9V,"HIP 74950 ;HD  135876 ;HR  5687 ;",0
239.22549,-33.964281,46.0617,5.59,star B9V,"HIP 78106 ;HD  142630 ;HR  5926 ;BF  Xi 2Lup ;",0
289.129305,4.834795,164.4737,5.59,star A3IV,"HIP 94727 ;HD  180482 ;HR  7303 ;BF  22    Aql ;",0
289.91664,-35.421452,276.2431,5.59,star B4III,"HIP 94986 ;HD  180885 ;HR  7316 ;",0
290.15895,-22.402535,55.371,5.59,star A6:m...,"HIP 95077 ;HD  181240 ;HR  7327 ;",0
293.340105,-45.271748,121.6545,5.59,star A0p,"HIP 96178 ;HD  183806 ;HR  7416 ;",0
305.02497,68.880317,205.3388,5.59,star M5III,"HIP 100261 ;HD  194258 ;HR  7804 ;",0
309.26946,26.461947,97.371,5.59,star B9V,"HIP 101716 ;HD  196504 ;HR  7880 ;BF  27    Vul ;",0
310.79583,66.657447,42.7899,5.59,star A8V,"HIP 102253 ;HD  197950 ;HR  7945 ;BF  4    Cep ;",0
314.625135,50.461791,331.1258,5.59,star B5Vn,"HIP 103530 ;HD  199955 ;HR  8040 ;",0
321.331245,46.714341,33.4672,5.59,star F0V,"HIP 105769 ;HD  204153 ;HR  8208 ;",0
357.99099,2.930384,229.3578,5.59,star K4II,"HIP 117683 ;HD  223719 ;HR  9033 ;BF  22    Psc ;",0
359.86623,-29.485168,226.2443,5.59,star K5III,"HIP 118277 ;HD  224630 ;HR  9073 ;",0
18.069015,79.673963,82.85,5.6,star A3V,"HIP 5626 ;HD  6798 ;HR  333 ;",0
20.91918,37.714943,63.857,5.6,star A1m,"HIP 6514 ;HD  8374 ;HR  395 ;BF  47    And ;",0
34.506,1.757802,24.3546,5.6,star G0.5IV,"HIP 10723 ;HD  14214 ;HR  672 ;",0
56.13093,36.460103,90.5797,5.6,star A2m,"HIP 17460 ;HD  23193 ;HR  1133 ;",0
77.84529,-11.849089,149.0313,5.6,star M6.2III,"HIP 24169 ;HD  33664 ;HR  1693 ;",0
81.257265,-10.328887,133.8688,5.6,star K5III,"HIP 25329 ;HD  35536 ;HR  1799 ;",0
83.476185,14.305578,136.7989,5.6,star B3V,"HIP 26093 ;HD  36653 ;HR  1864 ;BF  35    Ori ;",0
83.805165,10.240093,343.6426,5.6,star B9IIIMNp...,"HIP 26215 ;HD  36881 ;HR  1883 ;",0
87.742125,27.967861,107.0664,5.6,star G7III:,"HIP 27629 ;HD  39004 ;HR  2013 ;",0
88.092885,14.171787,130.039,5.6,star B9p...,"HIP 27743 ;HD  39317 ;HR  2033 ;BF  137    Tau ;",0
95.732685,-56.369969,48.2625,5.6,star Am,"HIP 30342 ;HD  45229 ;HR  2320 ;BF  Nu  Pic ;",0
98.09637,-5.86882,41.841,5.6,star F0Vnn+...,"HIP 31167 ;HD  46304 ;HR  2386 ;",0
101.82795,-55.539988,184.5018,5.6,star K5III,"HIP 32531 ;HD  49877 ;HR  2526 ;",0
111.783285,-17.864861,92.3361,5.6,star F2V,"HIP 36186 ;HD  58954 ;HR  2853 ;",0
112.327785,-1.905329,684.9315,5.6,star K5III,"HIP 36388 ;HD  59311 ;HR  2865 ;",0
115.79994,-36.050089,191.9386,5.6,star B5V,"HIP 37623 ;HD  62578 ;HR  2994 ;",0
117.544065,-9.183441,367.6471,5.6,star K3III,"HIP 38253 ;HD  63752 ;HR  3047 ;",0
120.197115,17.308703,243.309,5.6,star K3III,"HIP 39177 ;HD  65759 ;HR  3128 ;BF  3    Cnc ;",0
126.613365,-3.987479,50.025,5.6,star A5III-IV,"HIP 41375 ;HD  71297 ;HR  3321 ;BF  2    Hya ;",0
137.17575,-8.589524,188.3239,5.6,star B9.5III,"HIP 44883 ;HD  78556 ;HR  3630 ;BF  19    Hya ;",0
141.350145,-5.117394,275.4821,5.6,star K5III,"HIP 46221 ;HD  81420 ;HR  3738 ;BF  28    Hya ;",0
156.43446,-7.059829,121.6545,5.6,star M0.5III,"HIP 51046 ;HD  90362 ;HR  4092 ;",0
183.038715,20.542064,130.3781,5.6,star K0II-III,"HIP 59501 ;HD  106057 ;HR  4643 ;BF  5    Com ;",0
200.079,40.150548,156.0062,5.6,star K1III,"HIP 65072 ;HD  116010 ;HR  5032 ;BF  23    CVn ;",0
203.53047,55.348434,91.5751,5.6,star A0V,"HIP 66198 ;HD  118214 ;HR  5109 ;BF  81    UMa ;",0
251.343825,15.745289,139.0821,5.6,star M3III,"HIP 82028 ;HD  151203 ;HR  6227 ;",0
258.83019,-33.54842,100000,5.6,star O9,"HIP 84401 ;HD  155806 ;HR  6397 ;",0
282.39582,-43.434102,147.7105,5.6,star B9IV,"HIP 92382 ;HD  173861 ;HR  7068 ;BF  Eta2CrA ;",0
291.555195,20.097733,72.8863,5.6,star A0V,"HIP 95560 ;HD  182919 ;HR  7390 ;BF  5    Vul ;",0
297.99612,47.027339,100000,5.6,star O9.5Ia,"HIP 97757 ;HD  188209 ;HR  7589 ;",0
298.68666,0.273627,113.8952,5.6,star A0III,"HIP 97980 ;HD  188350 ;HR  7596 ;BF  58    Aql ;",0
305.614575,-42.049548,66.1376,5.6,star A0V,"HIP 100469 ;HD  193571 ;HR  7779 ;BF  Kap1Sgr ;",0
311.955375,47.831869,179.8561,5.6,star K5III,"HIP 102635 ;HD  198345 ;HR  7969 ;",0
317.162025,30.205637,115.7407,5.6,star B9V,"HIP 104371 ;HD  201433 ;HR  8094 ;",0
330.2709,0.604715,219.2982,5.6,star K4III:,"HIP 108691 ;HD  209128 ;HR  8390 ;BF  28    Aqr ;",0
337.283265,9.129034,182.8154,5.6,star K5III,"HIP 110986 ;HD  213119 ;HR  8562 ;BF  36    Peg ;",0
344.098455,41.603876,390.625,5.6,star B2IV,"HIP 113281 ;HD  216916 ;HR  8725 ;BF  16    Lac ;",0
347.08779,-28.823697,82.4402,5.6,star G8III,"HIP 114254 ;HD  218434 ;HR  8802 ;",0
351.33093,-56.848985,89.0472,5.6,star K0III,"HIP 115620 ;HD  220572 ;HR  8901 ;",0
351.8187,70.359782,65.3595,5.6,star A6IV,"HIP 115770 ;HD  220974 ;HR  8918 ;",0
39.891945,-11.871068,27.0343,5.6,star F5 V,"GL  Gl 105.4B ;",0
146.049045,-27.769033,117.7856,5.6,star F8 V,"GL  Gl 366.1B ;",0
5.442795,-20.058024,270.2703,5.61,star M5/M6Ib/II,"HIP 1728 ;HD  1760 ;HR  85 ;",0
30.918705,-4.103516,166.113,5.61,star K5Iab:,"HIP 9622 ;HD  12642 ;HR  611 ;",0
48.835155,30.556689,159.7444,5.61,star A1Vs,"HIP 15154 ;HD  20149 ;HR  971 ;",0
59.875545,-12.574425,225.2252,5.61,star K4III,"HIP 18647 ;HD  25165 ;HR  1235 ;",0
67.278855,-13.04837,465.1163,5.61,star B2V:ne,"HIP 20922 ;HD  28497 ;HR  1423 ;",0
75.971955,-24.388151,58.1734,5.61,star A2IV,"HIP 23554 ;HD  32667 ;HR  1645 ;",0
95.98299,-25.577629,310.559,5.61,star K5III,"HIP 30436 ;HD  45018 ;HR  2311 ;",0
100.01211,-80.813593,126.9036,5.61,star A5III,"HIP 31897 ;HD  50506 ;HR  2559 ;BF  Zet Men ;",0
117.39753,-33.28895,232.5581,5.61,star M0III,"HIP 38200 ;HD  63852 ;HR  3052 ;",0
126.14589,-3.75124,26.617,5.61,star F3V,"HIP 41211 ;HD  70958 ;HR  3297 ;GL  Gl 306 ;BF  1    Hya ;",0
127.61922,-32.159285,323.6246,5.61,star K3III,"HIP 41723 ;HD  72227 ;HR  3362 ;",0
140.458635,-55.514686,81.1688,5.61,star A3IVs...,"HIP 45920 ;HD  81157 ;HR  3732 ;",0
145.50147,39.757851,106.4963,5.61,star G8III,"HIP 47570 ;HD  83805 ;HR  3851 ;BF  43    Lyn ;",0
156.313305,8.784845,314.4654,5.61,star M2IIIs,"HIP 51008 ;HD  90254 ;HR  4088 ;BF  44    Leo ;",0
162.48759,-34.058183,132.4503,5.61,star A1V,"HIP 52965 ;HD  93905 ;HR  4238 ;",0
194.00202,38.314912,36.9004,5.61,star F0V,"HIP 63121 ;HD  112412 ;HR  4914 ;BF  12Alp1CVn ;",0
204.95232,-40.051708,152.207,5.61,star K2/K3III,"HIP 66656 ;HD  118799 ;HR  5136 ;",0
207.1614,31.190206,87.184,5.61,star K0III,"HIP 67384 ;HD  120420 ;HR  5195 ;",0
213.677865,-41.837495,136.612,5.61,star G8III,"HIP 69598 ;HD  124433 ;HR  5318 ;",0
221.843985,-25.624267,227.7904,5.61,star B9IV/V,"HIP 72323 ;HD  130158 ;HR  5514 ;BF  55    Hya ;",0
236.68425,-34.682454,117.9245,5.61,star B8V,"HIP 77286 ;HD  140784 ;HR  5860 ;",0
239.740455,36.643773,234.192,5.61,star K5III,"HIP 78276 ;HD  143435 ;HR  5957 ;",0
243.95751,-57.91235,129.7017,5.61,star A5III,"HIP 79689 ;HD  145782 ;HR  6040 ;",0
247.94679,45.598281,69.3001,5.61,star A4Vn,"HIP 80953 ;HD  149303 ;HR  6162 ;",0
263.37435,-5.744803,48.1,5.61,star A5V,"HIP 85922 ;HD  159170 ;HR  6534 ;",0
266.78352,17.697014,143.0615,5.61,star A1V,"HIP 87044 ;HD  161833 ;HR  6627 ;",0
275.23737,29.858925,56.1798,5.61,star A5m,"HIP 89925 ;HD  168913 ;HR  6876 ;BF  108    Her ;",0
330.27228,13.119823,77.2201,5.61,star F4III,"HIP 108693 ;HD  209166 ;HR  8392 ;BF  20    Peg ;",0
342.84402,61.69674,72.7273,5.61,star G2IV+...,"HIP 112864 ;HD  216380 ;HR  8696 ;",0
14.68278,-11.379975,98.0392,5.62,star G7III,"HIP 4587 ;HD  5722 ;HR  279 ;BF  23Phi4Cet ;",0
23.6574,-15.676359,59.3824,5.62,star A1V,"HIP 7345 ;HD  9672 ;HR  451 ;BF  49    Cet ;",0
45.59382,4.352884,168.6341,5.62,star B7V,"HIP 14143 ;HD  18883 ;HR  910 ;BF  93    Cet ;",0
49.593435,-0.930288,67.1592,5.62,star K1IV,"HIP 15383 ;HD  20559 ;HR  992 ;BF  95    Cet ;",0
53.0823,84.91104,103.0928,5.62,star G3IIp...,"HIP 16489 ;HD  20084 ;HR  965 ;",0
59.21697,22.477971,42.337,5.62,star F2IV,"HIP 18471 ;HD  24740 ;HR  1218 ;BF  32    Tau ;",0
61.094655,-12.792295,117.9245,5.62,star K1III,"HIP 19011 ;HD  25723 ;HR  1265 ;",0
85.610205,65.697649,83.612,5.62,star K5III,"HIP 26882 ;HD  37289 ;HR  1916 ;",0
88.138245,-37.631063,98.7167,5.62,star K1III,"HIP 27766 ;HD  39720 ;HR  2053 ;",0
88.681785,-11.774192,203.252,5.62,star K3 comp,"HIP 27938 ;HD  39853 ;HR  2065 ;",0
93.89277,-0.512189,37.1885,5.62,star F6V,"HIP 29716 ;HD  43318 ;HR  2233 ;",0
96.004215,-36.707764,101.5228,5.62,star K1II/III,"HIP 30444 ;HD  45145 ;HR  2316 ;",0
98.647215,-32.716255,161.2903,5.62,star B9V,"HIP 31362 ;HD  46936 ;HR  2415 ;",0
101.37996,-30.94898,581.3953,5.62,star B+...,"HIP 32385 ;HD  49131 ;HR  2501 ;",0
116.142375,-24.674079,793.6508,5.62,star B2II,"HIP 37751 ;HD  62747 ;HR  3004 ;",0
117.92928,-21.173662,93.7207,5.62,star K0III,"HIP 38375 ;HD  64152 ;HR  3068 ;",0
118.7223,-57.302806,103.4126,5.62,star K3/K4III,"HIP 38656 ;HD  65273 ;HR  3105 ;",0
123.28695,29.656536,209.6436,5.62,star B9p SiCr,"HIP 40240 ;HD  68351 ;HR  3215 ;BF  15    Cnc ;",0
130.801365,12.680876,284.0909,5.62,star A3V+...,"HIP 42795 ;HD  74228 ;HR  3450 ;BF  45    Cnc ;",0
144.291195,-32.178646,85.7633,5.62,star K1III,"HIP 47199 ;HD  83380 ;HR  3833 ;",0
147.832215,-46.193871,99.108,5.62,star K2III,"HIP 48348 ;HD  85563 ;HR  3910 ;",0
177.7593,-5.333332,91.4077,5.62,star K0IV,"HIP 57791 ;HD  102928 ;HR  4544 ;",0
224.133585,-47.879198,169.2047,5.62,star B+...,"HIP 73111 ;HD  131657 ;HR  5559 ;",0
228.954495,0.372139,46.1467,5.62,star A4V,"HIP 74689 ;HD  135559 ;HR  5679 ;BF  4    Ser ;",0
242.95023,36.425094,207.0393,5.62,star K3III SB,"HIP 79358 ;HD  145849 ;HR  6046 ;",0
250.417605,-49.651552,671.1409,5.62,star B1II,"HIP 81733 ;HD  150168 ;HR  6188 ;",0
268.961715,22.464221,133.3333,5.62,star K3III,"HIP 87777 ;HD  163547 ;HR  6687 ;",0
278.876655,23.60553,144.3001,5.62,star G8III,"HIP 91139 ;HD  171745 ;HR  6980 ;",0
284.107215,65.258084,96.1538,5.62,star G8III,"HIP 92969 ;HD  176598 ;HR  7187 ;",0
301.150725,32.218598,100000,5.62,star B1.5Ia comp,"HIP 98863 ;HD  190603 ;HR  7678 ;",0
327.500535,-64.712537,103.6269,5.62,star K1III,"HIP 107773 ;HD  207229 ;HR  8331 ;",0
331.46244,-59.636072,150.6024,5.62,star K4III,"HIP 109081 ;HD  209529 ;HR  8409 ;BF  Kap2Ind ;",0
335.783025,-45.928488,40,5.62,star F3III-IV,"HIP 110506 ;HD  212132 ;HR  8524 ;BF  Pi 2Gru ;",0
346.72341,-38.892293,87.3362,5.62,star A0V,"HIP 114132 ;HD  218242 ;HR  8790 ;BF  Ups Gru ;",0
25.16511,43.297687,69.5894,5.63,star A9IV:,"HIP 7825 ;HD  10204 ;HR  476 ;",0
25.51452,35.245707,84.246,5.63,star B9IV-V,"HIP 7943 ;HD  10390 ;HR  490 ;",0
26.93502,63.852501,10.0675,5.63,star K0V,"HIP 8362 ;HD  10780 ;HR  511 ;GL  Gl 75 ;",0
49.895445,-24.122902,299.4012,5.63,star M1III,"HIP 15479 ;HD  20729 ;HR  1004 ;",0
91.24317,4.158671,100000,5.63,star G4III,"HIP 28814 ;HD  41380 ;HR  2145 ;BF  66    Ori ;",0
106.02186,-5.323979,380.2281,5.63,star K3III,"HIP 34086 ;HD  53208 ;HR  2655 ;",0
112.71957,68.465621,137.5516,5.63,star K2III,"HIP 36528 ;HD  58425 ;HR  2830 ;",0
124.46007,59.571133,91.8274,5.63,star A7IV,"HIP 40646 ;HD  68930 ;HR  3235 ;BF  29    Lyn ;",0
125.00229,-71.505377,128.3697,5.63,star A0p,"HIP 40834 ;HD  71066 ;HR  3302 ;BF  Kap2Vol ;",0
129.798855,65.020907,14.3554,5.63,star G1.5Vb,"HIP 42438 ;HD  72905 ;HR  3391 ;GL  Gl 311 ;BF  3Pi 1UMa ;",0
131.18766,10.08167,129.7017,5.63,star A1p...,"HIP 42917 ;HD  74521 ;HR  3465 ;BF  49    Cnc ;",0
160.679955,-32.715673,187.2659,5.63,star A0V,"HIP 52407 ;HD  92845 ;HR  4194 ;",0
173.770425,54.785419,134.5895,5.63,star K0III,"HIP 56510 ;HD  100615 ;HR  4457 ;",0
187.57269,-23.696419,301.2048,5.63,star M0III,"HIP 61015 ;HD  108821 ;HR  4759 ;",0
196.726035,-35.862033,76.8049,5.63,star A0V,"HIP 64003 ;HD  113852 ;HR  4947 ;",0
204.3012,-61.691856,35.727,5.63,star F6V,"HIP 66438 ;HD  118261 ;HR  5113 ;",0
205.25979,22.495768,102.9866,5.63,star G9III,"HIP 66763 ;HD  119126 ;HR  5149 ;BF  2    Boo ;",0
222.58221,82.511944,43.29,5.63,star F9V,"HIP 72573 ;HD  133002 ;HR  5596 ;GL  NN 3876 ;",0
224.09586,49.628449,25.1067,5.63,star F7V,"HIP 73100 ;HD  132254 ;HR  5581 ;GL  NN 3880 ;",0
238.875345,-26.265993,125.1564,5.63,star A3V,"HIP 77984 ;HD  142445 ;HR  5917 ;BF  4    Sco ;",0
241.90641,9.891743,99.0099,5.63,star A7V,"HIP 79007 ;HD  144874 ;HR  6004 ;BF  45    Ser ;",0
248.14869,5.52122,118.3432,5.63,star B9.5III,"HIP 81007 ;HD  149121 ;HR  6158 ;BF  28    Her ;",0
256.38441,-0.89207,342.4658,5.63,star B1V,"HIP 83635 ;HD  154445 ;HR  6353 ;",0
262.730715,31.158139,120.919,5.63,star G8III,"HIP 85715 ;HD  158974 ;HR  6528 ;",0
277.11297,-38.995671,126.1034,5.63,star A2m...,"HIP 90541 ;HD  169853 ;HR  6910 ;",0
277.549425,-18.728794,90.1713,5.63,star K0III,"HIP 90687 ;HD  170433 ;HR  6933 ;",0
285.61533,-24.846826,78.9889,5.63,star K2III,"HIP 93498 ;HD  176704 ;HR  7195 ;",0
286.241115,31.744072,189.7533,5.63,star M0III,"HIP 93718 ;HD  177808 ;HR  7237 ;",0
298.32807,-3.114464,80.1282,5.63,star A5pvar,"HIP 97871 ;HD  188041 ;HR  7575 ;",0
306.892755,38.440332,81.4332,5.63,star A3V,"HIP 100907 ;HD  195050 ;HR  7826 ;BF  40    Cyg ;",0
316.14438,5.502862,235.8491,5.63,star K5III,"HIP 104031 ;HD  200644 ;HR  8066 ;BF  3    Equ ;",0
320.75205,-22.669048,237.5297,5.63,star M0III,"HIP 105576 ;HD  203475 ;HR  8172 ;",0
326.80818,2.686124,174.5201,5.63,star A1V,"HIP 107575 ;HD  207203 ;HR  8328 ;BF  11    Peg ;",0
351.812355,-58.47611,96.3391,5.63,star G8III,"HIP 115769 ;HD  220790 ;HR  8909 ;",0
353.659185,33.497328,88.968,5.63,star K0III:,"HIP 116355 ;HD  221758 ;HR  8948 ;BF  73    Peg ;",0
256.33071,54.469093,23.2558,5.63,star F7 V,"HD  154906 ;HR  6370 ;GL  Wo 9584A ;BF  21Mu  Dra ;",0
11.41293,74.988073,93.0233,5.64,star A2IV,"HIP 3572 ;HD  4161 ;HR  192 ;BF  21    Cas ;",0
16.272315,14.946133,54.5852,5.64,star F4II-III,"HIP 5081 ;HD  6397 ;HR  308 ;BF  72    Psc ;",0
30.913905,25.935471,48.7092,5.64,star F8IV,"HIP 9621 ;HD  12558 ;HR  605 ;BF  10    Ari ;",0
32.837835,8.569805,40.7166,5.64,star G0IV,"HIP 10212 ;HD  13421 ;HR  635 ;BF  64    Cet ;",0
39.157965,12.447639,34.7343,5.64,star F7V,"HIP 12153 ;HD  16234 ;HR  763 ;BF  31    Ari ;",0
46.598685,13.18725,96.0615,5.64,star K3III,"HIP 14439 ;HD  19270 ;HR  931 ;",0
64.59666,21.579297,54.0541,5.64,star F0V,"HIP 20087 ;HD  27176 ;HR  1331 ;BF  51    Tau ;",0
65.85441,16.77726,49.9002,5.64,star A1m,"HIP 20484 ;HD  27749 ;HR  1376 ;BF  63    Tau ;",0
72.78891,48.740685,97.1817,5.64,star G9III,"HIP 22545 ;HD  30557 ;HR  1535 ;",0
80.094225,62.653711,628.9308,5.64,star K4Iab:,"HIP 24914 ;HD  34255 ;HR  1720 ;",0
81.11871,-16.975781,68.2594,5.64,star A0V,"HIP 25280 ;HD  35505 ;HR  1792 ;",0
105.27477,-25.215634,312.5,5.64,star B2/B3III/IV,"HIP 33804 ;HD  52670 ;HR  2640 ;",0
109.064475,-46.774533,230.4147,5.64,star K4III,"HIP 35181 ;HD  56813 ;HR  2771 ;",0
113.33151,-19.412525,83.612,5.64,star K0III,"HIP 36732 ;HD  60341 ;HR  2899 ;",0
115.70064,-26.351326,96.8054,5.64,star K1III,"HIP 37590 ;HD  62412 ;HR  2988 ;",0
135.49161,-0.482673,150.3759,5.64,star K0III,"HIP 44356 ;HD  77353 ;HR  3596 ;",0
145.88859,29.974473,49.0196,5.64,star A2IV,"HIP 47701 ;HD  84107 ;HR  3861 ;BF  15    Leo ;",0
152.73276,-8.418462,145.1379,5.64,star K2III,"HIP 49865 ;HD  88333 ;HR  3996 ;BF  18    Sex ;",0
173.200395,-40.436194,171.2329,5.64,star M1III,"HIP 56319 ;HD  100378 ;HR  4447 ;",0
173.80545,-47.37258,221.2389,5.64,star M3III,"HIP 56518 ;HD  100733 ;HR  4463 ;",0
174.31611,-75.896544,41.511,5.64,star F1III,"HIP 56675 ;HD  101132 ;HR  4479 ;BF  Pi  Cha ;",0
196.467795,45.26855,132.626,5.64,star K1III,"HIP 63916 ;HD  113847 ;HR  4945 ;",0
198.630345,11.331656,146.6276,5.64,star M0III,"HIP 64607 ;HD  115046 ;HR  4998 ;",0
224.90397,39.265333,51.4933,5.64,star F1III-IV,"HIP 73369 ;HD  132772 ;HR  5588 ;BF  40    Boo ;",0
232.064205,-16.716484,240.3846,5.64,star K4III,"HIP 75730 ;HD  137744 ;HR  5743 ;BF  32Zet1Lib ;",0
235.08897,-73.446685,239.2344,5.64,star B8IV,"HIP 76750 ;HD  138800 ;HR  5782 ;BF  Kap2Aps ;",0
251.177475,-40.839675,163.6661,5.64,star B3V,"HIP 81972 ;HD  150742 ;HR  6214 ;",0
255.026175,-54.597179,51.8135,5.64,star A3V,"HIP 83187 ;HD  153053 ;HR  6297 ;",0
276.41166,8.032006,241.5459,5.64,star G8III-IV+..,"HIP 90313 ;HD  169689 ;HR  6902 ;",0
283.5552,27.909528,111.3586,5.64,star K4III,"HIP 92768 ;HD  175443 ;HR  7132 ;",0
294.006885,-24.719081,90.2527,5.64,star A1m...,"HIP 96406 ;HD  184552 ;HR  7431 ;BF  51    Sgr ;",0
295.1805,-0.621233,107.9914,5.64,star A3IV,"HIP 96807 ;HD  185762 ;HR  7480 ;BF  45    Aql ;",0
305.97159,-42.422868,95.511,5.64,star A3V,"HIP 100591 ;HD  193807 ;HR  7787 ;BF  Kap2Sgr ;",0
317.950995,59.98661,100000,5.64,star B0V,"HIP 104642 ;HD  202214 ;HR  8119 ;",0
321.5952,-37.829429,80.8407,5.64,star K2III,"HIP 105854 ;HD  203949 ;HR  8200 ;",0
337.507545,32.572638,110.4972,5.64,star B9.5V,"HIP 111068 ;HD  213323 ;HR  8574 ;BF  38    Peg ;",0
349.239885,-62.001198,20.5381,5.64,star F7V,"HIP 114948 ;HD  219482 ;HR  8843 ;GL  GJ 1282 ;",0
33.19809,-2.393637,39.6983,5.65,star F8V,"HIP 10305 ;HD  13612 ;HR  650 ;GL  Gl 87.1A ;BF  66    Cet ;",0
39.42417,-3.396175,92.5069,5.65,star G5III:,"HIP 12247 ;HD  16400 ;HR  771 ;BF  81    Cet ;",0
57.51846,44.967856,114.6789,5.65,star G2III...,"HIP 17932 ;HD  23838 ;HR  1176 ;",0
74.755695,-16.376027,40.4694,5.65,star F5V,"HIP 23166 ;HD  31925 ;HR  1604 ;",0
84.2874,-80.469122,18.315,5.65,star G3IV,"HIP 26394 ;HD  39091 ;HR  2022 ;GL  Wo 9189 ;BF  Pi  Men ;",0
90.204915,-51.216319,65.189,5.65,star A1m...,"HIP 28484 ;HD  41214 ;HR  2138 ;",0
91.08444,-32.17243,308.642,5.65,star B2V,"HIP 28756 ;HD  41534 ;HR  2149 ;",0
103.3284,-19.032763,95.511,5.65,star A9/F0III,"HIP 33077 ;HD  50644 ;HR  2565 ;",0
111.74784,-23.086023,383.1418,5.65,star B1II,"HIP 36168 ;HD  58978 ;HR  2855 ;",0
120.307875,4.879824,94.4287,5.65,star A1V,"HIP 39213 ;HD  65900 ;HR  3136 ;",0
146.598375,1.785586,80.5802,5.65,star F4IV,"HIP 47960 ;HD  84607 ;HR  3879 ;",0
163.57407,-13.758036,151.0574,5.65,star K0III + (G),"HIP 53316 ;HD  94481 ;HR  4255 ;",0
191.59392,9.539684,45.1467,5.65,star K1III-IV,"HIP 62325 ;HD  111028 ;HR  4849 ;BF  33    Vir ;",0
192.109455,-27.597384,98.2318,5.65,star G8III,"HIP 62500 ;HD  111295 ;HR  4860 ;",0
201.459855,-70.627248,136.0544,5.65,star Ap,"HIP 65522 ;HD  116458 ;HR  5049 ;",0
202.304175,10.81831,98.2318,5.65,star K0III,"HIP 65790 ;HD  117304 ;HR  5081 ;BF  71    Vir ;",0
224.66358,-27.657314,113.1222,5.65,star A6IV,"HIP 73284 ;HD  132219 ;HR  5577 ;BF  59    Hya ;",0
225.46131,-83.227646,120.7729,5.65,star G8/K0III,"HIP 73540 ;HD  130650 ;HR  5525 ;BF  Pi 1Oct ;",0
226.195665,-83.038311,598.8024,5.65,star G8Ib,"HIP 73771 ;HD  131246 ;HR  5545 ;BF  Pi 2Oct ;",0
230.021445,51.958515,67.659,5.65,star A4V,"HIP 75043 ;HD  136729 ;HR  5715 ;",0
230.452605,-48.317628,14.8126,5.65,star G2V,"HIP 75181 ;HD  136352 ;HR  5699 ;GL  Gl 582 ;BF  Nu 2Lup ;",0
230.793975,-60.657176,40.3388,5.65,star F7V,"HIP 75308 ;HD  136359 ;HR  5700 ;",0
234.41325,69.283344,235.2941,5.65,star M0III,"HIP 76519 ;HD  140227 ;HR  5844 ;",0
261.422325,60.048398,96.8992,5.65,star A1Vn,"HIP 85290 ;HD  158460 ;HR  6511 ;",0
263.3451,19.256677,37.6506,5.65,star F6V,"HIP 85912 ;HD  159332 ;HR  6541 ;",0
277.437345,77.547068,125.3133,5.65,star K4III,"HIP 90647 ;HD  172340 ;HR  7006 ;",0
288.82233,21.232118,91.8274,5.65,star A4V,"HIP 94620 ;HD  180317 ;HR  7301 ;BF  1    Sge ;",0
289.11162,14.544616,125.6281,5.65,star B9.5V,"HIP 94720 ;HD  180555 ;HR  7307 ;",0
300.084315,-33.703452,21.2495,5.65,star F7V,"HIP 98470 ;HD  189245 ;HR  7631 ;GL  Gl 773.4 ;",0
303.579255,-52.44577,210.084,5.65,star K4III,"HIP 99747 ;HD  191829 ;HR  7714 ;",0
330.28848,8.257164,165.8375,5.65,star K5III,"HIP 108699 ;HD  209167 ;HR  8393 ;BF  19    Peg ;",0
350.314575,-26.986769,101.3171,5.65,star G5IV,"HIP 115312 ;HD  220096 ;HR  8883 ;",0
4.03689,-31.446394,152.207,5.66,star K2III,"HIP 1288 ;HD  1187 ;HR  57 ;",0
11.10918,47.863984,191.2046,5.66,star B5V...,"HIP 3478 ;HD  4142 ;HR  189 ;",0
24.365835,-84.769593,116.6861,5.66,star K0III,"HIP 7568 ;HD  11025 ;HR  525 ;",0
32.16909,58.423601,100000,5.66,star A1Ia,"HIP 9990 ;HD  12953 ;HR  618 ;",0
56.290575,24.83926,125.4705,5.66,star B8V,"HIP 17527 ;HD  23324 ;HR  1144 ;BF  18    Tau ;",0
56.4969,45.681899,229.3578,5.66,star B6V,"HIP 17584 ;HD  23300 ;HR  1141 ;",0
58.00095,6.534907,238.6635,5.66,star B5V,"HIP 18089 ;HD  24263 ;HR  1199 ;BF  31    Tau ;",0
70.35048,48.300881,90.9091,5.66,star A0V,"HIP 21823 ;HD  29526 ;HR  1482 ;",0
70.788735,-30.765557,196.8504,5.66,star K3III,"HIP 21958 ;HD  30080 ;HR  1509 ;",0
80.30286,29.569884,88.574,5.66,star A1Vs,"HIP 25001 ;HD  34790 ;HR  1752 ;",0
101.662575,-10.10736,165.5629,5.66,star B9.5V,"HIP 32474 ;HD  49147 ;HR  2502 ;",0
114.01623,-14.492771,389.1051,5.66,star B2/3V(n),"HIP 36981 ;HD  60855 ;HR  2921 ;",0
114.131835,46.180288,168.6341,5.66,star M0III,"HIP 37023 ;HD  60437 ;HR  2903 ;",0
122.289615,-48.684413,280.8989,5.66,star B8Ib/II,"HIP 39919 ;HD  68161 ;HR  3203 ;",0
122.36889,-16.248922,518.1347,5.66,star B4V,"HIP 39943 ;HD  67880 ;HR  3194 ;",0
122.39013,-56.085384,120.7729,5.66,star A3m...,"HIP 39957 ;HD  68434 ;HR  3218 ;",0
129.59256,53.401539,81.6993,5.66,star G8IV,"HIP 42372 ;HD  73017 ;HR  3400 ;",0
142.302675,-20.749127,364.9635,5.66,star K4/K5III,"HIP 46511 ;HD  82077 ;HR  3763 ;",0
154.771245,-64.676258,80.3213,5.66,star A1V,"HIP 50520 ;HD  89715 ;HR  4065 ;",0
155.069655,-47.69909,515.4639,5.66,star K5/M0III,"HIP 50609 ;HD  89736 ;HR  4066 ;",0
162.796005,56.58225,109.529,5.66,star K2III,"HIP 53043 ;HD  93859 ;HR  4235 ;BF  43    UMa ;",0
182.96325,25.87028,271.7391,5.66,star K4III,"HIP 59468 ;HD  105981 ;HR  4640 ;BF  4    Com ;",0
185.83995,-24.840669,101.5228,5.66,star K1III,"HIP 60425 ;HD  107815 ;HR  4711 ;BF  6    Crv ;",0
208.80063,-52.160822,108.2251,5.66,star B8V,"HIP 67973 ;HD  121190 ;HR  5230 ;",0
247.445505,-14.550879,91.3242,5.66,star G5III/IV,"HIP 80793 ;HD  148604 ;HR  6140 ;",0
258.06753,-39.506949,62.9327,5.66,star A0/A1V,"HIP 84150 ;HD  155259 ;HR  6381 ;",0
262.956585,28.407499,82.0345,5.66,star A1V,"HIP 85790 ;HD  159139 ;HR  6533 ;BF  78    Her ;",0
291.73533,-29.743225,69.9301,5.66,star B8/B9V,"HIP 95619 ;HD  182681 ;HR  7380 ;",0
294.263925,-18.231052,121.8027,5.66,star K0III,"HIP 96496 ;HD  184835 ;HR  7443 ;",0
308.098725,-9.853384,24.4021,5.66,star G3V,"HIP 101345 ;HD  195564 ;HR  7845 ;",0
312.86766,28.250505,369.0037,5.66,star F5Ib,"HIP 102949 ;HD  198726 ;HR  7988 ;",0
324.633075,5.771742,54.7046,5.66,star A9IV-Vn,"HIP 106856 ;HD  205924 ;HR  8270 ;BF  4    Peg ;",0
325.542135,1.285253,342.4658,5.66,star K2III,"HIP 107144 ;HD  206445 ;HR  8287 ;BF  26    Aqr ;",0
339.714435,-33.081347,129.8701,5.66,star A0V,"HIP 111809 ;HD  214484 ;HR  8616 ;",0
345.024105,-25.16418,210.5263,5.66,star K0IICNIII,"HIP 113562 ;HD  217303 ;HR  8743 ;",0
352.25397,-63.110656,118.4834,5.66,star Ap Si,"HIP 115908 ;HD  221006 ;HR  8919 ;",0
354.414825,-13.060243,81.9001,5.66,star K0III,"HIP 116591 ;HD  222093 ;HR  8958 ;",0
2.014545,-33.529326,94.9668,5.67,star K1III,"HIP 655 ;HD  344 ;HR  13 ;",0
7.60863,-48.21491,43.0849,5.67,star F2V,"HIP 2383 ;HD  2726 ;HR  120 ;",0
17.5782,42.081475,52.2739,5.67,star F8V,"HIP 5493 ;HD  6920 ;HR  340 ;BF  44    And ;",0
33.8691,-67.746366,149.7006,5.67,star K2III,"HIP 10513 ;HD  14287 ;HR  678 ;BF  Pi 2Hyi ;",0
46.883115,-78.989244,82.85,5.67,star F2II-III,"HIP 14521 ;HD  20313 ;HR  981 ;",0
53.14488,-50.378646,95.7854,5.67,star K3III,"HIP 16509 ;HD  22231 ;HR  1090 ;",0
60.44223,9.998017,175.1313,5.67,star B5V,"HIP 18805 ;HD  25330 ;HR  1243 ;",0
64.49664,-80.214033,129.8701,5.67,star K2/K3III+..,"HIP 20049 ;HD  28525 ;HR  1426 ;BF  Del Men ;",0
68.534445,5.568616,148.5884,5.67,star A2Vs,"HIP 21295 ;HD  28978 ;HR  1448 ;",0
77.678775,46.96207,48.6855,5.67,star F5V,"HIP 24109 ;HD  33167 ;HR  1668 ;",0
83.38179,18.540231,476.1905,5.67,star B2IV-Ve,"HIP 26064 ;HD  36576 ;HR  1858 ;BF  120    Tau ;",0
83.754195,-6.00927,826.4463,5.67,star B1Vvar,"HIP 26197 ;HD  36959 ;HR  1886 ;",0
91.242435,5.41997,401.6064,5.67,star G7III:,"HIP 28812 ;HD  41361 ;HR  2144 ;BF  63    Ori ;",0
95.017605,14.651127,181.8182,5.67,star K3Ib,"HIP 30099 ;HD  44033 ;HR  2269 ;",0
126.084555,-80.914202,75.8725,5.67,star G8III,"HIP 41191 ;HD  72922 ;HR  3393 ;",0
126.22992,-23.153745,173.0104,5.67,star A1III/IV,"HIP 41242 ;HD  71141 ;HR  3308 ;",0
130.146915,-45.191103,295.858,5.67,star M0III,"HIP 42564 ;HD  74167 ;HR  3444 ;",0
133.14426,32.474157,64.4745,5.67,star A8Vms,"HIP 43584 ;HD  75698 ;HR  3519 ;BF  51Sig1Cnc ;",0
146.597205,11.810043,156.9859,5.67,star K4III,"HIP 47959 ;HD  84561 ;HR  3877 ;BF  18    Leo ;",0
158.758995,8.650425,131.406,5.67,star A2V,"HIP 51802 ;HD  91636 ;HR  4148 ;BF  49    Leo ;",0
166.130145,-47.679103,87.6424,5.67,star A8III/IV,"HIP 54137 ;HD  96113 ;HR  4311 ;",0
220.255815,-36.134858,189.7533,5.67,star Ap Si,"HIP 71783 ;HD  128974 ;HR  5466 ;",0
227.099085,26.301152,158.7302,5.67,star K2III,"HIP 74087 ;HD  134320 ;HR  5638 ;BF  46    Boo ;",0
243.06684,-28.417305,93.0233,5.67,star B9V,"HIP 79399 ;HD  145483 ;HR  6029 ;BF  12    Sco ;",0
245.946555,61.696461,155.2795,5.67,star G8III,"HIP 80309 ;HD  148374 ;HR  6130 ;",0
247.063215,-58.599795,411.5226,5.67,star B9III,"HIP 80675 ;HD  147977 ;HR  6114 ;",0
272.47506,3.119827,46.9263,5.67,star F5V,"HIP 89000 ;HD  166285 ;HR  6797 ;",0
278.34639,-38.725985,298.5075,5.67,star B9.5,"HIP 90968 ;HD  170868 ;HR  6952 ;BF  Kap1CrA ;",0
284.187765,57.814851,84.674,5.67,star K1III,"HIP 92997 ;HD  176408 ;HR  7175 ;BF  48    Dra ;",0
294.32247,16.462802,147.2754,5.67,star G8IIIvar,"HIP 96516 ;HD  185194 ;HR  7463 ;BF  4Eps Sge ;",0
301.09647,-0.709309,127.8772,5.67,star K4III,"HIP 98844 ;HD  190299 ;HR  7667 ;BF  62    Aql ;",0
312.910215,-62.429335,76.3359,5.67,star A2,"HIP 102962 ;HD  198160 ;HR  7959 ;",0
317.34078,-73.172968,19.7668,5.67,star G3IV,"HIP 104440 ;HD  200525 ;HR  8061 ;GL  Gl 818.1A ;",0
321.141675,26.17456,68.6342,5.67,star A8III,"HIP 105703 ;HD  203925 ;HR  8198 ;",0
1.17456,67.166445,92.6784,5.68,star K1III,"HIP 379 ;HD  225216 ;HR  9104 ;",0
32.656635,19.500338,171.2329,5.68,star M3III,"HIP 10155 ;HD  13325 ;HR  631 ;BF  15    Ari ;",0
52.4955,-78.35185,98.3284,5.68,star G8III,"HIP 16290 ;HD  22676 ;HR  1109 ;",0
55.578945,19.700254,165.2893,5.68,star B9Vn,"HIP 17309 ;HD  23016 ;HR  1126 ;BF  13    Tau ;",0
73.198995,42.586626,138.8889,5.68,star A3III,"HIP 22699 ;HD  30823 ;HR  1550 ;",0
80.382675,-0.416491,307.6923,5.68,star B3V,"HIP 25028 ;HD  35007 ;HR  1764 ;",0
102.60624,13.413177,540.5405,5.68,star K3III,"HIP 32814 ;HD  49738 ;HR  2525 ;BF  35    Gem ;",0
102.99996,23.601718,141.844,5.68,star K5III,"HIP 32968 ;HD  49968 ;HR  2533 ;",0
107.17647,-70.497087,49.6524,5.68,star F2,"HIP 34473 ;HD  55864 ;HR  2735 ;BF  Gam1Vol ;",0
114.575865,-48.601436,961.5385,5.68,star F4Iab,"HIP 37174 ;HD  61715 ;HR  2957 ;",0
128.02068,-53.21192,229.8851,5.68,star G8III+...,"HIP 41861 ;HD  72737 ;HR  3386 ;",0
134.396655,15.581281,46.1255,5.68,star F0IV,"HIP 44001 ;HD  76582 ;HR  3565 ;BF  63Omi2Cnc ;",0
144.250875,-25.296759,95.511,5.68,star K0III,"HIP 47187 ;HD  83332 ;HR  3830 ;",0
150.703965,21.949258,289.0173,5.68,star B2.5IV,"HIP 49220 ;HD  87015 ;HR  3952 ;",0
177.613665,-62.649381,100000,5.68,star A3Iab,"HIP 57741 ;HD  102878 ;HR  4541 ;",0
186.89631,55.712724,127.8772,5.68,star M2III,"HIP 60795 ;HD  108502 ;HR  4745 ;BF  73    UMa ;",0
187.43016,20.896109,84.0336,5.68,star A3V,"HIP 60957 ;HD  108765 ;HR  4756 ;BF  20    Com ;",0
189.593355,1.854662,151.0574,5.68,star M3III,"HIP 61658 ;HD  109896 ;HR  4807 ;",0
206.648595,54.432679,89.0472,5.68,star B9p EuCr,"HIP 67231 ;HD  120198 ;HR  5187 ;BF  84    UMa ;",0
221.37585,0.717271,151.2859,5.68,star B9.5V,"HIP 72154 ;HD  129956 ;HR  5501 ;BF  108    Vir ;",0
222.32811,-24.25147,310.559,5.68,star K3III+...,"HIP 72488 ;HD  130529 ;HR  5521 ;",0
222.422145,48.720804,68.5871,5.68,star F6V+...,"HIP 72524 ;HD  131041 ;HR  5538 ;BF  39    Boo ;",0
229.602105,20.572778,109.2896,5.68,star G5IV,"HIP 74896 ;HD  136138 ;HR  5692 ;",0
259.702185,28.822968,97.0874,5.68,star K0III,"HIP 84691 ;HD  156874 ;HR  6443 ;",0
263.414115,16.317553,92.9368,5.68,star K0III:,"HIP 85930 ;HD  159353 ;HR  6542 ;",0
267.6183,-53.612406,303.0303,5.68,star B2V + B3V,"HIP 87314 ;HD  161783 ;HR  6622 ;",0
280.964985,31.926613,50.3018,5.68,star F1III-IV,"HIP 91883 ;HD  173417 ;HR  7044 ;",0
283.500375,-21.359845,502.5126,5.68,star G8/K0II,"HIP 92747 ;HD  174947 ;HR  7114 ;BF  33    Sgr ;",0
297.65553,40.599759,649.3506,5.68,star B1III,"HIP 97634 ;HD  187879 ;HR  7567 ;",0
299.793915,23.101281,49.1159,5.68,star F0,"HIP 98375 ;HD  189410 ;HR  7641 ;BF  14    Vul ;",0
306.418875,21.409642,145.7726,5.68,star G6III,"HIP 100754 ;HD  194577 ;HR  7811 ;",0
309.748005,30.334265,108.5776,5.68,star K2III,"HIP 101899 ;HD  196852 ;HR  7904 ;",0
310.48542,41.716875,335.5705,5.68,star B8II-III,"HIP 102155 ;HD  197392 ;HR  7926 ;",0
313.957515,47.417656,100000,5.68,star B8Ia,"HIP 103312 ;HD  199478 ;HR  8020 ;",0
320.5017,49.388848,100.9082,5.68,star K0III,"HIP 105497 ;HD  203644 ;HR  8185 ;",0
341.928195,-14.056428,97.371,5.68,star B9V,"HIP 112542 ;HD  215766 ;HR  8673 ;BF  69Tau1Aqr ;",0
345.281445,-50.950028,149.7006,5.68,star K3III,"HIP 113657 ;HD  217403 ;HR  8749 ;",0
346.9389,49.295776,34.3407,5.68,star F5V,"HIP 114210 ;HD  218470 ;HR  8805 ;BF  5    And ;",0
347.433915,59.332692,534.7594,5.68,star A5III,"HIP 114365 ;HD  218753 ;HR  8822 ;BF  2    Cas ;",0
347.67765,17.594372,155.521,5.68,star K4III,"HIP 114449 ;HD  218792 ;HR  8824 ;",0
354.09702,2.102222,30.9789,5.68,star F6Vbwvar,"HIP 116495 ;HD  221950 ;HR  8954 ;BF  16    Psc ;",0
8.099085,6.955463,80.9717,5.69,star B9.5V,"HIP 2548 ;HD  2913 ;HR  132 ;BF  51    Psc ;",0
15.01482,44.713243,119.0476,5.69,star B9.5Vn,"HIP 4675 ;HD  5788 ;HR  282 ;",0
23.35713,58.327334,675.6757,5.69,star K0Ib+...,"HIP 7251 ;HD  9352 ;HR  439 ;",0
24.035415,-29.907317,69.3481,5.69,star F2V,"HIP 7463 ;HD  9906 ;HR  462 ;BF  Tau Scl ;",0
29.038905,37.25183,96.9932,5.69,star G8III...,"HIP 9021 ;HD  11749 ;HR  557 ;BF  56    And ;",0
44.900715,-25.274133,32.6158,5.69,star F3V,"HIP 13942 ;HD  18692 ;HR  901 ;BF  Zet For ;",0
64.22313,61.849989,136.7989,5.69,star B5Vn,"HIP 19968 ;HD  26670 ;HR  1305 ;",0
80.92629,-0.159818,268.8172,5.69,star B1.5V,"HIP 25223 ;HD  35299 ;HR  1781 ;",0
81.78447,30.208603,440.5286,5.69,star B9Ib,"HIP 25492 ;HD  35600 ;HR  1804 ;",0
97.99296,-58.753835,232.0186,5.69,star B9V,"HIP 31137 ;HD  46860 ;HR  2412 ;BF  Mu  Pic ;",0
105.33918,70.808296,156.0062,5.69,star K4III,"HIP 33827 ;HD  50885 ;HR  2581 ;",0
107.429265,-25.231034,564.9718,5.69,star B2V,"HIP 34579 ;HD  54912 ;HR  2704 ;",0
114.17097,-19.702338,518.1347,5.69,star B2II,"HIP 37036 ;HD  61068 ;HR  2928 ;",0
114.183,-48.830167,142.0455,5.69,star B9V,"HIP 37043 ;HD  61391 ;HR  2940 ;",0
118.078665,-14.846175,334.4482,5.69,star F2IV/V,"HIP 38427 ;HD  64238 ;HR  3073 ;BF  10    Pup ;",0
166.48986,-27.287853,212.3142,5.69,star B8V,"HIP 54255 ;HD  96314 ;HR  4317 ;BF  Chi2Hya ;",0
184.031445,40.66018,236.4066,5.69,star M1III,"HIP 59831 ;HD  106690 ;HR  4666 ;BF  2    CVn ;",0
200.423505,2.087243,67.7048,5.69,star A2V,"HIP 65198 ;HD  116160 ;HR  5037 ;",0
201.73383,-41.497562,598.8024,5.69,star K3III,"HIP 65593 ;HD  116835 ;HR  5060 ;",0
203.149605,-28.692768,71.582,5.69,star A0/A1V,"HIP 66065 ;HD  117716 ;HR  5097 ;",0
211.333545,-76.796752,113.1222,5.69,star M6.5III,"HIP 68815 ;HD  122250 ;HR  5261 ;BF  The Aps ;",0
242.11698,8.53431,247.5248,5.69,star M3.5IIIa,"HIP 79072 ;HD  145002 ;HR  6010 ;BF  47    Ser ;",0
255.242235,22.632095,952.381,5.69,star K3III,"HIP 83254 ;HD  153834 ;HR  6325 ;",0
260.439,53.420428,191.2046,5.69,star K5III,"HIP 84950 ;HD  157681 ;HR  6479 ;",0
261.004485,-62.864153,444.4444,5.69,star B2IV,"HIP 85147 ;HD  156838 ;HR  6440 ;",0
263.67705,-32.581662,100000,5.69,star O5/6(e),"HIP 86011 ;HD  159176 ;HR  6535 ;",0
267.1032,20.565441,79.4913,5.69,star G5IV,"HIP 87158 ;HD  162076 ;HR  6638 ;",0
269.98419,45.501378,175.4386,5.69,star M0III,"HIP 88122 ;HD  164646 ;HR  6728 ;",0
277.483065,-47.220546,198.0198,5.69,star K2III,"HIP 90662 ;HD  170069 ;HR  6922 ;",0
281.680515,-10.125048,100000,5.69,star F2Ib-II,"HIP 92136 ;HD  173638 ;HR  7055 ;",0
284.02551,18.10541,92.2509,5.69,star K1III,"HIP 92937 ;HD  175743 ;HR  7148 ;",0
285.32232,26.291411,199.2032,5.69,star B5V,"HIP 93393 ;HD  176871 ;HR  7202 ;",0
300.49416,-13.637217,90.9918,5.69,star A1IV,"HIP 98633 ;HD  189741 ;HR  7649 ;BF  63    Sgr ;",0
305.298,63.980122,215.0538,5.69,star K5III,"HIP 100357 ;HD  194298 ;HR  7805 ;",0
309.68328,13.315125,617.284,5.69,star K3Ib,"HIP 101882 ;HD  196725 ;HR  7892 ;BF  8The Del ;",0
315.115365,19.329581,160.5136,5.69,star M3III,"HIP 103675 ;HD  200044 ;HR  8044 ;",0
316.504755,-30.12512,92.4214,5.69,star K0/K1III,"HIP 104148 ;HD  200718 ;HR  8070 ;BF  Del Mic ;",0
325.856865,38.283589,84.1751,5.69,star A0V,"HIP 107253 ;HD  206774 ;HR  8307 ;BF  79    Cyg ;",0
328.405755,19.668437,72.3066,5.69,star A0Vs,"HIP 108060 ;HD  208108 ;HR  8358 ;",0
331.39446,28.963981,106.383,5.69,star B9Vn,"HIP 109056 ;HD  209833 ;HR  8419 ;BF  23    Peg ;",0
0.62376,8.485463,36.9004,5.7,star F0V,"HIP 194 ;HD  225003 ;HR  9093 ;BF  32    Psc ;",0
1.579155,-49.075191,25.7136,5.7,star G1IV...,"HIP 522 ;HD  142 ;HR  6 ;GL  Gl 4.2A ;",0
11.930085,-18.061339,108.9325,5.7,star K3III,"HIP 3717 ;HD  4585 ;HR  218 ;",0
18.70488,-0.973795,42.9185,5.7,star F5V,"HIP 5833 ;HD  7476 ;HR  368 ;BF  38    Cet ;",0
25.449825,-60.789339,111.4827,5.7,star K2/K3III,"HIP 7921 ;HD  10615 ;HR  505 ;",0
25.512495,-36.832305,93.1099,5.7,star A0V,"HIP 7941 ;HD  10538 ;HR  498 ;",0
28.03902,50.792794,147.929,5.7,star B9p...,"HIP 8714 ;HD  11291 ;HR  536 ;BF  2    Per ;",0
29.639595,49.204352,75.0188,5.7,star K0IV,"HIP 9222 ;HD  11949 ;HR  568 ;BF  3    Per ;",0
50.27835,3.67562,98.912,5.7,star G8.5III,"HIP 15619 ;HD  20791 ;HR  1007 ;BF  97Kap2Cet ;",0
58.596525,-40.357009,153.1394,5.7,star K0III...,"HIP 18262 ;HD  24744 ;HR  1219 ;",0
62.699025,-8.819814,87.7193,5.7,star G9III:,"HIP 19511 ;HD  26464 ;HR  1293 ;",0
89.721825,12.808264,243.309,5.7,star K2III...,"HIP 28302 ;HD  40369 ;HR  2099 ;",0
92.24127,2.499692,200.8032,5.7,star A3Vn,"HIP 29151 ;HD  42111 ;HR  2174 ;",0
94.31724,5.100112,19.2493,5.7,star G0.5Vb,"HIP 29860 ;HD  43587 ;HR  2251 ;GL  Gl 231.1A ;",0
99.664755,39.390854,149.7006,5.7,star K5III,"HIP 31771 ;HD  47070 ;HR  2419 ;BF  51    Aur ;",0
99.92775,-30.470491,73.3676,5.7,star K1III,"HIP 31870 ;HD  47946 ;HR  2460 ;",0
109.86741,-16.395244,42.7716,5.7,star F2III/IV,"HIP 35487 ;HD  57167 ;HR  2788 ;",0
112.21452,48.18393,153.1394,5.7,star B9MNp...,"HIP 36348 ;HD  58661 ;HR  2844 ;",0
118.123935,-54.367165,409.8361,5.7,star B1.5IV,"HIP 38438 ;HD  64722 ;HR  3088 ;",0
131.51031,-2.048655,92.5926,5.7,star K0III:,"HIP 43026 ;HD  74794 ;HR  3478 ;",0
133.79904,-54.965768,24.1546,5.7,star F6V,"HIP 43797 ;HD  76653 ;HR  3570 ;GL  NN 3519 ;",0
151.08729,-24.285534,70.1754,5.7,star F0V,"HIP 49339 ;HD  87427 ;HR  3965 ;",0
152.9436,-58.060544,390.625,5.7,star B2IVnpe,"HIP 49934 ;HD  88661 ;HR  4009 ;",0
164.80725,-33.737595,48.5201,5.7,star F2V,"HIP 53699 ;HD  95221 ;HR  4282 ;",0
167.204535,24.658464,141.2429,5.7,star A3IV,"HIP 54487 ;HD  96738 ;HR  4332 ;BF  67    Leo ;",0
189.24306,17.089536,194.5525,5.7,star K5III,"HIP 61571 ;HD  109742 ;HR  4801 ;BF  25    Com ;",0
192.741195,-52.787424,101.833,5.7,star A5V,"HIP 62703 ;HD  111588 ;HR  4872 ;",0
196.909575,-53.459764,100.1001,5.7,star B8V,"HIP 64053 ;HD  113902 ;HR  4951 ;",0
203.880405,-5.396191,97.1817,5.7,star G6III,"HIP 66320 ;HD  118219 ;HR  5111 ;BF  80    Vir ;",0
208.462605,53.728677,146.8429,5.7,star A0V,"HIP 67848 ;HD  121409 ;HR  5238 ;BF  86    UMa ;",0
220.806465,-24.997753,152.439,5.7,star B9.5V,"HIP 71974 ;HD  129433 ;HR  5484 ;BF  4    Lib ;",0
227.990445,-48.743687,77.7605,5.7,star A3IV,"HIP 74380 ;HD  134482 ;HR  5647 ;BF  Kap2Lup ;",0
241.482765,-72.400898,89.2061,5.7,star K1IIICNII,"HIP 78868 ;HD  143346 ;HR  5955 ;",0
261.02745,22.960285,42.6985,5.7,star F0IV,"HIP 85157 ;HD  157728 ;HR  6480 ;BF  73    Her ;",0
291.95049,-54.325272,164.7446,5.7,star K4III,"HIP 95690 ;HD  182509 ;HR  7370 ;",0
292.349265,-43.445195,62.383,5.7,star Am,"HIP 95823 ;HD  183007 ;HR  7392 ;",0
298.656885,-8.227289,147.929,5.7,star B7Vn,"HIP 97966 ;HD  188293 ;HR  7593 ;BF  57    Aql ;",0
302.895105,62.078542,48.3559,5.7,star F5V,"HIP 99500 ;HD  192455 ;HR  7727 ;BF  68    Dra ;",0
303.84906,33.729084,97.4659,5.7,star K0III,"HIP 99841 ;HD  192787 ;HR  7743 ;",0
314.197185,-26.296378,21.9684,5.7,star F7V,"HIP 103389 ;HD  199260 ;HR  8013 ;GL  Gl 811 ;",0
320.99508,24.274135,51.8135,5.7,star F1IV,"HIP 105652 ;HD  203803 ;HR  8190 ;",0
323.71272,-20.084274,27.1003,5.7,star F5V,"HIP 106559 ;HD  205289 ;HR  8245 ;BF  37    Cap ;",0
328.00431,55.796743,460.8295,5.7,star B6IV-V,"HIP 107930 ;HD  208095 ;HR  8357 ;",0
338.067765,76.226441,240.9639,5.7,star A2V,"HIP 111242 ;HD  214035 ;HR  8599 ;",0
357.638685,-14.40149,139.47,5.7,star K4III,"HIP 117567 ;HD  223559 ;HR  9029 ;",0
76.863405,18.647141,15.868,5.7,star G4 V,"GL  Gl 188B ;",0
0.269115,-48.809876,181.8182,5.71,star G8III,"HIP 88 ;HD  224834 ;HR  9081 ;BF  Tau Phe ;",0
3.3786,41.03537,34.904,5.71,star F0IV,"HIP 1086 ;HD  905 ;HR  41 ;BF  23    And ;",0
16.94253,-9.78555,47.1476,5.71,star F7IV,"HIP 5296 ;HD  6706 ;HR  329 ;BF  30    Cet ;",0
48.138135,-57.321549,321.5434,5.71,star C5II,"HIP 14930 ;HD  20234 ;HR  977 ;",0
51.889215,-35.681323,139.47,5.71,star K2III,"HIP 16112 ;HD  21574 ;HR  1054 ;BF  Chi2For ;",0
62.834505,5.523047,36.9822,5.71,star F4V,"HIP 19554 ;HD  26462 ;HR  1292 ;BF  45    Tau ;",0
68.47803,-6.738908,253.8071,5.71,star B9p Si,"HIP 21278 ;HD  29009 ;HR  1449 ;BF  46    Eri ;",0
73.77843,-16.74067,145.1379,5.71,star G8/K0III,"HIP 22860 ;HD  31414 ;HR  1579 ;",0
73.827705,-16.417767,85.3242,5.71,star G6/G8III,"HIP 22881 ;HD  31444 ;HR  1581 ;",0
76.31748,-26.152391,76.2195,5.71,star K2III,"HIP 23668 ;HD  32890 ;HR  1655 ;",0
84.148725,-6.064752,471.6981,5.71,star B1V...,"HIP 26345 ;HD  37209 ;HR  1911 ;",0
90.244005,47.901923,354.6099,5.71,star B9.5p SiFe,"HIP 28499 ;HD  40394 ;HR  2101 ;BF  36    Aur ;",0
92.44983,-22.774343,49.0436,5.71,star F5V,"HIP 29234 ;HD  42443 ;HR  2186 ;",0
99.095205,-18.659904,107.5269,5.71,star G8/K0III+..,"HIP 31564 ;HD  47138 ;HR  2423 ;BF  6Nu 1CMa ;",0
108.635925,12.115824,90.2527,5.71,star G6III,"HIP 35005 ;HD  55730 ;HR  2728 ;",0
125.477535,-17.586334,95.2381,5.71,star K0III,"HIP 40990 ;HD  70523 ;HR  3281 ;",0
127.877175,24.081105,76.6284,5.71,star F0IIIn,"HIP 41816 ;HD  72041 ;HR  3355 ;BF  30Ups1Cnc ;",0
131.82852,-46.155415,100000,5.71,star F0Ib,"HIP 43148 ;HD  75276 ;HR  3496 ;",0
148.71351,-50.243959,92.8505,5.71,star A0V,"HIP 48613 ;HD  86087 ;HR  3927 ;",0
151.151385,53.891716,50.7357,5.71,star F5V,"HIP 49363 ;HD  87141 ;HR  3954 ;",0
159.13491,-12.230121,25.0752,5.71,star F7V,"HIP 51933 ;HD  91889 ;HR  4158 ;GL  Gl 398.1 ;",0
167.32953,36.309379,117.096,5.71,star M3.5III,"HIP 54522 ;HD  96813 ;HR  4333 ;",0
174.14559,-33.570057,111.6071,5.71,star K0III,"HIP 56620 ;HD  100893 ;HR  4469 ;",0
184.377405,28.937189,54.9451,5.71,star A4m,"HIP 59923 ;HD  106887 ;HR  4673 ;",0
186.34059,-35.186417,134.5895,5.71,star B9IV/V,"HIP 60610 ;HD  108114 ;HR  4724 ;",0
192.225885,14.122584,122.399,5.71,star A1V,"HIP 62541 ;HD  111397 ;HR  4865 ;BF  29    Com ;",0
192.82491,-60.329789,100000,5.71,star A2Iab,"HIP 62732 ;HD  111613 ;HR  4876 ;",0
208.303875,17.932868,211.4165,5.71,star G5III,"HIP 67787 ;HD  121107 ;HR  5225 ;BF  7    Boo ;",0
225.453825,-0.140295,704.2254,5.71,star M2III,"HIP 73536 ;HD  132933 ;HR  5594 ;",0
231.887895,-64.531504,209.205,5.71,star K5/M0III,"HIP 75665 ;HD  137066 ;HR  5725 ;",0
236.82216,14.115348,76.6871,5.71,star A3V,"HIP 77336 ;HD  141187 ;HR  5870 ;BF  31Ups Ser ;",0
272.391225,3.993276,54.7945,5.71,star F2V,"HIP 88964 ;HD  166233 ;HR  6795 ;BF  73    Oph ;",0
275.80068,-12.014755,188.6792,5.71,star B5V,"HIP 90096 ;HD  169033 ;HR  6881 ;",0
276.99489,6.194104,216.9197,5.71,star B8III-IV,"HIP 90497 ;HD  170200 ;HR  6928 ;",0
277.98426,-43.507383,337.8378,5.71,star K2III,"HIP 90842 ;HD  170521 ;HR  6937 ;",0
282.15807,-65.077679,67.7048,5.71,star A9V,"HIP 92294 ;HD  173168 ;HR  7036 ;BF  The Pav ;",0
291.546,-15.053251,214.1328,5.71,star B7IV,"HIP 95557 ;HD  182645 ;HR  7378 ;",0
293.582415,51.23662,25.113,5.71,star F7V,"HIP 96258 ;HD  184960 ;HR  7451 ;GL  NN 4116 ;",0
299.00526,16.634799,100000,5.71,star G5Ibv SB,"HIP 98085 ;HD  188727 ;HR  7609 ;BF  10    Sge ;",0
304.902945,62.257472,115.8749,5.71,star B9V,"HIP 100221 ;HD  193964 ;HR  7792 ;BF  71    Dra ;",0
321.304275,-9.748552,91.8274,5.71,star F0IV,"HIP 105761 ;HD  203875 ;HR  8195 ;BF  19    Aqr ;",0
328.543215,-4.27618,89.6861,5.71,star K2III,"HIP 108102 ;HD  208111 ;HR  8360 ;",0
6.276675,53.046786,158.2278,5.72,star B9IV,"HIP 1982 ;HD  2054 ;HR  96 ;",0
7.509825,-3.957332,173.913,5.72,star M0III,"HIP 2353 ;HD  2637 ;HR  117 ;BF  12    Cet ;",0
10.44315,-56.501315,67.0241,5.72,star Ap,"HIP 3277 ;HD  3980 ;HR  183 ;BF  Xi  Phe ;",0
33.26376,15.27986,146.8429,5.72,star M0III,"HIP 10328 ;HD  13596 ;HR  648 ;BF  19    Ari ;",0
38.911425,37.312263,191.2046,5.72,star K4III,"HIP 12072 ;HD  16028 ;HR  748 ;",0
40.30833,-0.695653,22.5887,5.72,star F7IV,"HIP 12530 ;HD  16765 ;HR  790 ;BF  84    Cet ;",0
49.671435,-18.559794,36.9686,5.72,star F3V,"HIP 15411 ;HD  20631 ;HR  997 ;",0
52.08624,33.807557,117.2333,5.72,star A2V,"HIP 16168 ;HD  21402 ;HR  1041 ;",0
56.31615,-47.359476,103.5197,5.72,star K1III,"HIP 17534 ;HD  23719 ;HR  1169 ;",0
64.2837,57.860355,79.8085,5.72,star K1III,"HIP 19983 ;HD  26755 ;HR  1313 ;",0
65.514645,14.077198,44.3853,5.72,star A3m,"HIP 20400 ;HD  27628 ;HR  1368 ;BF  60    Tau ;",0
67.003245,21.619907,47.1254,5.72,star Am,"HIP 20842 ;HD  28226 ;HR  1403 ;",0
71.26734,-21.283383,218.3406,5.72,star K4III,"HIP 22086 ;HD  30238 ;HR  1521 ;",0
86.804805,14.488322,104.1667,5.72,star A3Vn,"HIP 27316 ;HD  38545 ;HR  1989 ;BF  131    Tau ;",0
91.539045,-66.039621,98.6193,5.72,star A0V,"HIP 28909 ;HD  42525 ;HR  2194 ;BF  Eta1Dor ;",0
92.6445,-27.154343,101.1122,5.72,star K1III,"HIP 29294 ;HD  42621 ;HR  2200 ;",0
99.30765,-36.990651,350.8772,5.72,star B6IV,"HIP 31637 ;HD  47500 ;HR  2446 ;",0
102.422145,32.606756,127.551,5.72,star K3II,"HIP 32740 ;HD  49380 ;HR  2512 ;",0
108.691755,-46.849672,142.4501,5.72,star A0p,"HIP 35029 ;HD  56455 ;HR  2761 ;",0
128.86749,-7.982292,92.8505,5.72,star A1spe...,"HIP 42146 ;HD  72968 ;HR  3398 ;BF  3    Hya ;",0
133.344015,61.962268,88.8099,5.72,star F2III,"HIP 43644 ;HD  75486 ;HR  3505 ;BF  5    UMa ;",0
134.20827,45.631646,70.7214,5.72,star K1IV,"HIP 43923 ;HD  76291 ;HR  3545 ;",0
137.99475,-19.747628,93.1966,5.72,star G8III,"HIP 45158 ;HD  79181 ;HR  3653 ;",0
142.121565,8.188298,124.2236,5.72,star K0III,"HIP 46457 ;HD  81873 ;HR  3755 ;BF  3    Leo ;",0
145.562055,69.237537,151.2859,5.72,star G9III:,"HIP 47594 ;HD  83489 ;HR  3838 ;",0
147.674775,-46.933923,176.9912,5.72,star K0IIICN...,"HIP 48287 ;HD  85483 ;HR  3904 ;",0
148.573575,-45.283516,305.8104,5.72,star B+...,"HIP 48561 ;HD  85980 ;HR  3925 ;",0
182.51424,5.807008,44.0529,5.72,star Am,"HIP 59309 ;HD  105702 ;HR  4629 ;BF  11    Vir ;",0
183.78549,70.200008,142.8571,5.72,star K2III,"HIP 59746 ;HD  106574 ;HR  4659 ;",0
204.24618,24.613297,140.647,5.72,star M2III,"HIP 66417 ;HD  118508 ;HR  5123 ;",0
214.161345,-66.587894,400,5.72,star B1.5III,"HIP 69763 ;HD  124471 ;HR  5320 ;",0
220.93515,40.459254,209.6436,5.72,star K4III,"HIP 72012 ;HD  129846 ;HR  5493 ;",0
224.29866,16.388128,163.1321,5.72,star G5III:,"HIP 73166 ;HD  132146 ;HR  5575 ;",0
224.366475,-21.415475,5.8404,5.72,star K4V,"HIP 73184 ;HD  131977 ;HR  5568 ;GL  Gl 570A ;",0
230.660115,63.341439,112.8668,5.72,star K4III,"HIP 75260 ;HD  137443 ;HR  5737 ;",0
230.96766,-12.369501,172.4138,5.72,star G8III,"HIP 75352 ;HD  136956 ;HR  5720 ;",0
241.81752,-36.755676,54.7945,5.72,star F0/F2V,"HIP 78970 ;HD  144415 ;HR  5991 ;",0
243.869325,18.808087,106.6098,5.72,star K3III,"HIP 79666 ;HD  146388 ;HR  6065 ;BF  16    Her ;",0
261.99003,-52.297168,109.6491,5.72,star K2III,"HIP 85470 ;HD  157753 ;HR  6483 ;",0
263.2803,41.243449,99.5025,5.72,star K1III:,"HIP 85888 ;HD  159501 ;HR  6550 ;",0
270.47658,-22.780298,100000,5.72,star B0Iab...,"HIP 88298 ;HD  164402 ;HR  6716 ;",0
271.45671,32.230674,212.3142,5.72,star K0III,"HIP 88636 ;HD  165683 ;HR  6768 ;",0
291.339975,-13.89713,154.7988,5.72,star K2III,"HIP 95485 ;HD  182477 ;HR  7367 ;",0
333.68484,42.95391,82.3723,5.72,star A2Vnn,"HIP 109831 ;HD  211211 ;HR  8489 ;",0
338.419215,56.624737,105.5966,5.72,star G8III-IV,"HIP 111362 ;HD  213930 ;HR  8594 ;",0
340.219485,14.549161,33.7952,5.72,star G3V+...,"HIP 111974 ;HD  214850 ;HR  8631 ;",0
343.795665,-4.987899,83.4028,5.72,star K0III-IV,"HIP 113184 ;HD  216718 ;HR  8716 ;",0
344.199195,-47.969221,74.6269,5.72,star Am...,"HIP 113307 ;HD  216823 ;HR  8722 ;BF  Tau3Gru ;",0
359.387385,-82.169804,93.5454,5.72,star K0III,"HIP 118114 ;HD  224362 ;HR  9061 ;BF  Gam2Oct ;",0
13.407585,-62.871352,218.3406,5.73,star M4III,"HIP 4200 ;HD  5276 ;HR  257 ;",0
41.364435,-63.704553,55.991,5.73,star G8III/IV,"HIP 12871 ;HD  17504 ;HR  833 ;BF  Gam Hor ;",0
66.12147,34.130758,137.3626,5.73,star B8V,"HIP 20579 ;HD  27777 ;HR  1377 ;BF  55    Per ;",0
70.33233,28.614994,116.9591,5.73,star A2V,"HIP 21819 ;HD  29646 ;HR  1490 ;",0
80.85009,-39.678423,199.2032,5.73,star M2III,"HIP 25194 ;HD  35515 ;HR  1793 ;",0
85.84029,-18.557475,75.0751,5.73,star A0V,"HIP 26966 ;HD  38206 ;HR  1975 ;",0
98.1624,-32.030447,537.6344,5.73,star B2V,"HIP 31190 ;HD  46547 ;HR  2397 ;",0
105.06594,16.078998,100000,5.73,star K3Ib,"HIP 33715 ;HD  52005 ;HR  2615 ;BF  41    Gem ;",0
114.932565,-38.139287,175.4386,5.73,star B5V,"HIP 37322 ;HD  61878 ;HR  2963 ;",0
122.61327,25.507334,41.3565,5.73,star G8IV,"HIP 40023 ;HD  67767 ;HR  3191 ;BF  14Psi Cnc ;",0
124.821555,62.507159,141.6431,5.73,star G8III,"HIP 40772 ;HD  69148 ;HR  3245 ;",0
137.26755,-18.328548,83.682,5.73,star A0/A1V,"HIP 44923 ;HD  78702 ;HR  3638 ;",0
144.26076,16.437952,355.8719,5.73,star K1III,"HIP 47189 ;HD  83189 ;HR  3826 ;BF  8    Leo ;",0
155.544105,41.22953,39.4322,5.73,star F7V,"HIP 50786 ;HD  89744 ;HR  4067 ;GL  Wo 9326 ;",0
163.742445,34.034798,88.8889,5.73,star G7III:,"HIP 53377 ;HD  94497 ;HR  4256 ;",0
171.4881,55.850459,94.0734,5.73,star K0III,"HIP 55797 ;HD  99283 ;HR  4407 ;",0
175.3929,31.746058,41.1523,5.73,star F4V,"HIP 57029 ;HD  101606 ;HR  4501 ;BF  62    UMa ;",0
177.42387,34.931758,69.4444,5.73,star F5IV,"HIP 57670 ;HD  102713 ;HR  4536 ;",0
185.550135,-68.307316,100.2004,5.73,star K0III,"HIP 60329 ;HD  107567 ;HR  4704 ;BF  Zet1Mus ;",0
204.2019,-26.495198,81.5661,5.73,star A7V+...,"HIP 66400 ;HD  118349 ;HR  5120 ;",0
205.168635,19.955719,100.6036,5.73,star A1V,"HIP 66727 ;HD  119055 ;HR  5144 ;BF  1    Boo ;",0
207.94761,-69.401258,223.2143,5.73,star K5/M0III,"HIP 67664 ;HD  120404 ;HR  5194 ;",0
238.87749,42.566193,164.4737,5.73,star B9p,"HIP 77986 ;HD  142926 ;HR  5938 ;BF  4    Her ;",0
240.88077,76.793939,157.4803,5.73,star A3V,"HIP 78661 ;HD  145622 ;HR  6034 ;",0
252.662325,29.806538,327.8689,5.73,star M1III,"HIP 82422 ;HD  152173 ;HR  6258 ;BF  50    Her ;",0
256.10301,-57.712166,174.5201,5.73,star B5IV,"HIP 83535 ;HD  153716 ;HR  6320 ;",0
265.839885,24.327821,39.0625,5.73,star G2IIIb,"HIP 86731 ;HD  161239 ;HR  6608 ;BF  84    Her ;",0
281.20083,37.594615,47.6872,5.73,star F0IVvar,"HIP 91973 ;HD  173649 ;HR  7057 ;BF  7Zet2Lyr ;",0
285.823725,-38.253147,68.4932,5.73,star F2III/IV,"HIP 93552 ;HD  176723 ;HR  7197 ;",0
291.85818,52.320436,107.5269,5.73,star A1V,"HIP 95656 ;HD  183534 ;HR  7408 ;BF  7Iot1Cyg ;",0
300.87507,16.031255,195.6947,5.73,star B9MNp...,"HIP 98754 ;HD  190229 ;HR  7664 ;",0
300.905595,29.896805,15.8579,5.73,star G6IV+...,"HIP 98767 ;HD  190360 ;HR  7670 ;GL  Gl 777A ;",0
303.82209,-27.032977,8.9111,5.73,star K3V,"HIP 99825 ;HD  192310 ;HR  7722 ;GL  Gl 785 ;",0
306.75936,49.383367,37.5657,5.73,star F0V:,"HIP 100859 ;HD  195068 ;HR  7828 ;BF  43    Cyg ;",0
318.94107,-53.263084,131.2336,5.73,star A6IV,"HIP 104978 ;HD  202103 ;HR  8114 ;",0
324.04569,-26.171516,58.4454,5.73,star A7/A8IV,"HIP 106654 ;HD  205471 ;HR  8253 ;BF  8    PsA ;",0
325.59564,41.077019,126.4223,5.73,star A0V,"HIP 107162 ;HD  206644 ;HR  8300 ;BF  77    Cyg ;",0
338.967855,39.634331,662.2517,5.73,star B1Ve,"HIP 111546 ;HD  214167 ;",0
343.935435,36.35139,191.2046,5.73,star B7III,"HIP 113222 ;HD  216831 ;HR  8723 ;",0
356.05014,-64.404451,223.2143,5.73,star K3II,"HIP 117088 ;HD  222820 ;HR  8996 ;",0
4.237695,61.533185,190.1141,5.74,star G8III,"HIP 1354 ;HD  1239 ;HR  60 ;",0
12.09573,5.280615,7.4549,5.74,star K2V,"96 G. Psc ;HIP 3765 ;HD  4628 ;HR  222 ;GL  Gl 33 ;",0
38.677605,-7.859445,140.647,5.74,star K4III,"HIP 12002 ;HD  16074 ;HR  752 ;BF  77    Cet ;",0
39.03861,-30.044978,178.5714,5.74,star G8/K0III,"HIP 12122 ;HD  16307 ;HR  767 ;BF  Iot1For ;",0
40.59141,20.011465,116.8224,5.74,star A0V,"HIP 12640 ;HD  16811 ;HR  793 ;BF  34Mu  Ari ;",0
47.40309,29.07708,323.6246,5.74,star B8III,"HIP 14677 ;HD  19548 ;HR  944 ;BF  55    Ari ;",0
52.00395,-11.2866,97.6562,5.74,star K2III,"HIP 16142 ;HD  21530 ;HR  1050 ;",0
55.678065,59.969391,632.9114,5.74,star K4Ib,"HIP 17342 ;HD  22764 ;HR  1112 ;",0
66.94182,-62.521206,109.7695,5.74,star K0III,"HIP 20825 ;HD  28732 ;HR  1435 ;",0
75.68742,-22.795052,143.472,5.74,star K1IV,"HIP 23474 ;HD  32503 ;HR  1634 ;BF  1    Lep ;",0
84.14676,54.428658,228.833,5.74,star M0III,"HIP 26344 ;HD  36678 ;HR  1866 ;",0
91.73964,-21.812299,384.6154,5.74,star M3II/III,"HIP 28984 ;HD  41933 ;HR  2166 ;",0
97.16352,-32.371279,264.5503,5.74,star B5IV,"HIP 30840 ;HD  45871 ;HR  2364 ;",0
102.597285,-31.706057,199.2032,5.74,star B3V,"HIP 32810 ;HD  50123 ;HR  2545 ;",0
103.827795,25.375697,17.2414,5.74,star G0V,"HIP 33277 ;HD  50692 ;HR  2569 ;GL  Gl 252 ;BF  37    Gem ;",0
106.95621,7.471214,182.4818,5.74,star K0III:,"HIP 34387 ;HD  54079 ;HR  2682 ;",0
110.32296,45.2282,35.4862,5.74,star A7s,"HIP 35643 ;HD  56963 ;HR  2776 ;",0
119.07771,-60.526436,401.6064,5.74,star K4II,"HIP 38783 ;HD  65662 ;HR  3120 ;",0
126.39807,2.102209,273.9726,5.74,star K5III,"HIP 41299 ;HD  71095 ;HR  3305 ;",0
131.21637,-37.147249,485.4369,5.74,star B2III,"HIP 42923 ;HD  74824 ;HR  3479 ;",0
136.00167,54.283887,119.6172,5.74,star A2V,"HIP 44504 ;HD  77309 ;HR  3592 ;",0
140.599965,-46.047445,162.8664,5.74,star G6/G8III,"HIP 45962 ;HD  81136 ;HR  3730 ;",0
143.085045,-19.400303,115.6069,5.74,star A4III,"HIP 46813 ;HD  82573 ;HR  3796 ;",0
154.508745,65.108351,79.5545,5.74,star A8III,"HIP 50448 ;HD  88983 ;HR  4026 ;BF  32    UMa ;",0
160.451205,68.443499,157.4803,5.74,star K3III,"HIP 52338 ;HD  92354 ;HR  4176 ;",0
160.96335,-64.249042,359.7122,5.74,star B3:V,"HIP 52487 ;HD  93163 ;HR  4204 ;",0
168.378285,-59.619318,675.6757,5.74,star B1.5V,"HIP 54829 ;HD  97670 ;HR  4361 ;",0
172.424355,15.413269,134.2282,5.74,star K4III,"HIP 56080 ;HD  99902 ;HR  4426 ;BF  85    Leo ;",0
188.15001,-13.859105,38.1679,5.74,star F3IV/V,"HIP 61212 ;HD  109141 ;HR  4776 ;",0
201.738075,78.643869,87.6424,5.74,star G2.5IIIb,"HIP 65595 ;HD  117566 ;HR  5091 ;",0
204.99933,-49.949956,157.4803,5.74,star M8III,"HIP 66666 ;HD  118767 ;HR  5134 ;",0
208.70469,-67.6521,289.0173,5.74,star K2III,"HIP 67942 ;HD  120913 ;HR  5218 ;",0
218.12889,55.39801,190.1141,5.74,star K5III,"HIP 71111 ;HD  128000 ;HR  5442 ;",0
218.66514,49.368354,262.4672,5.74,star M1III,"HIP 71280 ;HD  128333 ;HR  5452 ;",0
219.1839,-40.21158,147.4926,5.74,star B8V,"HIP 71453 ;HD  128207 ;HR  5449 ;",0
219.552555,43.64213,276.2431,5.74,star K2III,"HIP 71568 ;HD  128902 ;HR  5464 ;",0
221.62086,-47.441116,93.7207,5.74,star A1V,"HIP 72250 ;HD  129858 ;HR  5494 ;",0
229.152885,-60.903996,515.4639,5.74,star B0.5V,"HIP 74750 ;HD  135160 ;HR  5661 ;",0
232.73271,64.208693,94.6074,5.74,star K0III-IV,"HIP 75974 ;HD  138852 ;HR  5785 ;",0
237.778365,-55.055533,662.2517,5.74,star B2II,"HIP 77645 ;HD  141318 ;HR  5873 ;",0
239.742315,-65.037585,272.4796,5.74,star B7III,"HIP 78279 ;HD  142514 ;HR  5920 ;",0
242.908485,23.494801,209.205,5.74,star M4IIIa,"HIP 79349 ;HD  145713 ;HR  6039 ;BF  10    Her ;",0
250.42701,1.181231,55.5864,5.74,star F2.7III-IV,"HIP 81734 ;HD  150557 ;HR  6205 ;BF  14    Oph ;",0
251.588445,-58.503595,302.1148,5.74,star B2IV-V,"HIP 82110 ;HD  150745 ;HR  6215 ;",0
255.039615,-24.98907,33.7041,5.74,star F3V,"HIP 83196 ;HD  153363 ;HR  6310 ;BF  26    Oph ;",0
259.904415,80.136399,294.1176,5.74,star K5III,"HIP 84769 ;HD  158996 ;HR  6529 ;",0
264.539595,-10.926268,117.7856,5.74,star K0III,"HIP 86313 ;HD  160018 ;HR  6568 ;",0
269.732025,-36.858376,121.8027,5.74,star G8III,"HIP 88038 ;HD  163652 ;HR  6691 ;",0
270.03789,80.004095,63.5324,5.74,star K2Vvar,"HIP 88136 ;HD  166866 ;HR  6810 ;BF  41    Dra ;",0
271.563315,-4.751252,36.7647,5.74,star K1IV,"HIP 88684 ;HD  165438 ;HR  6756 ;",0
277.48629,-57.523143,97.561,5.74,star K0III,"HIP 90664 ;HD  169836 ;HR  6908 ;",0
278.412585,-14.853614,69.5894,5.74,star A0/A1V,"HIP 90991 ;HD  171130 ;HR  6962 ;",0
279.38961,62.526591,119.0476,5.74,star A0V,"HIP 91315 ;HD  172728 ;HR  7018 ;",0
299.67174,-69.163957,70.1262,5.74,star Am,"HIP 98332 ;HD  188097 ;HR  7579 ;",0
324.740085,57.489037,606.0606,5.74,star O6 (f),"HIP 106886 ;HD  206267 ;HR  8281 ;",0
328.72149,56.611227,100000,5.74,star B8Ibvar,"HIP 108165 ;HD  208501 ;HR  8371 ;BF  13    Cep ;",0
331.86912,19.475526,61.9579,5.74,star F2V:,"HIP 109209 ;HD  210074 ;HR  8435 ;",0
356.169645,-78.791442,148.5884,5.74,star K1III,"HIP 117125 ;HD  222806 ;HR  8995 ;",0
356.81631,-11.911126,93.5454,5.74,star K0III,"HIP 117314 ;HD  223170 ;HR  9009 ;",0
23.428485,-7.025341,29.5159,5.75,star G2IV,"HIP 7276 ;HD  9562 ;HR  448 ;",0
25.436805,-11.324669,39.4477,5.75,star F5V+...,"HIP 7916 ;HD  10453 ;HR  492 ;",0
34.4994,57.89982,125.9446,5.75,star K3III,"HIP 10718 ;HD  13982 ;HR  661 ;BF  8    Per ;",0
45.291765,-7.663012,99.3049,5.75,star K0II,"HIP 14060 ;HD  18784 ;HR  907 ;BF  8Rho1Eri ;",0
62.745915,33.586792,301.2048,5.75,star K1II-III,"HIP 19525 ;HD  26311 ;HR  1286 ;",0
74.029485,52.869761,129.7017,5.75,star A2Vs,"HIP 22936 ;HD  31134 ;HR  1561 ;",0
78.62019,-35.976996,152.439,5.75,star G8III,"HIP 24426 ;HD  34266 ;HR  1721 ;",0
83.280735,-35.139376,78.9266,5.75,star K0III,"HIP 26019 ;HD  36874 ;HR  1881 ;",0
92.43327,23.113466,100000,5.75,star B2.5Ib,"HIP 29225 ;HD  42087 ;HR  2173 ;BF  3    Gem ;",0
97.14204,30.493034,100000,5.75,star F5.5Ibv,"HIP 30827 ;HD  45412 ;HR  2332 ;BF  48    Aur ;",0
100.120185,77.995782,214.1328,5.75,star K5III,"HIP 31940 ;HD  45866 ;HR  2363 ;",0
102.07944,-1.318922,39.984,5.75,star F1V,"HIP 32617 ;HD  49434 ;HR  2514 ;",0
102.318375,-2.272038,176.0563,5.75,star B8IIIn,"HIP 32698 ;HD  49643 ;HR  2521 ;",0
103.20612,8.380373,62.3053,5.75,star F0Vn,"HIP 33024 ;HD  50277 ;HR  2551 ;",0
106.844115,-23.840722,100000,5.75,star B2V:nn,"HIP 34360 ;HD  54309 ;HR  2690 ;",0
107.846115,26.856587,119.1895,5.75,star A4IV,"HIP 34722 ;HD  54801 ;HR  2700 ;BF  47    Gem ;",0
108.9882,27.897419,235.8491,5.75,star M1III,"HIP 35152 ;HD  55870 ;HR  2738 ;BF  53    Gem ;",0
112.34211,-10.326664,396.8254,5.75,star K5III,"HIP 36396 ;HD  59381 ;HR  2867 ;",0
126.99759,-35.113761,284.9003,5.75,star B2V,"HIP 41515 ;HD  71801 ;HR  3343 ;",0
133.801785,-18.241189,136.7989,5.75,star K2/K3III,"HIP 43798 ;HD  76376 ;HR  3554 ;",0
142.69206,-31.889222,124.3781,5.75,star A0,"HIP 46657 ;HD  82383 ;HR  3780 ;BF  Zet1Ant ;",0
149.900925,29.645233,105.1525,5.75,star G9III:,"HIP 48982 ;HD  86513 ;HR  3942 ;",0
168.414165,-53.231813,130.039,5.75,star K2III,"HIP 54840 ;HD  97651 ;HR  4360 ;",0
182.224215,-44.325989,104.1667,5.75,star A3III,"HIP 59229 ;HD  105509 ;HR  4624 ;",0
193.34124,-60.328489,100000,5.75,star B9Ia,"HIP 62894 ;HD  111904 ;HR  4887 ;",0
193.73553,47.196722,213.2196,5.75,star M5III,"HIP 63024 ;HD  112264 ;HR  4909 ;",0
201.27783,23.854419,87.4891,5.75,star A3IV,"HIP 65466 ;HD  116706 ;HR  5057 ;",0
227.050545,-40.58393,110.742,5.75,star B8IV Si,"HIP 74066 ;HD  133880 ;HR  5624 ;",0
227.577645,-26.332621,130.3781,5.75,star K0III,"HIP 74239 ;HD  134373 ;HR  5641 ;",0
228.57987,-70.079476,359.7122,5.75,star N0v,"HIP 74582 ;HD  134453 ;HR  5644 ;",0
241.90173,-12.74541,112.3596,5.75,star B9V,"HIP 79005 ;HD  144708 ;HR  6002 ;BF  11    Sco ;",0
246.105555,55.205096,119.9041,5.75,star A2svar...,"HIP 80375 ;HD  148330 ;HR  6127 ;",0
261.1314,16.301006,125,5.75,star A3V,"HIP 85185 ;HD  157740 ;HR  6481 ;",0
265.996545,53.801715,163.3987,5.75,star A2V,"HIP 86782 ;HD  161693 ;HR  6618 ;",0
297.175245,11.815896,157.7287,5.75,star F2V:+...,"HIP 97473 ;HD  187259 ;HR  7544 ;BF  52Pi  Aql ;",0
300.09627,-66.94936,73.2601,5.75,star K0IV,"HIP 98478 ;HD  188584 ;HR  7603 ;BF  Mu 1Pav ;",0
310.34853,-31.598289,138.8889,5.75,star M1III,"HIP 102092 ;HD  196917 ;HR  7909 ;",0
310.646325,82.531158,108.1081,5.75,star A0V,"HIP 102208 ;HD  199095 ;HR  8002 ;BF  76    Dra ;",0
317.136255,-63.92826,156.9859,5.75,star K0III,"HIP 104364 ;HD  200751 ;HR  8073 ;",0
317.56485,53.5631,135.8696,5.75,star B9III,"HIP 104516 ;HD  201834 ;HR  8106 ;",0
319.86978,49.510294,167.2241,5.75,star B6V,"HIP 105282 ;HD  203245 ;HR  8161 ;",0
322.034325,32.22533,44.7227,5.75,star F0V,"HIP 106003 ;HD  204485 ;HR  8220 ;",0
331.297215,26.673689,119.3317,5.75,star K2III,"HIP 109023 ;HD  209761 ;HR  8415 ;",0
334.277085,-5.387164,94.7867,5.75,star G6III,"HIP 110023 ;HD  211434 ;HR  8504 ;BF  44    Aqr ;",0
334.552575,62.804388,282.4859,5.75,star K3III,"HIP 110103 ;HD  211833 ;HR  8511 ;BF  25    Cep ;",0
351.055215,-51.891174,180.5054,5.75,star M0III,"HIP 115537 ;HD  220440 ;HR  8898 ;",0
351.78075,42.91201,91.9963,5.75,star B9III,"HIP 115755 ;HD  220885 ;HR  8913 ;BF  13    And ;",0
24.947535,-56.1964,7.8223,5.76,star K0V,"HIP 7751 ;HD  10360 ;HR  486 ;GL  Gl 66B ;",0
28.96266,23.577322,170.9402,5.76,star K1III,"HIP 8993 ;HD  11763 ;HR  559 ;BF  7    Ari ;",0
40.761765,55.106019,132.2751,5.76,star B7IIIp...,"HIP 12692 ;HD  16727 ;HR  785 ;BF  11    Per ;",0
43.95207,18.33164,107.7586,5.76,star M6IIIvar,"HIP 13654 ;HD  18191 ;HR  867 ;BF  45Rho2Ari ;",0
52.47984,-42.634256,65.445,5.76,star A5V,"HIP 16285 ;HD  21882 ;HR  1075 ;",0
53.149785,9.373438,107.4114,5.76,star B9IV,"HIP 16511 ;HD  21933 ;HR  1079 ;BF  6    Tau ;",0
56.47698,24.554511,114.0251,5.76,star B8V,"HIP 17579 ;HD  23432 ;HR  1151 ;BF  21    Tau ;",0
58.411215,48.650495,120.7729,5.76,star K0III,"HIP 18212 ;HD  24240 ;HR  1198 ;",0
65.17185,6.130798,110.6195,5.76,star G8III-IV,"HIP 20268 ;HD  27497 ;HR  1360 ;",0
68.156475,-3.209541,145.7726,5.76,star B9III,"HIP 21192 ;HD  28843 ;HR  1441 ;",0
72.135555,-16.329484,41.7188,5.76,star F8V,"HIP 22325 ;HD  30606 ;HR  1538 ;BF  59    Eri ;",0
83.814465,-33.079724,92.4214,5.76,star K0III,"HIP 26219 ;HD  37192 ;HR  1909 ;",0
93.00558,19.790543,255.102,5.76,star B9.5V,"HIP 29433 ;HD  42509 ;HR  2193 ;BF  68    Ori ;",0
94.920645,-34.396591,125,5.76,star B9V,"HIP 30069 ;HD  44323 ;HR  2279 ;",0
96.431895,-48.176898,180.1802,5.76,star B9V,"HIP 30591 ;HD  45572 ;HR  2348 ;",0
97.155915,-17.466009,139.8601,5.76,star K0III,"HIP 30836 ;HD  45765 ;HR  2359 ;",0
99.595875,28.984354,106.2699,5.76,star B9npe...,"HIP 31737 ;HD  47152 ;HR  2425 ;BF  53    Aur ;",0
114.949485,-38.260652,352.1127,5.76,star B3III,"HIP 37329 ;HD  61899 ;HR  2964 ;",0
118.199415,-5.428257,39.7141,5.76,star F5IVs,"HIP 38474 ;HD  64235 ;HR  3072 ;",0
128.68287,36.419619,108.8139,5.76,star A2Vnn,"HIP 42090 ;HD  72524 ;HR  3377 ;BF  33    Lyn ;",0
137.29797,-12.357706,138.8889,5.76,star G6III,"HIP 44936 ;HD  78668 ;HR  3636 ;",0
157.98933,-45.06671,166.9449,5.76,star B9,"HIP 51561 ;HD  91355 ;HR  4135 ;",0
173.59146,3.060165,27.2257,5.76,star F5V,"HIP 56445 ;HD  100563 ;HR  4455 ;GL  Wo 9367 ;BF  89    Leo ;",0
188.67672,-44.673018,28.3206,5.76,star G4IV,"HIP 61379 ;HD  109409 ;HR  4788 ;",0
192.32274,27.552379,92.9368,5.76,star A2V,"HIP 62576 ;HD  111469 ;HR  4869 ;BF  30    Com ;",0
198.137175,11.556096,257.0694,5.76,star M0III,"HIP 64445 ;HD  114780 ;HR  4986 ;",0
200.240505,-46.880008,126.7427,5.76,star K1III,"HIP 65144 ;HD  115912 ;HR  5029 ;",0
201.13845,-5.16401,29.967,5.76,star F3V,"HIP 65420 ;HD  116568 ;HR  5050 ;BF  66    Vir ;",0
209.662185,21.696219,144.7178,5.76,star A0Vs,"HIP 68276 ;HD  121996 ;HR  5255 ;BF  10    Boo ;",0
221.98983,-26.646155,137.1742,5.76,star B9.5V,"HIP 72378 ;HD  130274 ;HR  5517 ;BF  57    Hya ;",0
222.327795,46.116205,48.9956,5.76,star F7IVw,"HIP 72487 ;HD  130945 ;HR  5533 ;BF  38    Boo ;",0
227.37465,-67.084133,100000,5.76,star F8Iab-Ib,"HIP 74184 ;HD  133683 ;HR  5621 ;",0
234.567495,46.797751,35.7015,5.76,star F2V,"HIP 76568 ;HD  139798 ;HR  5830 ;",0
239.02473,-60.482477,66.0066,5.76,star A3V,"HIP 78045 ;HD  142139 ;HR  5905 ;",0
245.105175,-55.139706,102.3541,5.76,star G6III,"HIP 80054 ;HD  146690 ;HR  6073 ;",0
247.80597,22.195458,257.732,5.76,star K5III,"HIP 80898 ;HD  149009 ;HR  6154 ;",0
255.57789,25.50562,95.9693,5.76,star G7III:,"HIP 83367 ;HD  154084 ;HR  6333 ;",0
259.699305,-44.129746,111.4827,5.76,star B9V,"HIP 84690 ;HD  156293 ;HR  6420 ;",0
260.77965,-56.525547,121.2121,5.76,star G8/K0III,"HIP 85068 ;HD  156854 ;HR  6442 ;",0
261.078315,-60.673799,272.4796,5.76,star B8Ib/II,"HIP 85169 ;HD  156942 ;HR  6447 ;",0
264.37956,24.309991,76.6871,5.76,star A2Vn,"HIP 86254 ;HD  160181 ;HR  6571 ;BF  79    Her ;",0
269.174325,-28.065394,51.3084,5.76,star A7III/IV,"HIP 87836 ;HD  163318 ;HR  6680 ;",0
275.345775,-18.859999,378.7879,5.76,star F8II,"HIP 89968 ;HD  168608 ;HR  6863 ;",0
277.768545,16.928556,133.5113,5.76,star A2V,"HIP 90762 ;HD  170878 ;HR  6955 ;",0
279.39984,-0.309472,160.5136,5.76,star A2V,"HIP 91322 ;HD  171978 ;HR  6993 ;",0
280.905525,-64.551425,108.9325,5.76,star K0III,"HIP 91854 ;HD  172211 ;HR  7004 ;",0
291.600555,13.023801,55.991,5.76,star F6III,"HIP 95572 ;HD  182900 ;HR  7389 ;",0
293.2242,-53.185618,115.7407,5.76,star Am,"HIP 96141 ;HD  183552 ;HR  7411 ;",0
298.157145,-54.971026,172.4138,5.76,star G8/K0III,"HIP 97816 ;HD  187420 ;HR  7548 ;",0
298.534485,-8.574211,193.7984,5.76,star K5III,"HIP 97928 ;HD  188154 ;HR  7584 ;BF  56    Aql ;",0
304.60314,55.397095,90.4977,5.76,star A2Vs,"HIP 100097 ;HD  193592 ;HR  7781 ;",0
308.32341,-80.964862,160,5.76,star G6/G8II,"HIP 101427 ;HD  193721 ;HR  7785 ;",0
315.08964,-51.265312,28.0112,5.76,star F5IV-V,"HIP 103673 ;HD  199623 ;HR  8027 ;",0
321.103395,-41.006695,119.7605,5.76,star A0III,"HIP 105696 ;HD  203585 ;HR  8180 ;BF  The2Mic ;",0
333.093525,63.291035,290.6977,5.76,star M3III,"HIP 109620 ;HD  211029 ;HR  8483 ;",0
336.112755,-13.529369,140.4494,5.76,star K0III,"HIP 110602 ;HD  212430 ;HR  8534 ;BF  50    Aqr ;",0
336.65577,4.393766,38.1534,5.76,star F7V,"HIP 110785 ;HD  212754 ;HR  8548 ;GL  Wo 9782A ;BF  34    Peg ;",0
337.90752,-85.967253,99.4036,5.76,star K0III,"HIP 111196 ;HD  211539 ;HR  8505 ;BF  Ups Oct ;",0
344.799225,11.728844,94.3396,5.76,star A7V,"HIP 113503 ;HD  217232 ;HR  8739 ;BF  52    Peg ;",0
358.21053,-8.996756,189.0359,5.76,star K0III,"HIP 117756 ;HD  223807 ;HR  9040 ;",0
3.72714,-9.569571,103.8422,5.77,star B9V,"HIP 1191 ;HD  1064 ;HR  51 ;",0
6.350865,1.939692,144.0922,5.77,star G5III,"HIP 2006 ;HD  2114 ;HR  97 ;BF  44    Psc ;",0
17.139405,58.263449,184.8429,5.77,star B8V,"HIP 5361 ;HD  6676 ;HR  326 ;",0
66.15606,33.959686,40.6174,5.77,star F4V,"HIP 20591 ;HD  27786 ;HR  1379 ;BF  56    Per ;",0
72.151605,-5.674045,26.4201,5.77,star F8V,"HIP 22336 ;HD  30562 ;HR  1536 ;",0
82.00671,17.23913,187.9699,5.77,star M1III,"HIP 25583 ;HD  35802 ;HR  1816 ;BF  117    Tau ;",0
82.47822,1.78926,438.5965,5.77,star B2V,"HIP 25751 ;HD  36166 ;HR  1833 ;",0
102.5907,-17.084555,363.6364,5.77,star K3III,"HIP 32809 ;HD  49980 ;HR  2535 ;",0
108.279975,-11.251341,202.4291,5.77,star K0,"HIP 34888 ;HD  55589 ;HR  2723 ;",0
111.13938,27.637857,57.4053,5.77,star F0:III:,"HIP 35941 ;HD  57927 ;HR  2816 ;BF  59    Gem ;",0
115.06125,38.344539,359.7122,5.77,star M0III,"HIP 37369 ;HD  61294 ;HR  2935 ;",0
119.71065,-60.824462,322.5806,5.77,star B2IVnpe,"HIP 38994 ;HD  66194 ;HR  3147 ;",0
122.999865,-46.644351,751.8797,5.77,star F7p,"HIP 40155 ;HD  68808 ;HR  3232 ;",0
123.555255,-35.490019,68.8705,5.77,star K1III,"HIP 40344 ;HD  69123 ;HR  3242 ;",0
141.363795,-61.950476,77.3994,5.77,star A4V+...,"HIP 46225 ;HD  81830 ;HR  3752 ;",0
143.72262,72.205679,49.0918,5.77,star F7V,"HIP 47013 ;HD  82189 ;HR  3768 ;BF  22    UMa ;",0
153.201525,4.61468,127.551,5.77,star K0III:,"HIP 50027 ;HD  88547 ;HR  4004 ;BF  19    Sex ;",0
160.83717,4.747669,169.4915,5.77,star K3III+...,"HIP 52452 ;HD  92841 ;HR  4193 ;BF  35    Sex ;",0
168.31119,-44.372216,192.6782,5.77,star K5/M0III,"HIP 54811 ;HD  97576 ;HR  4354 ;",0
172.410915,-24.464011,136.612,5.77,star A0V,"HIP 56078 ;HD  99922 ;HR  4428 ;",0
183.354345,-38.929188,436.6812,5.77,star B4III,"HIP 59607 ;HD  106231 ;HR  4648 ;",0
198.88323,40.855199,74.0741,5.77,star A7V,"HIP 64692 ;HD  115271 ;HR  5004 ;BF  19    CVn ;",0
207.946755,-46.898666,487.8049,5.77,star B2Vp,"HIP 67663 ;HD  120640 ;HR  5206 ;",0
210.000555,-25.010403,55.991,5.77,star F6V,"HIP 68390 ;HD  122066 ;HR  5257 ;BF  48    Hya ;",0
226.85811,-49.088612,103.5197,5.77,star G8III,"HIP 74006 ;HD  133631 ;HR  5617 ;",0
233.98773,54.630567,78.3085,5.77,star A2V,"HIP 76376 ;HD  139493 ;HR  5818 ;",0
249.08937,-2.324584,9.7513,5.77,star K2V,"HIP 81300 ;HD  149661 ;HR  6171 ;GL  Gl 631 ;BF  12    Oph ;",0
250.161195,4.219789,90.009,5.77,star A1V,"HIP 81641 ;HD  150378 ;HR  6195 ;BF  37    Her ;",0
260.99007,8.852571,221.7295,5.77,star K1III,"HIP 85139 ;HD  157617 ;HR  6476 ;",0
268.30911,6.101424,31.1236,5.77,star F4IV-V,"HIP 87558 ;HD  162917 ;HR  6670 ;",0
277.85706,-10.795836,330.033,5.77,star B2V,"HIP 90804 ;HD  170740 ;HR  6946 ;",0
316.626015,31.184657,518.1347,5.77,star F7.5Ib-IIv,"HIP 104185 ;HD  201078 ;HR  8084 ;",0
323.23578,49.977629,151.0574,5.77,star A0V,"HIP 106393 ;HD  205314 ;HR  8246 ;",0
324.754935,20.265451,39.7456,5.77,star F2V,"HIP 106897 ;HD  206043 ;HR  8276 ;",0
348.744165,-41.105397,76.5697,5.77,star K2III,"HIP 114775 ;HD  219263 ;HR  8835 ;",0
350.221845,38.182326,41.9639,5.77,star F5V,"HIP 115280 ;HD  220117 ;HR  8885 ;BF  12    And ;",0
357.364485,1.076131,93.1099,5.77,star A5m,"HIP 117491 ;HD  223438 ;HR  9022 ;BF  21    Psc ;",0
357.83853,9.313351,259.0674,5.77,star M3III,"HIP 117628 ;HD  223637 ;HR  9030 ;BF  80    Peg ;",0
1.082475,-16.529036,90.6618,5.78,star K0III,"HIP 343 ;HD  225197 ;HR  9101 ;",0
3.331485,-84.993978,298.5075,5.78,star M0/M1III,"HIP 1074 ;HD  1032 ;HR  47 ;",0
9.113925,60.326215,100000,5.78,star A4III,"HIP 2876 ;HD  3283 ;HR  146 ;",0
25.832265,60.551332,320.5128,5.78,star B8IIIn,"HIP 8046 ;HD  10425 ;HR  491 ;BF  44    Cas ;",0
27.17325,32.69021,27.8552,5.78,star F8V,"HIP 8433 ;HD  11007 ;HR  523 ;GL  NN 3115 ;",0
28.21713,-16.92925,94.162,5.78,star F0V,"HIP 8778 ;HD  11522 ;HR  547 ;",0
39.244215,-34.577977,25.7798,5.78,star G1V,"HIP 12186 ;HD  16417 ;HR  772 ;GL  Gl 105.1 ;BF  Lam2For ;",0
41.137395,15.311862,182.1494,5.78,star B9Vn,"HIP 12803 ;HD  17036 ;HR  809 ;BF  37Omi Ari ;",0
48.059355,27.256968,154.0832,5.78,star B9p Si,"HIP 14893 ;HD  19832 ;HR  954 ;BF  56    Ari ;",0
51.123735,33.535962,133.5113,5.78,star A0V,"HIP 15876 ;HD  20995 ;HR  1019 ;",0
57.97383,34.359119,258.3979,5.78,star B1V,"HIP 18081 ;HD  24131 ;HR  1191 ;",0
65.241825,-81.57992,52.0562,5.78,star F0/F2III,"HIP 20297 ;HD  29116 ;HR  1456 ;BF  Nu  Men ;",0
68.007675,53.91083,100000,5.78,star B0III SB,"HIP 21148 ;HD  28446 ;HR  1417 ;BF  1    Cam ;",0
69.53934,16.033291,49.8256,5.78,star F0V,"HIP 21588 ;HD  29375 ;HR  1472 ;BF  89    Tau ;",0
71.022165,-8.503571,100000,5.78,star B2Ve,"HIP 22024 ;HD  30076 ;HR  1508 ;BF  56    Eri ;",0
80.4315,8.428556,436.6812,5.78,star B1V...,"HIP 25041 ;HD  34989 ;HR  1763 ;",0
81.499275,-19.695399,45.0248,5.78,star F5V,"HIP 25397 ;HD  35736 ;HR  1812 ;",0
86.717235,9.522343,91.3242,5.78,star G8III,"HIP 27280 ;HD  38527 ;HR  1987 ;",0
92.90244,48.710989,102.459,5.78,star A3V+...,"HIP 29388 ;HD  42126 ;HR  2175 ;BF  41    Aur ;",0
93.08385,32.69338,285.7143,5.78,star M1III,"HIP 29451 ;HD  42471 ;HR  2189 ;",0
96.05775,-60.281325,93.0233,5.78,star A0V,"HIP 30463 ;HD  45557 ;HR  2345 ;",0
98.81595,0.890216,467.2897,5.78,star B8Ib,"HIP 31446 ;HD  46769 ;HR  2409 ;",0
102.70764,-0.540882,29.6824,5.78,star F2V,"HIP 32851 ;HD  49933 ;HR  2530 ;",0
105.572895,15.336008,183.1502,5.78,star K1III:,"HIP 33914 ;HD  52556 ;HR  2632 ;",0
106.41261,9.1858,303.9514,5.78,star M0III,"HIP 34215 ;HD  53510 ;HR  2663 ;",0
108.914295,7.977742,166.3894,5.78,star M4III,"HIP 35120 ;HD  56031 ;HR  2747 ;",0
112.270485,-31.456216,327.8689,5.78,star B2IV,"HIP 36362 ;HD  59550 ;HR  2873 ;",0
113.644995,-27.012275,99.2063,5.78,star K1III,"HIP 36848 ;HD  60666 ;HR  2916 ;",0
114.68292,-36.49683,305.8104,5.78,star B3III,"HIP 37223 ;HD  61641 ;HR  2954 ;",0
117.303855,-60.283688,34.5901,5.78,star F1V,"HIP 38160 ;HD  64185 ;HR  3070 ;",0
117.42081,-66.195974,150.8296,5.78,star B9V,"HIP 38210 ;HD  64484 ;HR  3081 ;",0
120.33651,59.047398,46.1255,5.78,star F2:V:,"HIP 39221 ;HD  65301 ;HR  3106 ;",0
133.452765,-60.353909,440.5286,5.78,star B5III,"HIP 43669 ;HD  76538 ;HR  3560 ;",0
137.889105,-46.583911,304.878,5.78,star B2IV-V,"HIP 45122 ;HD  79275 ;HR  3658 ;",0
153.36672,-51.755788,104.712,5.78,star A3IV/V,"HIP 50078 ;HD  88842 ;HR  4020 ;",0
181.311765,76.905734,97.0874,5.78,star G9III,"HIP 58952 ;HD  104985 ;HR  4609 ;",0
187.47582,-56.52494,156.0062,5.78,star M1III,"HIP 60969 ;HD  108732 ;HR  4754 ;",0
189.004335,-39.869505,72.7802,5.78,star A0V,"HIP 61498 ;HD  109573 ;HR  4796 ;",0
197.787075,-42.232891,84.8896,5.78,star F7IV,"HIP 64332 ;HD  114435 ;HR  4970 ;",0
221.524785,15.131788,247.5248,5.78,star M5III,"HIP 72208 ;HD  130144 ;HR  5512 ;",0
223.59531,-11.898348,103.3058,5.78,star G7III,"HIP 72934 ;HD  131530 ;HR  5554 ;BF  13Xi 1Lib ;",0
237.52956,-53.20977,94.518,5.78,star B8V,"HIP 77562 ;HD  141168 ;HR  5869 ;",0
238.884975,-60.177647,51.2558,5.78,star Amvar,"HIP 77990 ;HD  142049 ;HR  5900 ;",0
239.33886,-36.185344,242.7184,5.78,star K0/K1III+..,"HIP 78142 ;HD  142691 ;HR  5929 ;",0
243.34476,-55.540947,66.7557,5.78,star F2III,"HIP 79497 ;HD  145361 ;HR  6019 ;BF  Zet Nor ;",0
253.743765,-41.150858,694.4444,5.78,star O8Iab+...,"HIP 82775 ;HD  152408 ;HR  6272 ;",0
262.69584,86.968047,46.8823,5.78,star A2m,"HIP 85699 ;HD  166926 ;HR  6811 ;BF  24    UMi ;",0
265.31766,-46.92183,245.7002,5.78,star A0V,"HIP 86552 ;HD  160263 ;HR  6572 ;",0
267.897795,-60.164056,123.1527,5.78,star K0III,"HIP 87393 ;HD  161814 ;HR  6624 ;",0
279.627975,-23.504893,151.0574,5.78,star B8III,"HIP 91405 ;HD  171961 ;HR  6990 ;",0
286.659975,24.250793,107.1811,5.78,star A4III,"HIP 93845 ;HD  178187 ;HR  7250 ;",0
308.47851,46.693866,132.2751,5.78,star B9sp...,"HIP 101475 ;HD  196178 ;HR  7870 ;",0
313.699245,-17.922894,111.8568,5.78,star K0III,"HIP 103226 ;HD  199012 ;HR  8000 ;BF  19    Cap ;",0
321.811755,-21.19621,171.8213,5.78,star K3III,"HIP 105928 ;HD  204139 ;HR  8207 ;BF  35    Cap ;",0
327.892695,19.826682,161.5509,5.78,star B8III,"HIP 107887 ;HD  207840 ;HR  8348 ;",0
332.655975,11.624539,208.7683,5.78,star M1III,"HIP 109471 ;HD  210502 ;HR  8458 ;",0
336.293595,-70.431622,49.456,5.78,star F3III,"HIP 110668 ;HD  212211 ;HR  8527 ;",0
358.694265,0.109309,195.3125,5.78,star M5IIb,"HIP 117887 ;HD  224062 ;HR  9047 ;",0
5.18967,32.911186,191.9386,5.79,star K5III,"HIP 1657 ;HD  1632 ;HR  79 ;",0
22.9302,-30.283081,102.3541,5.79,star K0III,"HIP 7118 ;HD  9377 ;HR  441 ;",0
33.941835,25.782937,42.1053,5.79,star F6IV-V,"HIP 10540 ;HD  13871 ;HR  656 ;BF  20    Ari ;",0
39.020355,6.88687,7.1803,5.79,star K3V,"268 G. Cet ;HIP 12114 ;HD  16160 ;HR  753 ;GL  Gl 105A ;",0
40.051755,-9.452875,21.7581,5.79,star F6V,"HIP 12444 ;HD  16673 ;HR  784 ;GL  NN 3175 ;",0
48.949875,57.14062,877.193,5.79,star A0Ia,"HIP 15192 ;HD  20041 ;HR  964 ;",0
53.395965,39.899478,56.0538,5.79,star A5m,"HIP 16591 ;HD  21912 ;HR  1078 ;",0
56.503605,67.201605,55.4324,5.79,star F0IV,"HIP 17585 ;HD  23005 ;HR  1124 ;",0
68.391795,-62.823677,45.1467,5.79,star K1III,"HIP 21253 ;HD  29399 ;HR  1475 ;",0
73.95897,15.040278,111.4827,5.79,star B9V,"HIP 22913 ;HD  31373 ;HR  1576 ;",0
74.452695,23.948562,139.6648,5.79,star G8III:,"HIP 23068 ;HD  31553 ;HR  1586 ;BF  99    Tau ;",0
74.539125,25.050405,87.184,5.79,star A0V,"HIP 23088 ;HD  31592 ;HR  1590 ;BF  98    Tau ;",0
83.68659,-73.741277,333.3333,5.79,star M2/M3III,"HIP 26169 ;HD  37993 ;HR  1964 ;",0
87.511185,9.871218,109.8901,5.79,star G8III,"HIP 27549 ;HD  39007 ;HR  2014 ;",0
91.52307,-29.758624,85.2515,5.79,star A1V,"HIP 28899 ;HD  41843 ;HR  2164 ;",0
94.74573,-20.925611,537.6344,5.79,star B3II/III,"HIP 30011 ;HD  44081 ;HR  2271 ;",0
100.272675,0.495323,384.6154,5.79,star B8III,"HIP 31992 ;HD  47964 ;HR  2461 ;",0
111.284655,-13.751978,35.6379,5.79,star F3V,"HIP 35998 ;HD  58461 ;HR  2832 ;",0
111.35529,-25.217767,432.9004,5.79,star B5III,"HIP 36024 ;HD  58612 ;HR  2841 ;",0
111.96525,-11.556867,485.4369,5.79,star B8Vv comp VB,"HIP 36251 ;HD  59067 ;HR  2859 ;",0
115.466025,13.480453,238.6635,5.79,star M2III,"HIP 37508 ;HD  61885 ;HR  2965 ;",0
128.966805,-50.969651,136.7989,5.79,star B8 Si,"HIP 42177 ;HD  73340 ;HR  3413 ;",0
131.480085,-79.504373,152.9052,5.79,star K5III,"HIP 43012 ;HD  76236 ;HR  3543 ;",0
133.200075,-38.724086,214.1328,5.79,star K5/M0III,"HIP 43603 ;HD  76110 ;HR  3535 ;",0
139.88805,-15.834663,138.5042,5.79,star K1/K2III,"HIP 45743 ;HD  80479 ;HR  3704 ;",0
140.43039,56.699219,230.4147,5.79,star M4IIIa,"HIP 45915 ;HD  80390 ;HR  3698 ;",0
147.800205,-59.425774,236.4066,5.79,star K2IIICNp...,"HIP 48339 ;HD  85655 ;HR  3913 ;",0
157.52688,38.925132,231.4815,5.79,star A4V,"HIP 51420 ;HD  90840 ;HR  4113 ;BF  32    LMi ;",0
160.93053,57.199203,113.3787,5.79,star A0Vs,"HIP 52478 ;HD  92728 ;HR  4187 ;BF  39    UMa ;",0
167.472465,-32.367529,120.919,5.79,star A1V,"HIP 54561 ;HD  97023 ;HR  4339 ;",0
168.507645,8.060695,60.5694,5.79,star K3III,"HIP 54863 ;HD  97605 ;HR  4358 ;",0
185.936475,-38.911381,102.7749,5.79,star B8/B9V,"HIP 60463 ;HD  107860 ;HR  4714 ;",0
194.91465,-3.811926,77.9423,5.79,star A3V,"HIP 63414 ;HD  112846 ;HR  4921 ;BF  44    Vir ;",0
197.30181,10.022468,94.518,5.79,star K0III,"HIP 64179 ;HD  114256 ;HR  4960 ;",0
205.04484,-64.576553,69.4444,5.79,star F3III-IV,"HIP 66681 ;HD  118666 ;HR  5130 ;",0
234.450165,-23.141698,84.246,5.79,star K0III,"HIP 76532 ;HD  139254 ;HR  5806 ;",0
240.830685,36.631787,200.8032,5.79,star A2V+...,"HIP 78649 ;HD  144208 ;HR  5983 ;",0
247.060275,-37.179881,110.3753,5.79,star K1IIICN...,"HIP 80672 ;HD  148247 ;HR  6122 ;",0
254.891565,-69.268164,241.5459,5.79,star Ap Si,"HIP 83150 ;HD  152564 ;HR  6276 ;",0
271.956255,26.09734,38.5802,5.79,star A3V,"HIP 88817 ;HD  166046 ;HR  6782 ;BF  100    Her ;",0
278.80251,18.20341,198.4127,5.79,star A0Vn,"HIP 91118 ;HD  171623 ;HR  6977 ;",0
288.306945,-25.906786,520.8333,5.79,star K2III,"HIP 94434 ;HD  179323 ;HR  7277 ;",0
292.25412,1.950448,61.1995,5.79,star A0V,"HIP 95793 ;HD  183324 ;HR  7400 ;BF  35    Aql ;",0
298.701045,36.995676,369.0037,5.79,star Fp,"HIP 97985 ;HD  188650 ;HR  7606 ;",0
310.1355,-16.12418,100.4016,5.79,star K0III,"HIP 102026 ;HD  196857 ;HR  7905 ;",0
323.82342,-3.983305,128.2051,5.79,star G9III:,"HIP 106592 ;HD  205423 ;HR  8251 ;",0
330.46077,52.882253,306.7485,5.79,star B5III,"HIP 108758 ;HD  209419 ;HR  8403 ;",0
331.959615,21.702926,186.5672,5.79,star B7Vn,"HIP 109240 ;HD  210129 ;HR  8438 ;BF  25    Peg ;",0
336.02868,-4.83702,124.3781,5.79,star A0V,"HIP 110578 ;HD  212404 ;HR  8533 ;BF  51    Aqr ;",0
337.29261,26.763198,384.6154,5.79,star K2II,"HIP 110992 ;HD  213179 ;HR  8564 ;",0
343.41732,44.749163,56.9152,5.79,star A3m,"HIP 113048 ;HD  216608 ;HR  8708 ;",0
345.99849,-41.478896,95.3289,5.79,star K0III,"HIP 113902 ;HD  217842 ;HR  8771 ;",0
0.542085,27.082256,12.1699,5.8,star G3V,"HIP 171 ;HD  224930 ;HR  9088 ;GL  Gl 914A ;BF  85    Peg ;",0
1.275585,61.31397,221.7295,5.8,star B8MNp...,"HIP 418 ;HD  225289 ;HR  9110 ;",0
11.43975,-47.551985,15.1584,5.8,star G5IV,"HIP 3583 ;HD  4391 ;HR  209 ;GL  GJ 1021 ;",0
13.646775,19.188417,108.1081,5.8,star A1Vn,"HIP 4267 ;HD  5267 ;HR  254 ;BF  66    Psc ;",0
17.792835,37.724121,242.1308,5.8,star B7III-IV,"HIP 5550 ;HD  7019 ;HR  348 ;BF  45    And ;",0
39.40014,65.745336,283.2861,5.8,star K5III,"HIP 12239 ;HD  16024 ;HR  747 ;",0
41.94852,81.448475,133.1558,5.8,star G8p...,"HIP 13055 ;HD  16458 ;HR  774 ;",0
44.52171,20.668733,33.1675,5.8,star F5IV,"HIP 13834 ;HD  18404 ;HR  878 ;BF  47    Ari ;",0
58.430175,57.975141,50.5051,5.8,star A5m,"HIP 18217 ;HD  24141 ;HR  1192 ;",0
62.900835,-20.356157,80.9717,5.8,star A1V + (F/G),"HIP 19571 ;HD  26591 ;HR  1300 ;",0
77.08413,-8.665324,208.7683,5.8,star B8V,"HIP 23916 ;HD  33224 ;HR  1671 ;",0
82.348695,-3.446394,151.0574,5.8,star K1III...,"HIP 25708 ;HD  36134 ;HR  1830 ;",0
91.36323,-35.513647,83.1255,5.8,star A0V,"HIP 28855 ;HD  41759 ;HR  2160 ;",0
103.761405,-20.404876,154.5595,5.8,star A2V,"HIP 33248 ;HD  51055 ;HR  2588 ;BF  17    CMa ;",0
106.779495,-40.893268,238.0952,5.8,star B3V,"HIP 34339 ;HD  54475 ;HR  2691 ;",0
108.545205,-3.901779,396.8254,5.8,star K5III,"HIP 34975 ;HD  55775 ;HR  2731 ;",0
110.716905,55.281392,100000,5.8,star B8V,"HIP 35785 ;HD  57103 ;HR  2784 ;BF  19    Lyn ;",0
111.237855,51.887258,317.4603,5.8,star K5III,"HIP 35984 ;HD  57646 ;HR  2804 ;",0
116.040405,-36.062505,42.9553,5.8,star F0IV,"HIP 37710 ;HD  62781 ;HR  3007 ;",0
119.24772,15.790281,142.8571,5.8,star K3III,"HIP 38848 ;HD  64960 ;HR  3095 ;BF  1    Cnc ;",0
125.08737,20.747721,172.7116,5.8,star K1III,"HIP 40866 ;HD  69994 ;HR  3264 ;",0
128.50674,-2.151555,90.3342,5.8,star A1V,"HIP 42028 ;HD  72660 ;HR  3383 ;",0
134.683035,-16.132727,21.0349,5.8,star F7/F8IV/V,"HIP 44075 ;HD  76932 ;HR  3578 ;GL  NN 3523 ;",0
135.190605,-60.963828,401.6064,5.8,star G8II,"HIP 44256 ;HD  77615 ;HR  3604 ;",0
145.25895,-57.259542,112.8668,5.8,star K0/K1III,"HIP 47498 ;HD  84152 ;HR  3864 ;",0
146.541855,6.708556,602.4096,5.8,star M1III,"HIP 47943 ;HD  84542 ;HR  3876 ;",0
152.37579,-68.682779,209.205,5.8,star A0IV,"HIP 49764 ;HD  88473 ;HR  4002 ;",0
154.658415,-56.110393,36.062,5.8,star F6V,"HIP 50493 ;HD  89569 ;HR  4061 ;",0
162.575235,-8.897763,95.2381,5.8,star A3m,"HIP 52980 ;HD  93903 ;HR  4237 ;BF  41    Sex ;",0
171.245535,11.430292,150.3759,5.8,star K4III,"HIP 55716 ;HD  99196 ;HR  4404 ;",0
171.697005,-53.159915,187.6173,5.8,star K0III+...,"HIP 55849 ;HD  99574 ;HR  4417 ;",0
174.074805,27.781351,71.582,5.8,star F0V,"HIP 56601 ;HD  100808 ;HR  4465 ;",0
184.373265,53.191331,105.7082,5.8,star K6III,"HIP 59920 ;HD  106884 ;HR  4672 ;",0
221.528205,-23.153018,103.7344,5.8,star K0III,"HIP 72210 ;HD  129944 ;HR  5499 ;",0
222.49332,28.615832,98.4252,5.8,star A4V,"HIP 72552 ;HD  130917 ;HR  5532 ;",0
235.47798,18.464037,53.0786,5.8,star A2m,"HIP 76878 ;HD  140232 ;HR  5845 ;BF  22Tau7Ser ;",0
244.186605,29.150261,204.499,5.8,star A3V,"HIP 79757 ;HD  146738 ;HR  6074 ;BF  18Ups CrB ;",0
263.6529,9.5867,103.5197,5.8,star A2V,"HIP 85998 ;HD  159480 ;HR  6548 ;BF  53    Oph ;",0
282.363855,-45.8101,109.8901,5.8,star G6IV,"HIP 92367 ;HD  173791 ;HR  7065 ;",0
300.20136,-45.112918,81.367,5.8,star A8III,"HIP 98512 ;HD  189198 ;HR  7630 ;",0
301.025985,17.070173,17.7683,5.8,star G1V,"HIP 98819 ;HD  190406 ;HR  7672 ;GL  Gl 779 ;BF  15    Sge ;",0
332.2458,-18.519592,714.2857,5.8,star B2III,"HIP 109332 ;HD  210191 ;HR  8439 ;BF  35    Aqr ;",0
334.21902,-9.040067,113.2503,5.8,star K3III:,"HIP 110009 ;HD  211392 ;HR  8500 ;",0
339.303705,75.371811,214.1328,5.8,star M1III,"HIP 111660 ;HD  214710 ;HR  8625 ;",0
343.369605,-11.616514,253.1646,5.8,star B8IV/V,"HIP 113031 ;HD  216494 ;HR  8704 ;BF  74    Aqr ;",0
24.945045,-56.19462,8.1466,5.8,star K2 V,"p Eridani ;HIP 7751 ;HD  10361 ;HR  487 ;GL  Gl 66A ;",0
17.58105,25.457763,120.7729,5.81,star K5III,"HIP 5494 ;HD  6953 ;HR  341 ;",0
34.976085,-55.944796,189.0359,5.81,star K5III,"HIP 10871 ;HD  14641 ;HR  688 ;",0
35.70966,41.396297,47.0146,5.81,star F0III-IV,"HIP 11090 ;HD  14622 ;HR  687 ;",0
39.14613,7.730026,90.7441,5.81,star K0III:,"HIP 12148 ;HD  16247 ;HR  766 ;",0
45.732735,-46.975036,259.7403,5.81,star K2/K3III,"HIP 14187 ;HD  19141 ;HR  929 ;",0
52.715385,-66.489714,265.9574,5.81,star B8V,"HIP 16368 ;HD  22252 ;HR  1092 ;",0
57.14877,-20.902977,181.8182,5.81,star K5III,"HIP 17798 ;HD  23978 ;HR  1187 ;",0
65.773635,-24.892157,153.6098,5.81,star K5III,"HIP 20465 ;HD  27881 ;HR  1384 ;",0
79.5552,73.268071,111.2347,5.81,star A0V,"HIP 24732 ;HD  33541 ;HR  1683 ;",0
84.68136,-40.707306,134.7709,5.81,star B8V,"HIP 26545 ;HD  37717 ;HR  1947 ;",0
89.656455,-44.034562,362.3188,5.81,star G8II,"HIP 28287 ;HD  40733 ;HR  2117 ;",0
101.47383,-52.409691,395.2569,5.81,star K3III,"HIP 32402 ;HD  49517 ;HR  2515 ;",0
109.132725,-38.318928,187.2659,5.81,star B4V,"HIP 35202 ;HD  56733 ;HR  2769 ;",0
154.31067,23.10622,22.805,5.81,star F8Vw,"HIP 50384 ;HD  89125 ;HR  4039 ;GL  Gl 387A ;BF  39    Leo ;",0
164.997465,-43.80711,93.5454,5.81,star B8/B9V,"HIP 53762 ;HD  95347 ;HR  4292 ;",0
199.615515,34.098304,153.6098,5.81,star K4.5III,"HIP 64927 ;HD  115723 ;HR  5022 ;",0
200.567865,-52.182956,100000,5.81,star B2.5Ib,"HIP 65247 ;HD  116084 ;HR  5036 ;",0
204.675315,-29.560867,46.2749,5.81,star F3V,"HIP 66563 ;HD  118646 ;HR  5128 ;",0
206.403735,-26.116009,87.0322,5.81,star A0V,"HIP 67143 ;HD  119752 ;HR  5167 ;",0
238.069035,55.826713,102.8807,5.81,star G8III:,"HIP 77738 ;HD  142531 ;HR  5922 ;",0
265.491915,72.156911,23.0627,5.81,star G0V,"HIP 86620 ;HD  162004 ;HR  6637 ;GL  Gl 694.1B ;BF  31Psi1Dra ;",0
274.298445,-17.373886,299.4012,5.81,star K2III,"HIP 89609 ;HD  167720 ;HR  6838 ;",0
276.49494,29.82893,124.2236,5.81,star A2IV,"HIP 90342 ;HD  169981 ;HR  6917 ;",0
290.589765,-0.252345,103.7344,5.81,star G8III:,"HIP 95222 ;HD  181907 ;HR  7349 ;",0
301.557345,53.165688,36.5631,5.81,star F5V,"HIP 99026 ;HD  191195 ;HR  7697 ;",0
303.364965,60.640569,177.9359,5.81,star K5III,"HIP 99663 ;HD  192781 ;HR  7742 ;",0
320.2701,7.354503,200.8032,5.81,star M2III,"HIP 105413 ;HD  203291 ;HR  8163 ;BF  9    Equ ;",0
346.81161,-50.686681,45.7038,5.81,star F6.5IV-V+..,"HIP 114167 ;HD  218268 ;",0
349.968375,42.078044,147.4926,5.81,star M0III,"HIP 115191 ;HD  219981 ;HR  8876 ;BF  10    And ;",0
354.383505,44.428994,247.5248,5.81,star B8V,"HIP 116582 ;HD  222109 ;HR  8962 ;",0
359.87208,33.723878,28.9268,5.81,star F8,"HIP 118281 ;HD  224635 ;HR  9074 ;GL  NN 4384A ;",0
22.80666,70.264604,28.9771,5.82,star F6V,"HIP 7078 ;HD  9021 ;HR  427 ;BF  38    Cas ;",0
44.52387,-23.606012,203.252,5.82,star K2III,"HIP 13835 ;HD  18535 ;HR  889 ;BF  6    Eri ;",0
52.65393,48.103596,273.9726,5.82,star B8V,"HIP 16340 ;HD  21551 ;HR  1051 ;",0
54.19704,0.587758,30.6843,5.82,star G5IV/V +K1IV,"HIP 16846 ;HD  22468 ;HR  1099 ;",0
57.40254,63.296967,71.6332,5.82,star A5Vn,"HIP 17891 ;HD  23523 ;HR  1158 ;",0
72.867555,-34.906286,82.1693,5.82,star A2/A3V,"HIP 22573 ;HD  31093 ;HR  1559 ;",0
91.76529,-34.312021,312.5,5.82,star B4Vnn,"HIP 28992 ;HD  42054 ;HR  2170 ;",0
96.767205,-58.002116,172.7116,5.82,star K3III,"HIP 30703 ;HD  45984 ;HR  2369 ;",0
97.80456,-35.25884,188.6792,5.82,star G8III+...,"HIP 31072 ;HD  46349 ;HR  2388 ;",0
98.113275,32.454898,80.5802,5.82,star A3m + A3m,"HIP 31173 ;HD  46052 ;HR  2372 ;",0
117.3036,-46.857717,591.716,5.82,star B1.5IV,"HIP 38159 ;HD  63949 ;HR  3058 ;",0
127.28154,-44.160413,438.5965,5.82,star B2V,"HIP 41621 ;HD  72067 ;HR  3356 ;",0
170.78394,-56.779355,233.1002,5.82,star A4:p,"HIP 55581 ;HD  99022 ;HR  4398 ;",0
183.74826,-20.84422,82.85,5.82,star K0IIICN...,"HIP 59728 ;HD  106485 ;HR  4655 ;",0
186.2634,56.777828,263.1579,5.82,star M3III,"HIP 60584 ;HD  108135 ;HR  4726 ;BF  71    UMa ;",0
199.308,-43.979479,64.8929,5.82,star Am,"HIP 64822 ;HD  115331 ;HR  5008 ;",0
201.53349,72.391476,359.7122,5.82,star M1III,"HIP 65536 ;HD  117187 ;HR  5073 ;",0
209.082555,-46.592948,97.561,5.82,star K0IV,"HIP 68079 ;HD  121416 ;HR  5239 ;",0
227.14818,25.108635,143.0615,5.82,star K1III,"HIP 74096 ;HD  134335 ;HR  5640 ;",0
232.668345,-16.609464,155.7632,5.82,star K0III,"HIP 75944 ;HD  138137 ;HR  5750 ;BF  34Zet3Lib ;",0
233.507145,-40.066432,352.1127,5.82,star M2III,"HIP 76207 ;HD  138505 ;HR  5767 ;",0
234.567825,-21.016327,87.3362,5.82,star K0III,"HIP 76569 ;HD  139329 ;HR  5810 ;",0
240.21306,4.427363,75.0751,5.82,star K0III:,"HIP 78442 ;HD  143553 ;HR  5963 ;",0
261.175125,-21.441479,92.5069,5.82,star K0III,"HIP 85207 ;HD  157527 ;HR  6472 ;",0
269.076675,0.670355,416.6667,5.82,star B2IV-V,"HIP 87812 ;HD  163472 ;HR  6684 ;",0
280.00161,-7.790799,178.5714,5.82,star K4III,"HIP 91532 ;HD  172348 ;HR  7007 ;",0
281.20668,-25.010914,177.305,5.82,star B8III,"HIP 91974 ;HD  173117 ;HR  7035 ;",0
281.368185,5.500128,188.6792,5.82,star A1V,"HIP 92027 ;HD  173495 ;HR  7048 ;",0
282.74379,-9.774096,854.7009,5.82,star F2Ib,"HIP 92488 ;HD  174464 ;HR  7094 ;",0
285.884385,1.818768,54.8847,5.82,star A4V,"HIP 93580 ;HD  177178 ;HR  7214 ;",0
292.237845,24.768723,157.7287,5.82,star K0III,"HIP 95785 ;HD  183491 ;HR  7406 ;BF  8    Vul ;",0
305.089185,17.792928,167.2241,5.82,star K5III,"HIP 100276 ;HD  193579 ;HR  7780 ;",0
339.14769,-31.663789,109.6491,5.82,star K2III,"HIP 111600 ;HD  214122 ;HR  8601 ;",0
342.046005,37.416688,103.3058,5.82,star G8III:,"HIP 112590 ;HD  215943 ;HR  8678 ;",0
343.529025,40.376907,93.1966,5.82,star K0III,"HIP 113084 ;HD  216646 ;HR  8712 ;",0
353.33148,-77.385327,31.4367,5.82,star G2V,"HIP 116250 ;HD  221420 ;HR  8935 ;GL  NN 4340 ;",0
10.514295,66.147592,158.4786,5.83,star G9III-IV,"HIP 3299 ;HD  3856 ;HR  177 ;",0
16.08126,61.580184,80.7754,5.83,star F6V,"HIP 5021 ;HD  6210 ;HR  297 ;",0
27.53571,22.275338,179.5332,5.83,star K1III+...,"HIP 8544 ;HD  11154 ;HR  530 ;BF  1    Ari ;",0
42.133695,18.28379,141.6431,5.83,star K1III,"HIP 13108 ;HD  17459 ;HR  828 ;BF  40    Ari ;",0
84.286845,26.924473,154.7988,5.83,star B9IV-V,"HIP 26396 ;HD  37098 ;HR  1902 ;",0
92.884605,24.420253,174.216,5.83,star K0III,"HIP 29379 ;HD  42398 ;HR  2185 ;BF  5    Gem ;",0
93.47598,-3.741374,94.2507,5.83,star G8III,"HIP 29575 ;HD  43023 ;HR  2218 ;",0
93.652935,-4.568457,196.0784,5.83,star B5V,"HIP 29629 ;HD  43157 ;HR  2224 ;",0
110.605785,-5.982829,229.3578,5.83,star F3IV,"HIP 35749 ;HD  57749 ;HR  2811 ;",0
113.566215,3.371725,176.3668,5.83,star A0Vnn,"HIP 36812 ;HD  60357 ;HR  2901 ;BF  9Del3CMi ;",0
120.76734,-32.463548,144.7178,5.83,star K2/K3III,"HIP 39380 ;HD  66598 ;HR  3160 ;",0
122.79498,-48.461994,258.3979,5.83,star B3V,"HIP 40077 ;HD  68657 ;HR  3227 ;",0
139.28217,-14.574069,110.6195,5.83,star K0III,"HIP 45559 ;HD  80050 ;HR  3687 ;",0
139.67649,-51.560651,100000,5.83,star B7Iab,"HIP 45675 ;HD  80558 ;HR  3708 ;",0
149.14788,-33.418496,157.4803,5.83,star K1III,"HIP 48748 ;HD  86267 ;HR  3932 ;",0
172.269315,61.778368,33.3,5.83,star F5Vawvar,"HIP 56035 ;HD  99747 ;HR  4421 ;",0
178.99338,56.59856,94.8767,5.83,star K1III,"HIP 58181 ;HD  103605 ;HR  4566 ;BF  66    UMa ;",0
192.16416,60.319822,24.0442,5.83,star F5V,"HIP 62512 ;HD  111456 ;HR  4867 ;GL  Wo 9417 ;",0
208.48851,-47.128164,100000,5.83,star B2IIIe,"HIP 67861 ;HD  120991 ;HR  5223 ;",0
216.80088,-46.134254,67.8426,5.83,star Am,"HIP 70663 ;HD  126504 ;HR  5401 ;",0
219.5634,54.023339,110.2536,5.83,star A1V,"HIP 71573 ;HD  128998 ;HR  5467 ;",0
225.526785,-28.060611,101.7294,5.83,star A4IV,"HIP 73566 ;HD  132851 ;HR  5591 ;BF  60    Hya ;",0
246.04512,6.948207,112.3596,5.83,star A2sp...,"HIP 80351 ;HD  147869 ;HR  6111 ;BF  21    Her ;",0
249.046695,46.613333,306.7485,5.83,star G8II,"HIP 81289 ;HD  150030 ;HR  6183 ;",0
249.609555,-43.398426,192.3077,5.83,star B2.5IV,"HIP 81472 ;HD  149711 ;HR  6174 ;",0
261.684345,48.260065,115.2074,5.83,star A4V,"HIP 85379 ;HD  158414 ;HR  6509 ;BF  77    Her ;",0
262.86447,-80.859134,271.0027,5.83,star M3III,"HIP 85760 ;HD  156513 ;HR  6429 ;",0
271.95651,26.10128,49.6032,5.83,star A3V,"HIP 88818 ;HD  166045 ;HR  6781 ;BF  100    Her ;",0
296.86575,38.407614,144.9275,5.83,star B8Vn,"HIP 97376 ;HD  187235 ;HR  7543 ;",0
304.529115,40.732082,595.2381,5.83,star O9V,"HIP 100069 ;HD  193322 ;HR  7767 ;",0
314.106105,50.728598,51.2821,5.83,star F0III,"HIP 103359 ;HD  199611 ;HR  8025 ;",0
315.53751,56.669614,282.4859,5.83,star B8III,"HIP 103810 ;HD  200614 ;HR  8065 ;",0
318.05709,-40.269362,31.6656,5.83,star F5IV,"HIP 104680 ;HD  201647 ;HR  8100 ;GL  Wo 9726 ;",0
319.54614,-4.519478,311.5265,5.83,star B5V,"HIP 105164 ;HD  202753 ;HR  8141 ;BF  15    Aqr ;",0
330.829305,11.386552,193.0502,5.83,star B9.5V,"HIP 108875 ;HD  209459 ;HR  8404 ;BF  21    Peg ;",0
336.67683,78.785853,63.1712,5.83,star A2m,"HIP 110787 ;HD  213403 ;HR  8578 ;BF  28Rho1Cep ;",0
347.489325,-42.861292,33.4113,5.83,star F4IV,"HIP 114382 ;HD  218630 ;HR  8814 ;",0
2.57862,-5.248588,58.309,5.84,star K1III,"HIP 840 ;HD  587 ;HR  29 ;",0
2.678475,-12.579897,75.0188,5.84,star K0III,"HIP 873 ;HD  645 ;HR  31 ;",0
20.878995,-30.945617,299.4012,5.84,star M0III,"HIP 6502 ;HD  8498 ;HR  400 ;",0
29.432265,27.804381,140.2525,5.84,star M2III,"HIP 9132 ;HD  11928 ;HR  564 ;",0
32.28876,-43.516596,159.7444,5.84,star K1III,"HIP 10035 ;HD  13336 ;HR  632 ;",0
38.21928,34.54241,83.2639,5.84,star K0III,"HIP 11840 ;HD  15755 ;HR  738 ;",0
39.577725,-30.194062,33.9443,5.84,star F5V,"HIP 12288 ;HD  16538 ;HR  777 ;BF  Iot2For ;",0
45.483825,-9.961407,101.1122,5.84,star G6III:,"HIP 14110 ;HD  18885 ;HR  912 ;",0
49.36083,-47.751664,156.9859,5.84,star K2III,"HIP 15305 ;HD  20640 ;HR  998 ;",0
62.50128,86.626139,42.2297,5.84,star F5IV,"HIP 19454 ;HD  22701 ;HR  1107 ;",0
72.329475,32.588191,83.7521,5.84,star A8m,"HIP 22407 ;HD  30453 ;HR  1528 ;",0
74.712435,-82.470512,113.1222,5.84,star G8III,"HIP 23148 ;HD  34172 ;HR  1716 ;BF  Xi  Men ;",0
76.98099,21.704821,331.1258,5.84,star B2Ve,"HIP 23883 ;HD  32991 ;HR  1660 ;BF  105    Tau ;",0
107.92335,-20.883063,143.2665,5.84,star A0IV/V,"HIP 34758 ;HD  55344 ;HR  2716 ;",0
108.674895,24.884984,92.081,5.84,star M1IIIvar,"HIP 35025 ;HD  55621 ;HR  2725 ;BF  52    Gem ;",0
113.29074,-24.710731,84.5309,5.84,star A3III,"HIP 36721 ;HD  60345 ;HR  2900 ;",0
154.17402,25.370705,108.9325,5.84,star K2III:,"HIP 50336 ;HD  89024 ;HR  4032 ;",0
159.78195,37.91,52.3286,5.84,star F9V,"HIP 52139 ;HD  92168 ;HR  4168 ;BF  38    LMi ;",0
174.093225,-61.052433,497.5124,5.84,star B2.5IV,"HIP 56606 ;HD  100929 ;HR  4472 ;",0
190.345845,-46.145581,277.7778,5.84,star K3II,"HIP 61916 ;HD  110287 ;HR  4818 ;",0
194.073315,54.099489,86.6551,5.84,star A5m,"HIP 63143 ;HD  112486 ;HR  4917 ;",0
198.572295,-78.447454,374.5318,5.84,star F8Ib,"HIP 64587 ;HD  114533 ;HR  4976 ;",0
198.680415,-48.957022,72.1501,5.84,star K0IV,"HIP 64623 ;HD  114971 ;HR  4996 ;",0
214.368555,15.26338,233.6449,5.84,star M3III,"HIP 69829 ;HD  125180 ;HR  5352 ;",0
217.81836,-67.717197,76.0456,5.84,star K1III,"HIP 71002 ;HD  126862 ;HR  5408 ;",0
228.47214,-26.193569,305.8104,5.84,star G8/K0II,"HIP 74539 ;HD  135051 ;HR  5658 ;",0
234.642495,50.423283,115.4734,5.84,star G8III,"HIP 76594 ;HD  139906 ;HR  5835 ;",0
239.4186,-20.98308,141.2429,5.84,star B3V,"HIP 78168 ;HD  142883 ;HR  5934 ;",0
250.439415,-33.145759,86.881,5.84,star G1II,"HIP 81741 ;HD  150331 ;HR  6192 ;",0
253.61226,-42.478891,440.5286,5.84,star F5Ib-II,"HIP 82716 ;HD  152293 ;HR  6266 ;",0
263.28078,-41.173066,465.1163,5.84,star B9Ib/II,"HIP 85889 ;HD  158799 ;HR  6523 ;",0
268.08234,-34.416842,242.7184,5.84,star G8/K0III,"HIP 87472 ;HD  162391 ;HR  6648 ;",0
271.530825,-8.323956,158.7302,5.84,star B8III-IV,"HIP 88670 ;HD  165402 ;HR  6755 ;",0
279.80952,-47.909767,109.4092,5.84,star A3V,"HIP 91461 ;HD  171819 ;HR  6986 ;",0
283.696425,48.859401,55.2792,5.84,star F3III,"HIP 92822 ;HD  175824 ;HR  7154 ;",0
290.462055,-18.308388,101.833,5.84,star K0III,"HIP 95188 ;HD  181645 ;HR  7344 ;BF  45Rho2Sgr ;",0
291.61953,19.891493,187.9699,5.84,star M0III,"HIP 95582 ;HD  182955 ;HR  7391 ;",0
292.08666,2.93003,294.9853,5.84,star B6III,"HIP 95732 ;HD  183227 ;HR  7397 ;",0
303.10779,-12.617497,27.7008,5.84,star F5V,"HIP 99572 ;HD  191862 ;HR  7715 ;GL  NN 4139 ;BF  2Xi 2Cap ;",0
322.249065,22.179436,204.0816,5.84,star M4III,"HIP 106062 ;HD  204585 ;HR  8223 ;",0
328.87914,65.320809,314.4654,5.84,star B2.5Ve,"HIP 108226 ;HD  208682 ;HR  8375 ;",0
339.71913,19.522263,114.4165,5.84,star G8II,"HIP 111810 ;HD  214567 ;HR  8618 ;BF  40    Peg ;",0
341.542455,44.546054,56.9152,5.84,star F0III-IV,"HIP 112417 ;HD  215664 ;HR  8666 ;",0
40.74792,53.526105,141.2429,5.85,star K0II-III,"HIP 12686 ;HD  16735 ;HR  787 ;",0
59.718315,-5.469947,46.4468,5.85,star G9V,"HIP 18606 ;HD  25069 ;HR  1232 ;",0
65.17848,-7.592493,242.1308,5.85,star B5III,"HIP 20271 ;HD  27563 ;HR  1363 ;",0
69.565965,20.684722,101.1122,5.85,star B8V,"HIP 21604 ;HD  29365 ;HR  1471 ;",0
104.13357,46.273998,386.1004,5.85,star B8III,"HIP 33377 ;HD  50658 ;HR  2568 ;BF  Psi9Aur ;",0
108.109905,24.128594,109.7695,5.85,star F5IV,"HIP 34819 ;HD  55052 ;HR  2706 ;BF  48    Gem ;",0
135.686745,7.298267,194.1748,5.85,star K3III:,"HIP 44406 ;HD  77445 ;HR  3599 ;",0
138.534225,-44.145822,161.2903,5.85,star B6IV,"HIP 45314 ;HD  79694 ;HR  3672 ;",0
138.738195,-37.602396,196.8504,5.85,star K0/K1III+..,"HIP 45386 ;HD  79807 ;HR  3677 ;",0
149.108235,8.933157,177.6199,5.85,star K2III:,"HIP 48734 ;HD  86080 ;HR  3926 ;",0
162.351855,-59.323793,225.7336,5.85,star B9.5IV/V,"HIP 52922 ;HD  93943 ;HR  4239 ;",0
162.431205,-9.852695,104.4932,5.85,star G8III:,"HIP 52948 ;HD  93833 ;HR  4233 ;",0
177.923385,-30.834809,31.1721,5.85,star F8V,"HIP 57841 ;HD  103026 ;HR  4548 ;",0
183.35808,10.262341,50.1756,5.85,star A2m,"HIP 59608 ;HD  106251 ;HR  4650 ;GL  NN 3716 ;BF  12    Vir ;",0
205.374375,64.822411,68.2128,5.85,star A2V,"HIP 66798 ;HD  119476 ;HR  5162 ;",0
223.65798,-33.300575,320.5128,5.85,star K2III,"HIP 72959 ;HD  131432 ;HR  5549 ;",0
227.163345,-42.867921,118.7648,5.85,star B7V,"HIP 74100 ;HD  133937 ;HR  5625 ;",0
234.38343,54.508733,109.1703,5.85,star K1III:,"HIP 76509 ;HD  139778 ;HR  5828 ;",0
236.908005,55.376627,73.8007,5.85,star A3m,"HIP 77370 ;HD  141675 ;HR  5887 ;",0
279.72252,-21.051871,13.0839,5.85,star G5V,"HIP 91438 ;HD  172051 ;HR  6998 ;GL  Gl 722 ;",0
288.02124,49.855755,24.4499,5.85,star G4V+...,"HIP 94336 ;HD  179957 ;HR  7293 ;GL  Wo 9648B ;",0
290.985405,43.388171,135.1351,5.85,star G6.5IIIa,"HIP 95352 ;HD  182694 ;HR  7382 ;",0
339.24519,-40.591034,65.8328,5.85,star A1V,"HIP 111643 ;HD  214150 ;HR  8602 ;BF  Sig2Gru ;",0
345.178755,3.011805,136.612,5.85,star K4III,"HIP 113622 ;HD  217459 ;HR  8751 ;",0
348.360435,11.065001,105.9322,5.85,star G5III:,"HIP 114641 ;HD  219139 ;HR  8833 ;",0
358.12497,-14.251217,86.3558,5.85,star K2III,"HIP 117722 ;HD  223774 ;HR  9037 ;",0
4.287675,47.947405,343.6426,5.86,star B7III,"HIP 1372 ;HD  1279 ;HR  62 ;",0
12.037305,72.674482,61.237,5.86,star K0IV,"HIP 3750 ;HD  4440 ;HR  212 ;",0
27.04557,16.955551,84.3882,5.86,star B9.5V,"HIP 8387 ;HD  10982 ;HR  522 ;BF  4    Ari ;",0
33.2541,-21.000137,106.383,5.86,star K0III,"HIP 10326 ;HD  13692 ;HR  651 ;",0
42.92391,46.841939,119.9041,5.86,star G8III,"HIP 13339 ;HD  17656 ;HR  842 ;",0
54.621885,-7.391863,112.3596,5.86,star G5III:,"HIP 16989 ;HD  22675 ;HR  1108 ;",0
65.362665,-0.09817,143.0615,5.86,star K2,"HIP 20341 ;HD  27611 ;HR  1366 ;",0
70.839975,49.973789,209.6436,5.86,star B9III,"HIP 21972 ;HD  29721 ;HR  1493 ;",0
75.689145,-4.210121,91.9118,5.86,star K3,"HIP 23475 ;HD  32393 ;HR  1625 ;",0
81.77217,-40.94351,91.9118,5.86,star A7m,"HIP 25488 ;HD  36060 ;HR  1827 ;",0
82.89999,-45.925317,168.0672,5.86,star K3III,"HIP 25887 ;HD  36734 ;HR  1870 ;",0
93.619095,17.906353,162.0746,5.86,star A6m,"HIP 29616 ;HD  42954 ;HR  2214 ;",0
97.69635,58.162633,55.8036,5.86,star K0IV,"HIP 31039 ;HD  45410 ;HR  2331 ;BF  6    Lyn ;",0
105.6387,16.674447,769.2308,5.86,star M2III,"HIP 33937 ;HD  52609 ;HR  2635 ;",0
109.517715,-43.986786,181.4882,5.86,star B8II/III,"HIP 35347 ;HD  57197 ;HR  2789 ;",0
112.356825,-7.551168,27.2405,5.86,star F8V,"HIP 36399 ;HD  59380 ;HR  2866 ;GL  NN 3443 ;",0
118.88097,8.86284,39.0168,5.86,star F2IV,"HIP 38712 ;HD  64685 ;HR  3087 ;",0
123.599475,-45.834522,362.3188,5.86,star B2IV-V,"HIP 40357 ;HD  69302 ;HR  3250 ;",0
132.509295,-29.462997,230.4147,5.86,star G8III,"HIP 43370 ;HD  75629 ;HR  3513 ;",0
139.365075,-74.734591,81.9672,5.86,star A0V,"HIP 45585 ;HD  80950 ;HR  3721 ;",0
142.59369,-15.577352,73.0994,5.86,star K2III,"HIP 46618 ;HD  82232 ;HR  3772 ;",0
142.8876,-35.71475,85.5432,5.86,star K3III,"HIP 46736 ;HD  82514 ;HR  3790 ;",0
149.595285,72.879509,110.4972,5.86,star K3III:,"HIP 48893 ;HD  85841 ;HR  3918 ;",0
152.80326,37.4019,195.6947,5.86,star K3III,"HIP 49893 ;HD  88231 ;HR  3993 ;",0
165.04872,-14.083368,142.6534,5.86,star K5III,"HIP 53778 ;HD  95314 ;HR  4289 ;",0
188.78403,21.881384,195.6947,5.86,star K1III,"HIP 61420 ;HD  109519 ;HR  4793 ;",0
189.76443,-30.422387,191.5709,5.86,star K2/K3III,"HIP 61720 ;HD  109960 ;HR  4810 ;",0
214.659405,-18.715968,102.0408,5.86,star Ap Si(Cr),"HIP 69929 ;HD  125248 ;HR  5355 ;",0
218.374875,-52.679522,100.3009,5.86,star K0III,"HIP 71182 ;HD  127501 ;HR  5427 ;",0
218.38506,-54.998628,76.4526,5.86,star F6IV-V,"HIP 71184 ;HD  127486 ;HR  5426 ;",0
222.565845,23.911844,18.1719,5.86,star G2V,"HIP 72567 ;HD  130948 ;HR  5534 ;GL  Gl 564 ;",0
236.007585,2.515173,14.6585,5.86,star G5V,"HIP 77052 ;HD  140538 ;HR  5853 ;GL  Gl 596.1A ;BF  23Psi Ser ;",0
237.4896,-48.912408,59.5948,5.86,star A2IV,"HIP 77541 ;HD  141194 ;HR  5871 ;",0
242.18217,-23.685416,136.0544,5.86,star B9V,"HIP 79098 ;HD  144844 ;HR  6003 ;",0
242.82384,-41.119803,64.7249,5.86,star F0IV,"HIP 79320 ;HD  145191 ;HR  6015 ;",0
251.83227,42.238918,231.4815,5.86,star M4IIIa,"HIP 82172 ;HD  151732 ;HR  6242 ;",0
253.3551,-20.415555,26.9397,5.86,star G5IV,"HIP 82621 ;HD  152311 ;HR  6269 ;",0
260.730105,-58.010327,335.5705,5.86,star G8Ib/II,"HIP 85049 ;HD  156768 ;HR  6438 ;",0
269.903175,-4.821126,171.8213,5.86,star K5III,"HIP 88101 ;HD  164064 ;HR  6706 ;",0
272.77314,-41.359113,82.713,5.86,star F0Vn,"HIP 89099 ;HD  166114 ;HR  6786 ;",0
272.81571,-75.89151,75.3012,5.86,star K3III,"HIP 89115 ;HD  164712 ;HR  6731 ;",0
273.14223,-73.672417,42.1408,5.86,star F5V,"HIP 89234 ;HD  165259 ;HR  6751 ;",0
287.490225,-41.892256,444.4444,5.86,star B5V,"HIP 94157 ;HD  178322 ;HR  7257 ;",0
295.93788,41.773108,174.8252,5.86,star M0III,"HIP 97081 ;HD  186619 ;HR  7514 ;",0
304.50582,-21.80996,96.9932,5.86,star G8III,"HIP 100062 ;HD  192879 ;HR  7748 ;BF  4    Cap ;",0
306.361785,-28.663269,153.8462,5.86,star G8II/III,"HIP 100738 ;HD  194215 ;HR  7801 ;",0
312.323385,-25.78124,295.858,5.86,star B8II,"HIP 102772 ;HD  198174 ;HR  7961 ;",0
343.259445,16.841194,89.5255,5.86,star K1III SB,"HIP 112997 ;HD  216489 ;HR  8703 ;",0
353.745975,71.642043,645.1613,5.86,star K0Ib,"HIP 116380 ;HD  221861 ;HR  8952 ;",0
357.42066,36.425281,129.7017,5.86,star G1IIIe,"HIP 117503 ;HD  223460 ;HR  9024 ;",0
0.650355,66.098966,100000,5.87,star G8III,"HIP 207 ;HD  225009 ;HR  9094 ;",0
19.04958,71.743842,847.4576,5.87,star K1V,"HIP 5926 ;HD  7389 ;HR  365 ;",0
19.95123,-0.509029,100.7049,5.87,star A7V...,"HIP 6226 ;HD  8036 ;HR  385 ;BF  42    Cet ;",0
30.74403,-15.305932,109.8901,5.87,star K0II/III,"HIP 9572 ;HD  12583 ;HR  608 ;",0
66.869865,11.2123,180.1802,5.87,star B8IV,"HIP 20804 ;HD  28217 ;HR  1402 ;",0
84.50466,7.54142,239.2344,5.87,star B8III,"HIP 26487 ;HD  37320 ;HR  1920 ;",0
87.47292,-22.971872,170.3578,5.87,star A1V,"HIP 27533 ;HD  39190 ;HR  2026 ;",0
88.87572,-4.616546,96.9932,5.87,star K2III:,"HIP 28011 ;HD  39910 ;HR  2070 ;",0
96.664935,-1.507336,72.4638,5.87,star A3Vn,"HIP 30666 ;HD  45320 ;HR  2324 ;",0
99.40998,56.857531,101.7294,5.87,star A2V,"HIP 31665 ;HD  46590 ;HR  2402 ;BF  11    Lyn ;",0
102.45765,16.202888,263.1579,5.87,star B7III,"HIP 32753 ;HD  49606 ;HR  2519 ;BF  33    Gem ;",0
109.50924,40.883392,85.2515,5.87,star A5Vn,"HIP 35341 ;HD  56221 ;HR  2753 ;BF  64    Aur ;",0
110.26806,-25.891643,196.0784,5.87,star M3III,"HIP 35626 ;HD  57615 ;HR  2802 ;",0
112.498875,-52.651157,110.3753,5.87,star K0III,"HIP 36444 ;HD  60060 ;HR  2884 ;",0
116.54394,-37.93367,181.1594,5.87,star B5V,"HIP 37915 ;HD  63215 ;HR  3022 ;",0
120.208125,-54.151275,235.2941,5.87,star B5Vn,"HIP 39184 ;HD  66441 ;HR  3156 ;",0
120.2328,25.392836,203.252,5.87,star G8III:,"HIP 39191 ;HD  65714 ;HR  3124 ;BF  2Ome1Cnc ;",0
142.68009,33.655711,153.8462,5.87,star G8III:,"HIP 46652 ;HD  82087 ;HR  3764 ;BF  7    LMi ;",0
162.058815,-31.68785,143.0615,5.87,star A1V,"HIP 52841 ;HD  93657 ;HR  4225 ;",0
171.38793,-37.747575,136.7989,5.87,star M3III,"HIP 55763 ;HD  99333 ;HR  4411 ;",0
191.69262,-33.315483,108.9325,5.87,star K3III,"HIP 62360 ;HD  111032 ;HR  4850 ;",0
192.544815,37.516937,109.7695,5.87,star A3V,"HIP 62641 ;HD  111604 ;HR  4875 ;",0
208.42959,-53.373323,276.2431,5.87,star B5III,"HIP 67836 ;HD  120908 ;HR  5217 ;",0
214.75383,-25.815426,18.0343,5.87,star F7Vw,"HIP 69965 ;HD  125276 ;HR  5356 ;GL  Gl 542.1A ;",0
216.779595,-65.821646,277.0083,5.87,star K3III,"HIP 70657 ;HD  126241 ;HR  5391 ;",0
238.664715,-25.243741,157.9779,5.87,star B8III/IV,"HIP 77909 ;HD  142301 ;HR  5912 ;BF  3    Sco ;",0
258.325095,-67.196591,100,5.87,star K0III-IV,"HIP 84248 ;HD  154903 ;HR  6368 ;",0
264.286875,72.455794,111.2347,5.87,star G9III,"HIP 86219 ;HD  161178 ;HR  6606 ;",0
266.17503,-42.729302,72.0981,5.87,star A2/A3IV/V,"HIP 86847 ;HD  160928 ;HR  6597 ;",0
277.398795,23.866202,375.9398,5.87,star B6IV,"HIP 90637 ;HD  170650 ;HR  6943 ;",0
299.947275,-9.958238,22.2025,5.87,star F8V,"HIP 98416 ;HD  189340 ;HR  7637 ;GL  Gl 773.3 ;",0
304.002555,45.579525,34.2583,5.87,star F5V:,"HIP 99889 ;HD  192985 ;HR  7756 ;",0
305.93487,37.476449,414.9378,5.87,star B2Vne,"HIP 100574 ;HD  194335 ;HR  7807 ;",0
312.67407,-12.544906,80.9717,5.87,star K1III,"HIP 102891 ;HD  198431 ;HR  7976 ;",0
320.267985,-4.560125,90.9091,5.87,star G7III:,"HIP 105412 ;HD  203222 ;HR  8160 ;BF  16    Aqr ;",0
333.411225,28.608017,74.8503,5.87,star K2III,"HIP 109730 ;HD  211006 ;HR  8482 ;",0
4.659375,31.517227,166.6667,5.88,star A0IV,"HIP 1493 ;HD  1439 ;HR  71 ;",0
7.856805,33.581642,116.144,5.88,star K1III...,"HIP 2475 ;HD  2767 ;HR  122 ;",0
9.840945,21.250472,11.0595,5.88,star K0V,"HIP 3093 ;HD  3651 ;HR  166 ;GL  Gl 27 ;BF  54    Psc ;",0
13.92666,-7.347149,184.5018,5.88,star K5III,"HIP 4346 ;HD  5384 ;HR  263 ;",0
24.479385,-82.974995,27.3823,5.88,star G2V,"HIP 7601 ;HD  10800 ;HR  512 ;GL  Gl 67.1 ;",0
36.501465,-15.341247,77.0416,5.88,star Ap SrCrEu,"HIP 11348 ;HD  15144 ;HR  710 ;",0
37.63479,25.235036,51.7598,5.88,star F6IV,"HIP 11670 ;HD  15524 ;HR  728 ;",0
45.406725,-28.091554,32.1958,5.88,star G8/K0V,"HIP 14086 ;HD  18907 ;HR  914 ;GL  Wo 9107 ;BF  Eps For ;",0
61.51323,68.679972,191.5709,5.88,star K2III,"HIP 19129 ;HD  25274 ;HR  1241 ;",0
64.417785,-63.255405,141.2429,5.88,star B+...,"HIP 20020 ;HD  27657 ;HR  1372 ;BF  The Ret ;",0
68.6583,28.96115,148.8095,5.88,star B9p...,"HIP 21323 ;HD  28929 ;HR  1445 ;",0
77.938965,1.037028,195.3125,5.88,star F5,"HIP 24203 ;HD  33646 ;HR  1691 ;",0
85.558155,-22.373715,304.878,5.88,star A2/A3V,"HIP 26865 ;HD  38090 ;HR  1968 ;BF  12    Lep ;",0
91.36263,-10.242596,54.9149,5.88,star F4V:,"HIP 28854 ;HD  41547 ;HR  2150 ;",0
93.78501,-20.272186,226.2443,5.88,star K2III,"HIP 29679 ;HD  43396 ;HR  2242 ;",0
94.289865,-37.253498,61.9195,5.88,star A2V,"HIP 29852 ;HD  43940 ;HR  2265 ;",0
96.318945,-0.945883,33.5683,5.88,star F8V,"HIP 30545 ;HD  45067 ;HR  2313 ;",0
97.512405,46.685554,187.2659,5.88,star K4III,"HIP 30972 ;HD  45466 ;HR  2338 ;BF  47    Aur ;",0
98.08002,4.855999,172.4138,5.88,star K0V,"HIP 31159 ;HD  46241 ;HR  2382 ;BF  12    Mon ;",0
100.13436,71.748786,237.5297,5.88,star K0III,"HIP 31946 ;HD  46509 ;HR  2396 ;",0
100.91103,3.932528,877.193,5.88,star B0III,"HIP 32226 ;HD  48434 ;HR  2479 ;",0
104.23365,46.705352,107.1811,5.88,star K0III:,"HIP 33415 ;HD  50763 ;HR  2573 ;",0
123.459105,56.452246,176.0563,5.88,star G9III,"HIP 40305 ;HD  68077 ;HR  3200 ;",0
125.70807,-26.34822,100000,5.88,star F2Iab,"HIP 41074 ;HD  70761 ;HR  3291 ;",0
128.22915,38.016368,74.7943,5.88,star K2III,"HIP 41935 ;HD  72184 ;HR  3360 ;",0
134.48151,-48.57291,317.4603,5.88,star G8/K0II,"HIP 44024 ;HD  77020 ;HR  3583 ;",0
142.59765,-58.361839,296.7359,5.88,star M2III,"HIP 46620 ;HD  82536 ;HR  3793 ;",0
155.264145,68.747651,123.3046,5.88,star A7Vn,"HIP 50685 ;HD  89343 ;HR  4047 ;",0
164.878875,-16.353701,202.8398,5.88,star M1III,"HIP 53723 ;HD  95234 ;HR  4284 ;",0
169.174485,49.47625,137.5516,5.88,star K0III:,"HIP 55086 ;HD  97989 ;HR  4367 ;",0
188.041335,-73.001056,106.6098,5.88,star K1III,"HIP 61181 ;HD  108970 ;HR  4769 ;",0
189.19731,-5.831898,69.0131,5.88,star A3V,"HIP 61558 ;HD  109704 ;HR  4799 ;BF  25    Vir ;",0
191.82891,62.781155,60.2773,5.88,star A9V,"HIP 62402 ;HD  111270 ;HR  4859 ;",0
200.82873,-4.924427,381.6794,5.88,star K3III,"HIP 65323 ;HD  116365 ;HR  5047 ;BF  65    Vir ;",0
201.569145,46.028055,126.2626,5.88,star K0III:,"HIP 65550 ;HD  116957 ;HR  5067 ;",0
206.556525,41.088746,52.5486,5.88,star A5V,"HIP 67194 ;HD  120047 ;HR  5179 ;",0
218.881185,-41.517436,112.4859,5.88,star B6V,"HIP 71353 ;HD  127971 ;HR  5439 ;",0
224.72325,-11.144014,95.057,5.88,star K3III-IV,"HIP 73310 ;HD  132345 ;HR  5582 ;BF  18    Lib ;",0
225.304545,-38.058398,119.7605,5.88,star K2/K3III,"HIP 73493 ;HD  132604 ;HR  5585 ;",0
227.786655,-84.787812,97.1817,5.88,star B9.5V,"HIP 74296 ;HD  131596 ;HR  5557 ;BF  Ome Oct ;",0
229.608855,-0.461234,222.7171,5.88,star K5III,"HIP 74901 ;HD  136028 ;HR  5690 ;",0
254.990445,-25.092198,165.8375,5.88,star M1/M2III,"HIP 83176 ;HD  153336 ;HR  6308 ;",0
268.056915,-34.799196,258.3979,5.88,star B6Ib,"HIP 87460 ;HD  162374 ;HR  6647 ;",0
278.19231,23.616801,230.9469,5.88,star K5III,"HIP 90915 ;HD  171245 ;HR  6966 ;",0
278.23056,-73.965596,108.8139,5.88,star K0III,"HIP 90930 ;HD  169570 ;HR  6899 ;",0
287.107605,52.425731,71.0227,5.88,star K1IV,"HIP 94013 ;HD  179094 ;HR  7275 ;",0
288.853575,30.526381,389.1051,5.88,star M0III,"HIP 94630 ;HD  180450 ;HR  7302 ;",0
298.050015,-19.044991,115.8749,5.88,star K0III,"HIP 97783 ;HD  187739 ;HR  7561 ;BF  57    Sgr ;",0
300.43629,24.800423,331.1258,5.88,star B4V,"HIP 98609 ;HD  189944 ;HR  7656 ;",0
316.59735,71.431797,48.7329,5.88,star F3IV,"HIP 104171 ;HD  201636 ;HR  8099 ;",0
325.76832,-14.399709,133.5113,5.88,star A9/F0V,"HIP 107232 ;HD  206561 ;HR  8295 ;BF  44    Cap ;",0
334.110585,57.220238,189.0359,5.88,star G8III,"HIP 109972 ;HD  211554 ;HR  8506 ;",0
338.1099,39.779733,209.6436,5.88,star A6V,"HIP 111259 ;HD  213660 ;HR  8588 ;",0
338.51214,-1.57427,106.6098,5.88,star G6III,"HIP 111394 ;HD  213789 ;HR  8590 ;BF  60    Aqr ;",0
340.09299,-30.658871,212.766,5.88,star K2/K3III,"HIP 111934 ;HD  214690 ;HR  8623 ;",0
347.435955,-28.088572,199.2032,5.88,star K2III,"HIP 114366 ;HD  218619 ;HR  8813 ;",0
5.101665,30.935614,159.7444,5.89,star B7V,"HIP 1630 ;HD  1606 ;HR  78 ;",0
9.19713,15.231725,318.4713,5.89,star B2.5IV,"HIP 2903 ;HD  3379 ;HR  155 ;BF  53    Psc ;",0
10.104885,-59.454604,24.9563,5.89,star G1V,"HIP 3170 ;HD  3823 ;HR  176 ;GL  Gl 29 ;",0
28.977,37.277786,282.4859,5.89,star K5III,"HIP 9001 ;HD  11727 ;HR  556 ;",0
29.89866,21.05857,119.9041,5.89,star K0III-IV,"HIP 9307 ;HD  12139 ;HR  577 ;",0
30.03816,3.097015,33.5008,5.89,star G2IV,"HIP 9353 ;HD  12235 ;HR  582 ;BF  112    Psc ;",0
35.520765,-17.662169,135.6852,5.89,star K2III,"HIP 11033 ;HD  14728 ;HR  693 ;",0
36.646725,-20.042617,84.1043,5.89,star K2III,"HIP 11381 ;HD  15220 ;HR  713 ;",0
37.202085,29.93176,31.407,5.89,star G0V,"HIP 11548 ;HD  15335 ;HR  720 ;GL  Gl 99.1 ;BF  13    Tri ;",0
42.19125,25.188064,121.8027,5.89,star A0V,"HIP 13121 ;HD  17471 ;HR  830 ;",0
44.91615,41.032941,198.8072,5.89,star K2,"HIP 13949 ;HD  18482 ;HR  886 ;",0
46.829205,64.057594,189.7533,5.89,star B9V,"HIP 14502 ;HD  19065 ;HR  922 ;",0
60.203175,18.194,42.9,5.89,star F4V...,"HIP 18735 ;HD  25202 ;HR  1238 ;",0
61.997565,17.339897,123.1527,5.89,star K5III,"HIP 19284 ;HD  26038 ;HR  1280 ;",0
77.8299,-2.490782,37.6223,5.89,star F5V,"HIP 24162 ;HD  33608 ;HR  1687 ;",0
89.206035,11.521058,94.6074,5.89,star K2III,"HIP 28139 ;HD  40020 ;HR  2076 ;",0
89.60184,1.837108,111.7318,5.89,star A5me del Del,"HIP 28271 ;HD  40372 ;HR  2100 ;BF  59    Ori ;",0
114.144615,5.862171,39.3082,5.89,star G0V,"HIP 37031 ;HD  60803 ;HR  2918 ;",0
116.14245,-37.942917,206.1856,5.89,star B8V,"HIP 37752 ;HD  62893 ;HR  3011 ;",0
117.599355,-50.509468,75.4717,5.89,star K2III,"HIP 38267 ;HD  64225 ;HR  3071 ;",0
125.10846,57.743278,32.352,5.89,star F4V,"HIP 40875 ;HD  69548 ;HR  3254 ;BF  30    Lyn ;",0
125.729865,-52.12373,70.028,5.89,star A0V,"HIP 41081 ;HD  71043 ;HR  3300 ;",0
127.44273,67.297441,98.0392,5.89,star G8III,"HIP 41676 ;HD  71088 ;HR  3303 ;",0
128.431155,4.757,505.0505,5.89,star G5III,"HIP 42008 ;HD  72561 ;HR  3378 ;",0
131.733405,12.109952,53.9665,5.89,star A1V,"HIP 43121 ;HD  74873 ;HR  3481 ;BF  50    Cnc ;",0
135.285405,-68.683916,216.9197,5.89,star M1III,"HIP 44283 ;HD  77887 ;HR  3610 ;",0
135.350535,32.252296,143.0615,5.89,star A2V,"HIP 44307 ;HD  77104 ;HR  3587 ;BF  66    Cnc ;",0
155.776365,33.908145,74.2942,5.89,star A6V,"HIP 50860 ;HD  89904 ;HR  4075 ;BF  27    LMi ;",0
159.51105,-57.256309,308.642,5.89,star B3IV,"HIP 52043 ;HD  92287 ;HR  4173 ;",0
167.410485,43.207736,168.0672,5.89,star M2III,"HIP 54537 ;HD  96834 ;HR  4336 ;",0
173.08332,-66.961823,93.985,5.89,star K1IIICN...,"HIP 56287 ;HD  100382 ;HR  4448 ;",0
178.75008,-63.27918,100000,5.89,star A3Ib,"HIP 58103 ;HD  103516 ;HR  4563 ;",0
180.657225,-69.192288,105.7082,5.89,star B9V,"HIP 58720 ;HD  104600 ;HR  4597 ;",0
181.069155,21.459153,101.0101,5.89,star F0IV-V,"HIP 58858 ;HD  104827 ;HR  4602 ;BF  2    Com ;",0
193.453845,-60.376244,100000,5.89,star B5Ia,"HIP 62931 ;HD  111973 ;HR  4890 ;BF  Kap Cru ;",0
193.744035,-44.151968,40.0962,5.89,star G2IV,"HIP 63033 ;HD  112164 ;HR  4903 ;GL  Wo 9423 ;",0
200.54037,5.154764,65.9196,5.89,star A2m,"HIP 65241 ;HD  116235 ;HR  5040 ;BF  64    Vir ;",0
207.7884,34.664399,207.9002,5.89,star M2III,"HIP 67605 ;HD  120819 ;HR  5215 ;",0
213.419955,-0.845463,59.3824,5.89,star F7Vw,"HIP 69493 ;HD  124425 ;HR  5317 ;",0
222.158535,-36.634697,157.7287,5.89,star M5III,"HIP 72432 ;HD  130328 ;HR  5519 ;",0
231.560835,-68.309167,105.042,5.89,star K0III,"HIP 75565 ;HD  136672 ;HR  5713 ;",0
237.1434,28.156749,100000,5.89,star C00 (F8pe),"HIP 77442 ;HD  141527 ;HR  5880 ;",0
242.94834,42.374569,193.7984,5.89,star K4II+...,"HIP 79357 ;HD  145931 ;HR  6050 ;",0
245.621115,-43.912051,289.0173,5.89,star G2Ib,"HIP 80212 ;HD  147225 ;HR  6085 ;",0
250.34634,-68.296123,202.8398,5.89,star B7IV,"HIP 81710 ;HD  149671 ;HR  6172 ;BF  Eta1TrA ;",0
259.132155,1.210545,200.4008,5.89,star B5Vnn,"HIP 84500 ;HD  156247 ;HR  6414 ;",0
264.363795,-50.059702,101.833,5.89,star K0III-IV,"HIP 86248 ;HD  159463 ;HR  6547 ;",0
270.96852,-24.36073,100000,5.89,star O6,"HIP 88469 ;HD  164794 ;HR  6736 ;BF  9    Sgr ;",0
281.61915,-0.961692,111.8568,5.89,star A2m,"HIP 92117 ;HD  173654 ;HR  7059 ;BF  5    Aql ;",0
282.222435,19.32872,87.6424,5.89,star A1V,"HIP 92312 ;HD  174262 ;HR  7086 ;",0
284.50791,38.266188,177.305,5.89,star B7IV,"HIP 93104 ;HD  176318 ;HR  7174 ;",0
285.87363,-68.755544,56.3063,5.89,star F8V,"HIP 93574 ;HD  175986 ;HR  7161 ;",0
292.84008,26.617171,60.5327,5.89,star K0III-IV,"HIP 96016 ;HD  184010 ;HR  7421 ;",0
293.53536,-40.034638,129.7017,5.89,star A5IV-III,"HIP 96234 ;HD  184035 ;HR  7422 ;",0
294.671535,54.973793,40.8831,5.89,star F6Vasv,"HIP 96620 ;HD  185912 ;HR  7484 ;",0
296.41644,7.613158,53.6193,5.89,star A3IV,"HIP 97229 ;HD  186689 ;HR  7519 ;BF  49Ups Aql ;",0
307.362945,56.06819,265.9574,5.89,star B9Vn,"HIP 101084 ;HD  195554 ;HR  7843 ;",0
309.577515,-81.289063,195.6947,5.89,star K5III,"HIP 101843 ;HD  194612 ;HR  7812 ;",0
314.41935,-16.031539,54.8546,5.89,star A2/A3III,"HIP 103460 ;HD  199443 ;HR  8018 ;",0
319.84242,38.237473,662.2517,5.89,star F2Ib,"HIP 105269 ;HD  203156 ;HR  8157 ;",0
342.76227,85.373739,133.3333,5.89,star K5,"HIP 112833 ;HD  217157 ;HR  8736 ;",0
348.65433,74.231268,138.8889,5.89,star A0V,"HIP 114745 ;HD  219485 ;HR  8844 ;",0
355.287135,-11.680655,107.0664,5.89,star K0III,"HIP 116853 ;HD  222493 ;HR  8979 ;",0
355.486215,7.250546,99.4036,5.89,star A3Vn,"HIP 116918 ;HD  222602 ;HR  8983 ;",0
1.05693,62.287664,100000,5.9,star A1III,"HIP 330 ;HD  225180 ;HR  9100 ;BF  9    Cas ;",0
10.176555,-4.351841,144.5087,5.9,star K0III,"HIP 3193 ;HD  3807 ;HR  174 ;",0
11.050245,-38.421686,103.8422,5.9,star K1III,"HIP 3456 ;HD  4211 ;HR  195 ;BF  Lam2Scl ;",0
12.3081,-24.136672,57.9039,5.9,star K0III,"HIP 3834 ;HD  4732 ;HR  228 ;",0
23.569185,37.237146,143.472,5.9,star B9IV,"HIP 7321 ;HD  9531 ;HR  446 ;",0
23.70444,18.460512,163.1321,5.9,star M2III,"HIP 7359 ;HD  9640 ;HR  450 ;",0
35.72778,-51.092129,60.8643,5.9,star A5V,"HIP 11102 ;HD  14943 ;HR  701 ;",0
61.33437,22.008905,16.9377,5.9,star G5V,"HIP 19076 ;HD  25680 ;HR  1262 ;GL  Gl 160 ;BF  39    Tau ;",0
67.097505,14.740974,57.5705,5.9,star F0IV,"HIP 20873 ;HD  28294 ;HR  1408 ;BF  76    Tau ;",0
78.200535,-6.05719,143.8849,5.9,star G7III,"HIP 24294 ;HD  33833 ;HR  1697 ;",0
88.745805,31.701496,84.9618,5.9,star A5IV,"HIP 27973 ;HD  39586 ;HR  2046 ;",0
89.84076,49.92454,328.9474,5.9,star G5III,"HIP 28343 ;HD  40084 ;HR  2081 ;",0
91.26414,42.981635,49.7265,5.9,star F3V,"HIP 28823 ;HD  41074 ;HR  2132 ;BF  39    Aur ;",0
104.107635,9.956578,139.2758,5.9,star B8Vn,"HIP 33372 ;HD  51104 ;HR  2589 ;",0
108.56466,-9.947533,574.7126,5.9,star K3III,"HIP 34982 ;HD  55832 ;HR  2732 ;",0
109.843215,2.740694,195.3125,5.9,star G9III,"HIP 35476 ;HD  56989 ;HR  2778 ;",0
111.67695,-34.140692,316.4557,5.9,star B4V,"HIP 36143 ;HD  59026 ;HR  2856 ;",0
113.02401,-8.881326,27.9174,5.9,star F5V,"HIP 36640 ;HD  59984 ;HR  2883 ;GL  NN 3449A ;",0
116.802315,-22.51951,502.5126,5.9,star B1/B2V,"HIP 37995 ;HD  63271 ;HR  3023 ;",0
120.406365,-37.28372,175.7469,5.9,star A3IV,"HIP 39251 ;HD  66358 ;HR  3154 ;",0
130.27218,-48.92268,606.0606,5.9,star B1.5V,"HIP 42614 ;HD  74273 ;HR  3453 ;",0
134.12721,40.201474,72.2022,5.9,star F3III,"HIP 43894 ;HD  76292 ;HR  3546 ;",0
142.1274,-66.701877,77.6398,5.9,star A0V,"HIP 46460 ;HD  82406 ;HR  3783 ;",0
145.396305,31.277817,236.9668,5.9,star K6III,"HIP 47544 ;HD  83787 ;HR  3850 ;",0
148.428855,5.958573,284.9003,5.9,star M2III,"HIP 48519 ;HD  85709 ;HR  3915 ;",0
157.964055,32.379554,78.0031,5.9,star A0IV,"HIP 51556 ;HD  91130 ;HR  4124 ;BF  33    LMi ;",0
164.282745,-50.765018,102.9866,5.9,star A7Vni,"HIP 53530 ;HD  94985 ;HR  4274 ;",0
169.72899,1.650395,90.2527,5.9,star K0III:,"HIP 55249 ;HD  98366 ;HR  4381 ;BF  76    Leo ;",0
177.161295,14.28421,59.7372,5.9,star F0V,"HIP 57606 ;HD  102590 ;HR  4531 ;",0
184.667985,-0.787184,114.5475,5.9,star A5Vn,"HIP 60030 ;HD  107070 ;HR  4681 ;BF  13    Vir ;",0
198.34734,-50.699829,112.2334,5.9,star B9V,"HIP 64515 ;HD  114772 ;HR  4985 ;",0
209.116155,1.050581,90.2527,5.9,star A8V,"HIP 68092 ;HD  121607 ;HR  5244 ;BF  92    Vir ;",0
219.558285,18.298379,99.0099,5.9,star K2III:,"HIP 71571 ;HD  128750 ;HR  5462 ;GL  NN 3862 ;",0
221.771205,-38.290639,153.6098,5.9,star K3III,"HIP 72296 ;HD  130055 ;HR  5508 ;",0
224.05512,14.446266,183.1502,5.9,star A0V,"HIP 73087 ;HD  131951 ;HR  5567 ;",0
228.01776,18.976031,221.7295,5.9,star M4III,"HIP 74386 ;HD  134943 ;HR  5654 ;",0
231.964305,60.670217,195.6947,5.9,star K5III,"HIP 75696 ;HD  138265 ;HR  5755 ;",0
241.52658,-23.606315,161.2903,5.9,star B8V,"HIP 78877 ;HD  144334 ;HR  5988 ;",0
261.80193,-50.63037,909.0909,5.9,star B9II,"HIP 85409 ;HD  157662 ;HR  6478 ;",0
276.956175,-29.816865,36.6032,5.9,star F8V,"HIP 90485 ;HD  169830 ;HR  6907 ;",0
296.07669,69.337065,132.1004,5.9,star A2III,"HIP 97122 ;HD  187340 ;HR  7545 ;",0
300.245745,8.557735,212.3142,5.9,star K5III,"HIP 98526 ;HD  189695 ;HR  7648 ;",0
307.334955,36.454729,793.6508,5.9,star A1Ib,"HIP 101067 ;HD  195324 ;HR  7835 ;BF  42    Cyg ;",0
347.54055,-40.591547,281.6901,5.9,star M4III,"HIP 114407 ;HD  218655 ;HR  8818 ;",0
347.479575,-22.457364,47.619,5.9,star A3 (IV),"HD  218641 ;GL  Wo 9812B ;",0
27.108405,3.685447,98.4252,5.91,star G9III,"HIP 8404 ;HD  11037 ;HR  527 ;",0
33.63312,-41.166765,105.7082,5.91,star G9III,"HIP 10440 ;HD  13940 ;HR  659 ;",0
38.27928,-34.649967,111.8568,5.91,star K0/K1III,"HIP 11867 ;HD  15975 ;HR  744 ;BF  Lam1For ;",0
39.238185,38.733581,54.1712,5.91,star F5V,"HIP 12181 ;HD  16176 ;HR  756 ;",0
45.47559,26.462354,64.3501,5.91,star A3m,"HIP 14109 ;HD  18769 ;HR  905 ;BF  49    Ari ;",0
49.98249,27.071134,67.2495,5.91,star G8IV,"HIP 15514 ;HD  20618 ;HR  995 ;BF  59    Ari ;",0
53.166735,35.461729,675.6757,5.91,star B1V,"HIP 16518 ;HD  21856 ;HR  1074 ;",0
56.539005,6.80352,102.7749,5.91,star G9III,"HIP 17595 ;HD  23526 ;HR  1159 ;",0
56.61429,-29.338157,101.0101,5.91,star A2V,"HIP 17618 ;HD  23738 ;HR  1171 ;BF  Sig For ;",0
57.162315,0.227857,149.2537,5.91,star K3III,"HIP 17805 ;HD  23887 ;HR  1182 ;",0
65.46588,56.506317,96.9932,5.91,star A3V,"HIP 20380 ;HD  27322 ;HR  1342 ;",0
65.594715,20.821416,714.2857,5.91,star M0III,"HIP 20417 ;HD  27639 ;HR  1370 ;",0
69.100905,64.261602,135.1351,5.91,star A1V,"HIP 21452 ;HD  28780 ;HR  1440 ;",0
75.45981,0.722112,145.1379,5.91,star K0,"HIP 23408 ;HD  32263 ;HR  1618 ;",0
93.785295,13.851098,366.3004,5.91,star B1V,"HIP 29678 ;HD  43112 ;HR  2222 ;",0
104.252175,33.681039,129.5337,5.91,star G5III,"HIP 33421 ;HD  51000 ;HR  2586 ;",0
108.050895,-25.942588,257.0694,5.91,star B2IV/V,"HIP 34798 ;HD  55522 ;HR  2718 ;BF  26    CMa ;",0
109.948515,7.142947,53.3049,5.91,star F8V,"HIP 35509 ;HD  57006 ;HR  2779 ;",0
122.515785,58.248242,263.1579,5.91,star K4III:,"HIP 39995 ;HD  67224 ;HR  3175 ;",0
128.962395,6.62022,25.1256,5.91,star F8V,"HIP 42172 ;HD  72945 ;HR  3395 ;GL  Gl 310.1A ;",0
129.82347,52.711623,160,5.91,star K1III:,"HIP 42452 ;HD  73171 ;HR  3408 ;",0
142.196445,-62.273134,154.0832,5.91,star K1III,"HIP 46482 ;HD  82347 ;HR  3776 ;",0
142.884015,-31.871831,117.6471,5.91,star A9IV,"HIP 46734 ;HD  82513 ;HR  3789 ;BF  Zet2Ant ;",0
152.531415,-8.40817,182.8154,5.91,star A1V,"HIP 49812 ;HD  88195 ;HR  3989 ;BF  17    Sex ;",0
153.441405,-40.346056,147.2754,5.91,star K1III,"HIP 50103 ;HD  88809 ;HR  4015 ;",0
158.14005,-44.618508,121.8027,5.91,star G6/G8III,"HIP 51610 ;HD  91437 ;HR  4139 ;",0
163.37979,69.853881,44.287,5.91,star G9IV,"HIP 53257 ;HD  94132 ;HR  4243 ;",0
163.92666,0.736922,44.8632,5.91,star F2III,"HIP 53423 ;HD  94672 ;HR  4265 ;BF  55    Leo ;",0
164.00613,6.185371,119.1895,5.91,star M5IIIvar,"HIP 53449 ;HD  94705 ;HR  4267 ;BF  56    Leo ;",0
183.09159,-62.950773,100000,5.91,star B9Ia,"HIP 59517 ;HD  106068 ;HR  4644 ;",0
185.489295,-56.374385,694.4444,5.91,star K4III + (F),"HIP 60308 ;HD  107543 ;HR  4702 ;",0
190.90854,-1.576996,66.9792,5.91,star G8IIIp,"HIP 62103 ;HD  110646 ;HR  4837 ;",0
193.26753,-54.952473,126.7427,5.91,star K3III,"HIP 62861 ;HD  111884 ;HR  4885 ;",0
197.449365,16.848611,206.1856,5.91,star K5III,"HIP 64226 ;HD  114326 ;HR  4962 ;",0
197.513445,38.498981,63.2911,5.91,star A9III-IV,"HIP 64246 ;HD  114447 ;HR  4971 ;BF  17    CVn ;",0
198.20325,-66.226747,90.7441,5.91,star A0V(n),"HIP 64466 ;HD  114570 ;HR  4977 ;",0
198.550485,-58.683937,109.1703,5.91,star K0/K1III,"HIP 64580 ;HD  114835 ;HR  4988 ;",0
204.347835,-46.427879,126.4223,5.91,star B8V,"HIP 66454 ;HD  118354 ;HR  5121 ;",0
205.66395,78.064437,100.7049,5.91,star G7III:,"HIP 66903 ;HD  120084 ;HR  5184 ;",0
208.29288,28.648131,65.7462,5.91,star A7V,"HIP 67782 ;HD  121164 ;HR  5229 ;",0
218.13561,22.260059,54.0249,5.91,star F2IV,"HIP 71115 ;HD  127739 ;HR  5434 ;BF  26    Boo ;",0
222.185655,-66.593563,431.0345,5.91,star B2.5V,"HIP 72438 ;HD  129954 ;HR  5500 ;",0
223.14693,-63.809827,505.0505,5.91,star F8II + A/F,"HIP 72773 ;HD  130701 ;HR  5527 ;",0
224.84631,4.567761,215.0538,5.91,star M1III,"HIP 73350 ;HD  132525 ;HR  5584 ;",0
225.362925,60.204453,105.7082,5.91,star A4V,"HIP 73507 ;HD  133388 ;HR  5608 ;",0
241.153485,-37.862951,37.8788,5.91,star F3V,"HIP 78747 ;HD  143928 ;HR  5975 ;",0
243.59319,-33.011088,174.5201,5.91,star K0III,"HIP 79596 ;HD  145838 ;HR  6044 ;",0
252.39441,13.261141,100.1001,5.91,star A1V,"HIP 82350 ;HD  151862 ;HR  6246 ;",0
253.50159,-57.909507,217.3913,5.91,star M0III,"HIP 82672 ;HD  151967 ;HR  6251 ;",0
255.913755,13.605346,76.746,5.91,star A1V,"HIP 83478 ;HD  154228 ;HR  6341 ;",0
255.96219,-38.152572,64.6831,5.91,star F3V,"HIP 83491 ;HD  153890 ;HR  6327 ;",0
259.73763,-34.989792,6.8357,5.91,star K4V,"HIP 84709 ;HD  156384 ;HR  6426 ;GL  Gl 667A ;",0
260.72811,-37.220786,113.1222,5.91,star K1III,"HIP 85048 ;HD  157097 ;HR  6456 ;",0
268.14768,1.305014,112.7396,5.91,star K5III,"HIP 87491 ;HD  162774 ;HR  6667 ;",0
281.67951,52.98796,396.8254,5.91,star B2.5V,"HIP 92133 ;HD  174237 ;HR  7084 ;",0
284.0028,-23.173751,194.9318,5.91,star B6III,"HIP 92931 ;HD  175360 ;HR  7128 ;",0
284.695515,13.906648,78.3699,5.91,star F0spe...,"HIP 93179 ;HD  176232 ;HR  7167 ;BF  10    Aql ;",0
288.664785,-45.193527,91.3242,5.91,star G8III,"HIP 94556 ;HD  179433 ;HR  7281 ;",0
290.066745,57.645129,242.1308,5.91,star M1III,"HIP 95038 ;HD  182190 ;HR  7356 ;",0
291.26685,-29.309359,91.3242,5.91,star K3III,"HIP 95456 ;HD  182286 ;HR  7360 ;",0
297.55857,-47.557392,408.1633,5.91,star M1III,"HIP 97598 ;HD  187086 ;HR  7537 ;",0
298.02987,47.931795,510.2041,5.91,star B2III,"HIP 97774 ;HD  188252 ;HR  7591 ;",0
303.002925,26.478806,246.9136,5.91,star B7Ve...,"HIP 99531 ;HD  192044 ;HR  7719 ;BF  20    Vul ;",0
304.37877,66.853687,17.5685,5.91,star G3V,"HIP 100017 ;HD  193664 ;HR  7783 ;GL  Gl 788 ;",0
309.645795,23.680494,625,5.91,star K0II-III+..,"HIP 101870 ;HD  196753 ;HR  7895 ;",0
311.091855,56.488405,336.7003,5.91,star M3III,"HIP 102358 ;HD  197939 ;HR  7944 ;",0
311.541615,-21.514032,80.8407,5.91,star A1V,"HIP 102487 ;HD  197725 ;HR  7937 ;BF  17    Cap ;",0
316.37175,78.126392,123.4568,5.91,star B8Vn,"HIP 104105 ;HD  201908 ;HR  8112 ;",0
342.590715,41.953394,348.4321,5.91,star B3IV:var,"HIP 112778 ;HD  216200 ;HR  8690 ;BF  14    Lac ;",0
343.760985,37.076827,39.0168,5.91,star F5II,"HIP 113174 ;HD  216756 ;HR  8718 ;",0
347.613525,43.544232,27.6472,5.91,star F5IV,"HIP 114430 ;HD  218804 ;HR  8825 ;BF  6    And ;",0
353.537565,-1.247567,64.9351,5.91,star A2m,"HIP 116323 ;HD  221675 ;HR  8944 ;BF  14    Psc ;",0
12.07254,7.299928,177.6199,5.92,star G8III,"HIP 3760 ;HD  4627 ;HR  221 ;BF  62    Psc ;",0
15.9042,61.074823,613.4969,5.92,star F0II,"HIP 4962 ;HD  6130 ;HR  292 ;",0
21.085425,-6.914656,46.6418,5.92,star F4V,"HIP 6564 ;HD  8556 ;HR  404 ;",0
21.27204,-64.369478,277.0083,5.92,star M0III,"HIP 6631 ;HD  8810 ;HR  420 ;",0
22.59543,-26.207851,137.931,5.92,star K2III,"HIP 7016 ;HD  9228 ;HR  436 ;",0
27.71655,11.043378,42.0168,5.92,star F2Vw,"HIP 8588 ;HD  11257 ;HR  534 ;",0
42.56157,-35.843636,137.931,5.92,star K0III,"HIP 13225 ;HD  17793 ;HR  848 ;BF  Eta2For ;",0
47.928435,81.47071,62.1891,5.92,star A7III-IV,"HIP 14844 ;HD  18778 ;HR  906 ;",0
48.10719,-44.41966,42.4989,5.92,star F3V+...,"HIP 14913 ;HD  20121 ;HR  968 ;",0
75.59502,-31.771333,95.511,5.92,star K2III,"HIP 23446 ;HD  32515 ;HR  1635 ;",0
81.70335,34.39181,645.1613,5.92,star A1p,"HIP 25471 ;HD  35520 ;HR  1795 ;",0
83.516865,-1.470253,209.6436,5.92,star K5III,"HIP 26108 ;HD  36780 ;HR  1874 ;",0
88.73619,19.749614,558.6592,5.92,star B2V,"HIP 27965 ;HD  39698 ;HR  2052 ;BF  57    Ori ;",0
97.54698,-10.081511,319.4888,5.92,star K0,"HIP 30986 ;HD  45976 ;HR  2367 ;",0
97.69287,-27.769575,377.3585,5.92,star B3IV/V,"HIP 31037 ;HD  46189 ;HR  2380 ;",0
101.34567,-31.793661,24.3784,5.92,star F7V,"HIP 32366 ;HD  49095 ;HR  2500 ;GL  Gl 245.1 ;",0
101.635065,8.587153,263.1579,5.92,star B2.5V,"HIP 32463 ;HD  48977 ;HR  2494 ;BF  16    Mon ;",0
115.056375,-19.660861,190.8397,5.92,star K0III,"HIP 37364 ;HD  61774 ;HR  2960 ;",0
125.1339,24.022314,140.2525,5.92,star B9.5V,"HIP 40881 ;HD  70011 ;HR  3268 ;BF  19Lam Cnc ;",0
125.725395,-7.54312,395.2569,5.92,star M1III,"HIP 41080 ;HD  70652 ;HR  3288 ;",0
128.41014,-38.848815,255.7545,5.92,star B5III,"HIP 42001 ;HD  72832 ;HR  3389 ;",0
129.27405,9.65558,149.7006,5.92,star A3V,"HIP 42265 ;HD  73143 ;HR  3406 ;BF  36    Cnc ;",0
133.160865,-48.359097,318.4713,5.92,star B3Vn,"HIP 43589 ;HD  76161 ;HR  3539 ;",0
138.393585,-47.338407,156.25,5.92,star B9V,"HIP 45270 ;HD  79621 ;HR  3670 ;",0
143.358555,-22.863883,80.2568,5.92,star B9.5V,"HIP 46897 ;HD  82747 ;HR  3810 ;",0
162.16899,-1.958896,167.5042,5.92,star M2III,"HIP 52863 ;HD  93655 ;HR  4224 ;",0
192.27825,83.417832,123.0012,5.92,star A0V,"HIP 62561 ;HD  112014 ;HR  4892 ;",0
197.96418,-69.942017,42.1053,5.92,star F3IV/V,"HIP 64390 ;HD  114371 ;HR  4966 ;",0
203.668545,-13.214324,148.1481,5.92,star A0V,"HIP 66247 ;HD  118054 ;HR  5106 ;",0
205.595685,82.752408,122.549,5.92,star G9III,"HIP 66878 ;HD  120565 ;HR  5203 ;",0
206.57946,38.503626,130.719,5.92,star G9III,"HIP 67210 ;HD  120048 ;HR  5180 ;",0
206.865075,-50.249291,64.8508,5.92,star A3m...,"HIP 67292 ;HD  119938 ;HR  5175 ;",0
209.822805,-50.369647,106.1571,5.92,star G8/K0III,"HIP 68333 ;HD  121853 ;HR  5251 ;",0
225.047205,-77.16055,233.6449,5.92,star G8II,"HIP 73415 ;HD  131425 ;HR  5547 ;",0
248.106945,60.823323,113.7656,5.92,star A2V,"HIP 80991 ;HD  149650 ;HR  6170 ;",0
250.402905,26.91688,43.7445,5.92,star F2III,"HIP 81729 ;HD  150682 ;HR  6213 ;BF  39    Her ;",0
299.83509,45.772541,138.8889,5.92,star A5III,"HIP 98383 ;HD  189684 ;HR  7646 ;",0
314.10789,49.195847,234.7418,5.92,star G8II-III,"HIP 103360 ;HD  199612 ;HR  8026 ;",0
318.926685,77.012296,291.5452,5.92,star K5III,"HIP 104968 ;HD  203399 ;HR  8168 ;",0
328.797345,-61.886608,46.4684,5.92,star F1III,"HIP 108195 ;HD  207964 ;HR  8352 ;",0
335.88396,-7.194421,143.0615,5.92,star G6V,"HIP 110532 ;HD  212320 ;HR  8530 ;",0
340.489395,14.516393,84.9618,5.92,star K0III:,"HIP 112067 ;HD  214995 ;HR  8642 ;",0
349.165785,-44.489166,89.2061,5.92,star K1III,"HIP 114921 ;HD  219507 ;HR  8846 ;",0
1.945395,-22.50856,78.3699,5.93,star A1V,"HIP 636 ;HD  319 ;HR  12 ;",0
8.293185,54.894985,114.1553,5.93,star K0III,"HIP 2611 ;HD  2952 ;HR  135 ;",0
17.931285,-2.251079,171.8213,5.93,star K4III,"HIP 5594 ;HD  7147 ;HR  353 ;BF  34    Cet ;",0
43.393275,-38.437004,58.5138,5.93,star F5V,"HIP 13473 ;HD  18149 ;HR  863 ;BF  Psi For ;",0
43.39716,-22.376308,111.6071,5.93,star G8/K0III,"HIP 13479 ;HD  18071 ;HR  862 ;",0
45.183915,10.870388,161.2903,5.93,star K6,"HIP 14036 ;HD  18700 ;HR  902 ;",0
48.349455,48.176953,116.5501,5.93,star G9III,"HIP 15004 ;HD  19845 ;HR  956 ;",0
49.510755,-28.797075,62.3053,5.93,star F3V+...,"HIP 15357 ;HD  20606 ;HR  993 ;",0
51.59385,-27.317479,138.5042,5.93,star K0III,"HIP 16029 ;HD  21430 ;HR  1045 ;",0
52.689255,6.188703,154.0832,5.93,star G8III,"HIP 16358 ;HD  21755 ;HR  1067 ;",0
58.388805,-46.893674,107.6426,5.93,star K3III,"HIP 18199 ;HD  24706 ;HR  1216 ;",0
60.16938,-30.490697,107.7586,5.93,star A1V,"HIP 18723 ;HD  25371 ;HR  1246 ;",0
77.43786,28.030461,52.6039,5.93,star A5m,"HIP 24019 ;HD  33204 ;HR  1670 ;",0
82.60902,15.360449,77.5795,5.93,star A3Vn,"HIP 25790 ;HD  36162 ;HR  1832 ;",0
85.27332,0.337753,47.9386,5.93,star F0IV,"HIP 26762 ;HD  37788 ;HR  1955 ;",0
86.62659,56.115575,60.7903,5.93,star A4Vn,"HIP 27249 ;HD  38091 ;HR  1969 ;BF  26    Cam ;",0
88.08414,-57.156191,132.626,5.93,star F7IV,"HIP 27737 ;HD  39937 ;HR  2072 ;",0
91.167165,-45.078932,26.8962,5.93,star F4V,"HIP 28790 ;HD  41742 ;HR  2158 ;",0
92.38515,22.190262,632.9114,5.93,star K4III,"HIP 29196 ;HD  42049 ;HR  2169 ;",0
98.823315,9.988335,469.4836,5.93,star K4III,"HIP 31448 ;HD  46709 ;HR  2406 ;",0
105.876855,29.337081,19.1314,5.93,star G4V,"HIP 34017 ;HD  52711 ;HR  2643 ;GL  Gl 262 ;",0
109.3905,52.131071,183.4862,5.93,star K1III:,"HIP 35304 ;HD  55866 ;HR  2737 ;",0
114.196005,55.75506,81.6993,5.93,star K2III,"HIP 37046 ;HD  60294 ;HR  2894 ;",0
114.47442,48.773842,77.8816,5.93,star A5m,"HIP 37140 ;HD  60652 ;HR  2914 ;",0
115.24383,23.018527,467.2897,5.93,star K5,"HIP 37428 ;HD  61603 ;HR  2951 ;",0
116.666895,65.455676,100.7049,5.93,star K2III:,"HIP 37949 ;HD  62066 ;HR  2975 ;BF  51    Cam ;",0
138.969585,72.946326,88.1057,5.93,star F0III,"HIP 45461 ;HD  78935 ;HR  3645 ;",0
150.500415,-60.42089,100000,5.93,star A9IV,"HIP 49164 ;HD  87283 ;HR  3960 ;",0
155.86032,-4.074035,104.1667,5.93,star B9p Si(CrSr),"HIP 50885 ;HD  90044 ;HR  4082 ;BF  25    Sex ;",0
156.24774,-58.576303,95.9693,5.93,star F2III,"HIP 50993 ;HD  90454 ;HR  4095 ;",0
163.82184,-60.517003,93.4579,5.93,star K0III,"HIP 53394 ;HD  94776 ;HR  4271 ;",0
171.78966,-12.356749,70.0771,5.93,star F4III-IV,"HIP 55874 ;HD  99564 ;HR  4416 ;BF  16Kap Crt ;",0
178.91721,-28.477103,167.7852,5.93,star K4III,"HIP 58158 ;HD  103596 ;HR  4565 ;",0
194.13213,-72.185212,176.3668,5.93,star G8III,"HIP 63165 ;HD  112219 ;HR  4907 ;",0
195.772305,-71.475729,306.7485,5.93,star B1.5IIIne,"HIP 63688 ;HD  113120 ;HR  4930 ;",0
210.860565,-56.213434,167.2241,5.93,star K2III,"HIP 68670 ;HD  122438 ;HR  5266 ;",0
214.84953,-37.002907,73.4754,5.93,star A1V,"HIP 69995 ;HD  125283 ;HR  5357 ;",0
220.17663,13.534325,50.813,5.93,star F0V,"HIP 71759 ;HD  129153 ;HR  5473 ;",0
234.121815,16.119085,52.0562,5.93,star F3V,"HIP 76424 ;HD  139225 ;HR  5804 ;BF  18Tau5Ser ;",0
236.094495,-41.819089,143.8849,5.93,star A0V + B,"HIP 77086 ;HD  140285 ;HR  5846 ;",0
240.523155,52.915917,248.7562,5.93,star K5III,"HIP 78542 ;HD  144204 ;HR  5981 ;",0
242.245335,3.454475,121.5067,5.93,star K5III,"HIP 79120 ;HD  145085 ;HR  6011 ;",0
242.296725,6.378695,28.3126,5.93,star K1+...,"HIP 79137 ;HD  145148 ;HR  6014 ;",0
244.796745,49.038159,196.0784,5.93,star K6III,"HIP 79953 ;HD  147352 ;HR  6090 ;",0
249.77178,-37.21737,112.1076,5.93,star B9.5V+...,"HIP 81523 ;HD  149886 ;HR  6178 ;",0
257.198085,-30.40373,78.2473,5.93,star Fm,"HIP 83896 ;HD  154783 ;HR  6366 ;",0
259.80213,-59.694612,763.3588,5.93,star K2IIICN...,"HIP 84731 ;HD  156091 ;HR  6408 ;",0
262.16214,-55.169686,302.1148,5.93,star G8II/III,"HIP 85520 ;HD  157819 ;HR  6487 ;",0
266.90325,-14.725824,183.8235,5.93,star B9V,"HIP 87074 ;HD  161701 ;HR  6620 ;",0
269.079315,-15.812521,73.9645,5.93,star A0V,"HIP 87813 ;HD  163336 ;HR  6681 ;",0
277.98747,-1.002977,188.3239,5.93,star A4III,"HIP 90844 ;HD  170920 ;HR  6957 ;BF  61    Ser ;",0
279.476775,-21.397725,104.3841,5.93,star A5IV,"HIP 91347 ;HD  171856 ;HR  6988 ;",0
282.4413,32.81282,401.6064,5.93,star B3IV,"HIP 92398 ;HD  174585 ;HR  7100 ;BF  8Nu 1Lyr ;",0
285.989775,-51.018604,99.8004,5.93,star K0/K1III,"HIP 93624 ;HD  176664 ;HR  7190 ;",0
286.42158,-15.660419,219.2982,5.93,star B8IIIsp...,"HIP 93763 ;HD  177517 ;HR  7230 ;",0
287.94171,31.283456,273.224,5.93,star B9p Si,"HIP 94311 ;HD  179527 ;HR  7283 ;BF  19    Lyr ;",0
295.68585,32.426741,602.4096,5.93,star A5III,"HIP 96977 ;HD  186377 ;HR  7502 ;",0
315.613095,-38.53097,67.3401,5.93,star K2III,"HIP 103836 ;HD  200073 ;HR  8046 ;",0
315.948375,53.2859,114.2857,5.93,star K0III,"HIP 103956 ;HD  200817 ;HR  8078 ;",0
321.445935,36.667386,100000,5.93,star B0Ib,"HIP 105811 ;HD  204172 ;HR  8209 ;BF  69    Cyg ;",0
332.96388,16.040551,54.9451,5.93,star K1III,"HIP 109577 ;HD  210702 ;HR  8461 ;",0
340.4001,41.549123,91.7431,5.93,star G9III,"HIP 112041 ;HD  215030 ;HR  8643 ;",0
341.02173,39.465348,212.3142,5.93,star K5III+...,"HIP 112241 ;HD  215359 ;HR  8654 ;",0
357.561375,-9.974136,91.1577,5.93,star K0IV,"HIP 117541 ;HD  223524 ;HR  9027 ;",0
358.231515,-3.155482,137.3626,5.93,star G9III,"HIP 117761 ;HD  223825 ;HR  9041 ;BF  24    Psc ;",0
3.426015,-26.022345,396.8254,5.94,star K5III,"HIP 1096 ;HD  942 ;HR  42 ;",0
7.58301,59.977554,235.8491,5.94,star B9IIIn,"HIP 2377 ;HD  2626 ;HR  113 ;",0
8.88681,-0.50561,54.4959,5.94,star F5IV,"HIP 2787 ;HD  3229 ;HR  143 ;BF  14    Cet ;",0
11.237805,-42.676558,64.3915,5.94,star A7V,"HIP 3521 ;HD  4293 ;HR  198 ;",0
24.61452,-36.528251,101.833,5.94,star K0III,"HIP 7643 ;HD  10142 ;HR  471 ;",0
27.16212,37.95287,104.6025,5.94,star K0III,"HIP 8423 ;HD  10975 ;HR  521 ;",0
27.726885,-50.206138,77.1605,5.94,star A1V,"HIP 8593 ;HD  11413 ;HR  541 ;",0
32.899305,-1.825429,119.0476,5.94,star G9III:,"HIP 10234 ;HD  13468 ;HR  639 ;BF  63    Cet ;",0
42.994785,68.888497,395.2569,5.94,star F5:Ib-II,"HIP 13367 ;HD  17463 ;HR  829 ;",0
50.468655,49.070905,43.7063,5.94,star F6V,"HIP 15669 ;HD  20675 ;HR  1001 ;",0
62.25654,13.398281,124.533,5.94,star B9.5V,"HIP 19376 ;HD  26171 ;HR  1284 ;",0
66.272295,-61.238193,215.0538,5.94,star K4/K5III,"HIP 20619 ;HD  28413 ;HR  1416 ;",0
68.377665,72.528605,101.7294,5.94,star A8m,"HIP 21247 ;HD  28204 ;HR  1401 ;",0
81.1605,31.143148,211.4165,5.94,star B9III,"HIP 25291 ;HD  35239 ;HR  1776 ;",0
99.423,61.481233,52.0562,5.94,star G8IV-V,"HIP 31676 ;HD  46480 ;HR  2394 ;BF  8    Lyn ;",0
102.926775,-36.23027,55.2181,5.94,star A3V,"HIP 32938 ;HD  50445 ;HR  2558 ;",0
106.843335,34.009288,201.2072,5.94,star K4III,"HIP 34358 ;HD  53686 ;HR  2665 ;",0
108.107595,-36.544381,278.5515,5.94,star B4V,"HIP 34817 ;HD  55718 ;HR  2726 ;",0
111.734715,20.257557,136.9863,5.94,star F2Vn,"HIP 36156 ;HD  58579 ;HR  2837 ;BF  61    Gem ;",0
117.31104,-35.243286,158.2278,5.94,star B9V,"HIP 38167 ;HD  63786 ;HR  3049 ;",0
125.841,18.3322,117.7856,5.94,star A9V,"HIP 41117 ;HD  70569 ;HR  3284 ;BF  20    Cnc ;",0
127.155585,14.210822,105.2632,5.94,star A5V,"HIP 41578 ;HD  71555 ;HR  3333 ;BF  29    Cnc ;",0
139.607985,35.36408,86.9565,5.94,star A8V,"HIP 45661 ;HD  80024 ;HR  3686 ;",0
172.629765,43.173242,53.4188,5.94,star F4V,"HIP 56148 ;HD  99984 ;HR  4431 ;BF  58    UMa ;",0
173.19807,-7.827523,147.4926,5.94,star K4III,"HIP 56318 ;HD  100343 ;HR  4446 ;",0
174.451905,-67.620379,108.4599,5.94,star K0III,"HIP 56727 ;HD  101162 ;HR  4485 ;",0
185.04489,-22.1757,118.3432,5.94,star K0III+...,"HIP 60157 ;HD  107295 ;HR  4691 ;",0
216.003645,8.243969,135.5014,5.94,star A3V,"HIP 70384 ;HD  126200 ;HR  5388 ;",0
236.645055,55.474791,269.5418,5.94,star K3III,"HIP 77272 ;HD  141472 ;HR  5878 ;",0
254.11992,-52.283746,116.144,5.94,star A0III,"HIP 82902 ;HD  152527 ;HR  6275 ;",0
257.911155,-48.873399,341.2969,5.94,star M1/M2III,"HIP 84105 ;HD  155035 ;HR  6374 ;",0
261.692295,34.695802,88.4173,5.94,star A0V,"HIP 85382 ;HD  158261 ;HR  6506 ;",0
264.40086,-15.571038,473.9336,5.94,star F0IV,"HIP 86266 ;HD  159877 ;HR  6562 ;",0
267.8856,-40.772461,173.3102,5.94,star M2III,"HIP 87390 ;HD  162189 ;HR  6643 ;",0
271.598775,-36.019788,17.5531,5.94,star G3V,"HIP 88694 ;HD  165185 ;HR  6748 ;GL  Gl 702.1 ;",0
307.474605,-18.583178,66.357,5.94,star A1V,"HIP 101123 ;HD  195094 ;HR  7830 ;BF  12Omi Cap ;",0
316.36134,5.958199,48.9237,5.94,star F8V,"HIP 104101 ;HD  200790 ;HR  8077 ;BF  4    Equ ;",0
326.22201,62.460567,917.4312,5.94,star O9II,"HIP 107374 ;HD  207198 ;HR  8327 ;",0
330.76566,-76.118427,62.5782,5.94,star F3III,"HIP 108849 ;HD  208741 ;HR  8380 ;",0
340.076685,53.845927,112.3596,5.94,star B8V,"HIP 111925 ;HD  214878 ;HR  8633 ;",0
345.382125,-4.711461,452.4887,5.94,star K0,"HIP 113686 ;HD  217563 ;HR  8759 ;",0
15.726105,41.345157,107.2961,5.95,star A5m,"HIP 4903 ;HD  6116 ;HR  290 ;BF  39    And ;",0
18.18924,-37.856479,69.3963,5.95,star A9IV: (+F/G),"HIP 5661 ;HD  7312 ;HR  359 ;",0
23.97813,17.433841,58.072,5.95,star F0IV,"HIP 7447 ;HD  9780 ;HR  457 ;",0
41.206995,67.82463,126.7427,5.95,star A5III,"HIP 12821 ;HD  16769 ;HR  791 ;",0
53.61093,24.464393,131.5789,5.95,star A3V,"HIP 16664 ;HD  22091 ;HR  1086 ;BF  7    Tau ;",0
57.28383,43.963095,74.184,5.95,star A9IV,"HIP 17846 ;HD  23728 ;HR  1170 ;",0
64.330095,-6.472177,232.0186,5.95,star G8III:,"HIP 19996 ;HD  27179 ;HR  1332 ;",0
65.060115,41.80807,123.1527,5.95,star K0III,"HIP 20241 ;HD  27278 ;HR  1337 ;",0
67.16265,-19.458874,94.518,5.95,star K2III,"HIP 20892 ;HD  28479 ;HR  1421 ;",0
67.668045,-35.653504,120.4819,5.95,star K0II,"HIP 21042 ;HD  28776 ;HR  1439 ;",0
75.076425,39.394701,59.7372,5.95,star F5V,"HIP 23261 ;HD  31761 ;HR  1599 ;BF  5    Aur ;",0
86.64546,1.168193,39.2773,5.95,star G4V,"HIP 27253 ;HD  38529 ;HR  1988 ;",0
88.03221,-9.0419,98.912,5.95,star A2Vn,"HIP 27713 ;HD  39421 ;HR  2039 ;",0
89.05944,-22.839975,88.6525,5.95,star K0/K1III,"HIP 28085 ;HD  40151 ;HR  2086 ;",0
99.19416,-13.321036,210.9705,5.95,star K4/K5III,"HIP 31599 ;HD  47182 ;HR  2428 ;",0
105.098985,-8.406821,330.033,5.95,star B9III,"HIP 33729 ;HD  52312 ;HR  2624 ;",0
108.738135,-41.426394,167.7852,5.95,star B4III/IV,"HIP 35054 ;HD  56410 ;HR  2759 ;",0
108.930165,-10.583605,121.2121,5.95,star K0,"HIP 35127 ;HD  56207 ;HR  2752 ;",0
112.21314,-31.848401,228.3105,5.95,star B3V+...,"HIP 36345 ;HD  59499 ;HR  2870 ;",0
112.628805,-54.399365,145.5604,5.95,star M1III,"HIP 36496 ;HD  60228 ;HR  2892 ;",0
115.396485,3.624779,139.47,5.95,star A0V,"HIP 37478 ;HD  61887 ;HR  2966 ;",0
124.599765,-12.632173,12.4938,5.95,star K0V,"HIP 40693 ;HD  69830 ;HR  3259 ;GL  Gl 302 ;",0
126.46503,-64.600618,112.3596,5.95,star G8/K0III,"HIP 41321 ;HD  71863 ;HR  3346 ;",0
128.869605,-26.843487,179.5332,5.95,star A1V+...,"HIP 42147 ;HD  73072 ;HR  3402 ;",0
134.142195,-16.708748,221.7295,5.95,star K3III,"HIP 43899 ;HD  76579 ;HR  3564 ;",0
137.197245,26.629112,31.0078,5.95,star G5IV,"HIP 44892 ;HD  78418 ;HR  3626 ;GL  Wo 9286 ;BF  75    Cnc ;",0
137.21289,33.882217,19.1902,5.95,star F9V,"HIP 44897 ;HD  78366 ;HR  3625 ;GL  Gl 334.2 ;",0
143.23239,-13.516804,226.7574,5.95,star K4III,"HIP 46859 ;HD  82660 ;HR  3802 ;",0
147.367065,-37.186765,124.0695,5.95,star K2III,"HIP 48191 ;HD  85206 ;HR  3892 ;",0
148.458765,-51.146713,704.2254,5.95,star B2V,"HIP 48527 ;HD  85953 ;HR  3924 ;",0
154.134585,23.503095,31.1721,5.95,star G2IV,"HIP 50319 ;HD  89010 ;HR  4030 ;BF  35    Leo ;",0
161.26677,67.411384,380.2281,5.95,star C5II,"HIP 52577 ;HD  92839 ;HR  4195 ;",0
162.77253,-3.092667,155.0388,5.95,star K2,"HIP 53035 ;HD  94014 ;HR  4240 ;",0
163.62333,-61.826622,442.4779,5.95,star K4III,"HIP 53334 ;HD  94683 ;HR  4266 ;",0
165.90246,-0.000833,185.8736,5.95,star K3III,"HIP 54049 ;HD  95849 ;HR  4306 ;BF  62    Leo ;",0
173.67705,16.796915,581.3953,5.95,star B4V,"HIP 56473 ;HD  100600 ;HR  4456 ;BF  90    Leo ;",0
175.17702,-53.968607,349.6503,5.95,star M1III,"HIP 56970 ;HD  101541 ;HR  4497 ;",0
179.823075,33.167004,227.2727,5.95,star K1III,"HIP 58460 ;HD  104075 ;HR  4581 ;",0
181.23846,-60.968252,209.6436,5.95,star M2III,"HIP 58921 ;HD  104933 ;HR  4607 ;",0
181.59606,-65.709453,125.9446,5.95,star G8/K0III,"HIP 59050 ;HD  105151 ;HR  4615 ;",0
182.422125,1.897889,73.046,5.95,star K3III,"HIP 59285 ;HD  105639 ;HR  4626 ;BF  10    Vir ;",0
186.299025,-11.61059,70.5219,5.95,star A1V,"HIP 60595 ;HD  108107 ;HR  4722 ;",0
191.24778,39.278916,17.3762,5.95,star G0V,"HIP 62207 ;HD  110897 ;HR  4845 ;GL  Gl 484 ;BF  10    CVn ;",0
197.43867,-10.329327,212.766,5.95,star K5III,"HIP 64224 ;HD  114287 ;HR  4961 ;BF  50    Vir ;",0
208.912395,-82.66619,245.7002,5.95,star K2/K3III:p,"HIP 68009 ;HD  120213 ;HR  5188 ;",0
234.98589,-59.908338,30.931,5.95,star F6V,"HIP 76716 ;HD  139211 ;HR  5803 ;",0
235.477905,-76.081959,129.199,5.95,star B9V,"HIP 76877 ;HD  138867 ;HR  5786 ;",0
238.75152,-19.382926,236.4066,5.95,star B2/B3V,"HIP 77939 ;HD  142378 ;HR  5915 ;BF  47    Lib ;",0
244.272735,-67.941285,52.2193,5.95,star A4V,"HIP 79797 ;HD  145689 ;HR  6037 ;",0
253.426785,-43.050968,232.0186,5.95,star M3II/III,"HIP 82650 ;HD  152161 ;HR  6257 ;",0
255.154125,-35.934133,98.5222,5.95,star K2IIICN...,"HIP 83235 ;HD  153368 ;HR  6311 ;",0
258.24399,-32.438332,543.4783,5.95,star B1Ib,"HIP 84226 ;HD  155450 ;HR  6389 ;",0
258.89991,-38.593896,30.5904,5.95,star G0V,"HIP 84425 ;HD  155826 ;HR  6398 ;",0
269.267985,0.066665,118.4834,5.95,star A3V,"HIP 87875 ;HD  163624 ;HR  6689 ;",0
277.333365,-80.232708,119.0476,5.95,star K2III,"HIP 90606 ;HD  167714 ;HR  6837 ;",0
286.731675,-48.299144,117.9245,5.95,star A0V,"HIP 93862 ;HD  177406 ;HR  7223 ;",0
300.066375,-37.701719,107.7586,5.95,star G8/K0III,"HIP 98461 ;HD  189195 ;HR  7629 ;",0
305.688735,41.026012,259.0674,5.95,star M0III,"HIP 100501 ;HD  194193 ;HR  7800 ;",0
314.674335,-14.483128,87.184,5.95,star A9V,"HIP 103545 ;HD  199603 ;HR  8024 ;",0
337.44171,-27.107284,39.8724,5.95,star F0V,"HIP 111045 ;HD  213135 ;HR  8563 ;",0
353.70567,-15.246005,113.8952,5.95,star K4III,"HIP 116368 ;HD  221745 ;HR  8946 ;",0
354.792345,75.292882,79.1139,5.95,star A3V,"HIP 116714 ;HD  222386 ;HR  8971 ;",0
356.653035,66.782244,456.621,5.95,star B2IV,"HIP 117265 ;HD  223128 ;HR  9005 ;",0
357.41412,28.842389,88.3392,5.95,star A2m,"HIP 117500 ;HD  223461 ;HR  9025 ;BF  79    Peg ;",0
359.33262,-62.956584,66.0502,5.95,star A2p,"HIP 118092 ;HD  224361 ;HR  9060 ;",0
5.36979,-77.426873,174.8252,5.96,star K3III,"HIP 1706 ;HD  1801 ;HR  87 ;",0
27.73797,51.933417,41.684,5.96,star F5V,"HIP 8598 ;HD  11151 ;HR  529 ;",0
30.950715,-0.340251,110.9878,5.96,star G5V...,"HIP 9631 ;HD  12641 ;HR  610 ;BF  61    Cet ;",0
33.156405,24.167778,228.833,5.96,star K0,"HIP 10296 ;HD  13522 ;HR  644 ;",0
51.401055,-69.336436,39.4011,5.96,star F3V,"HIP 15968 ;HD  21722 ;HR  1064 ;",0
72.20952,75.941219,47.0588,5.96,star A9IV,"HIP 22361 ;HD  29678 ;HR  1491 ;",0
79.710255,-18.13005,25.025,5.96,star G0V,"HIP 24786 ;HD  34721 ;HR  1747 ;GL  Gl 198 ;",0
84.658215,-6.573959,411.5226,5.96,star B1.5IV,"HIP 26535 ;HD  37481 ;HR  1933 ;",0
87.55443,4.423406,178.2531,5.96,star K2III,"HIP 27560 ;HD  39051 ;HR  2019 ;",0
88.09752,19.867849,343.6426,5.96,star B9V + G,"HIP 27747 ;HD  39286 ;HR  2030 ;",0
104.737605,3.602355,257.0694,5.96,star G8III,"HIP 33603 ;HD  51814 ;HR  2610 ;",0
105.60639,17.755521,246.9136,5.96,star M1.5,"HIP 33929 ;HD  52554 ;HR  2631 ;",0
105.824655,9.138355,101.9368,5.96,star A3Vs,"HIP 34002 ;HD  52913 ;HR  2647 ;",0
106.805385,-51.968283,166.9449,5.96,star K0III,"HIP 34349 ;HD  54732 ;HR  2698 ;",0
108.838515,-52.499226,128.041,5.96,star K0V,"HIP 35084 ;HD  56705 ;HR  2767 ;",0
121.176675,-50.590396,363.6364,5.96,star G5II,"HIP 39527 ;HD  67249 ;HR  3178 ;",0
121.57665,22.63549,228.3105,5.96,star M3III,"HIP 39659 ;HD  66875 ;HR  3169 ;BF  9Mu 1Cnc ;",0
125.300415,-57.97322,543.4783,5.96,star B1.5III,"HIP 40932 ;HD  70839 ;HR  3293 ;",0
126.48162,-14.929661,110.9878,5.96,star A3m...,"HIP 41328 ;HD  71267 ;HR  3320 ;",0
129.579105,32.802021,124.6883,5.96,star K2III:,"HIP 42365 ;HD  73192 ;HR  3409 ;",0
133.04904,45.312819,164.7446,5.96,star K0III,"HIP 43553 ;HD  75523 ;HR  3509 ;",0
133.149375,28.330819,12.3411,5.96,star G8V,"HIP 43587 ;HD  75732 ;HR  3522 ;GL  Gl 324A ;BF  55Rho1Cnc ;",0
139.379895,46.817228,130.3781,5.96,star A1V,"HIP 45590 ;HD  79763 ;HR  3676 ;",0
144.368355,-36.095994,110.1322,5.96,star K2III,"HIP 47224 ;HD  83441 ;HR  3835 ;",0
144.86625,67.27223,154.0832,5.96,star K5,"HIP 47401 ;HD  83126 ;HR  3824 ;",0
159.74859,-58.816854,209.205,5.96,star M1III,"HIP 52127 ;HD  92436 ;HR  4179 ;",0
173.62317,-32.83134,9.5593,5.96,star K0V,"HIP 56452 ;HD  100623 ;HR  4458 ;GL  Gl 432A ;",0
187.9839,-63.505838,75.1315,5.96,star A8III,"HIP 61158 ;HD  109000 ;HR  4771 ;",0
204.275085,-44.143203,127.2265,5.96,star G8/K0III,"HIP 66427 ;HD  118338 ;HR  5118 ;",0
205.729305,-41.401043,110.3753,5.96,star K0III,"HIP 66924 ;HD  119250 ;HR  5155 ;",0
205.91703,-42.067521,613.4969,5.96,star B8III,"HIP 66984 ;HD  119361 ;HR  5157 ;",0
210.21894,-66.26891,76.1035,5.96,star F0V,"HIP 68455 ;HD  121932 ;HR  5253 ;",0
212.39601,-51.504672,251.2563,5.96,star B9IV,"HIP 69174 ;HD  123515 ;HR  5296 ;",0
217.46049,0.828929,79.3021,5.96,star A5IV,"HIP 70894 ;HD  127167 ;HR  5418 ;",0
228.973605,-48.073661,49.8753,5.96,star A3m,"HIP 74696 ;HD  135235 ;HR  5663 ;",0
251.16561,-53.152313,223.2143,5.96,star G8III,"HIP 81966 ;HD  150576 ;HR  6207 ;",0
273.804045,-20.387974,100000,5.96,star B0.5Ib/II,"HIP 89440 ;HD  167263 ;HR  6823 ;BF  16    Sgr ;",0
273.821085,68.75581,84.674,5.96,star K1III:,"HIP 89448 ;HD  168653 ;HR  6865 ;BF  37    Dra ;",0
285.765855,-19.245686,606.0606,5.96,star K0II/III,"HIP 93537 ;HD  176884 ;HR  7203 ;",0
305.00079,13.548091,80.3213,5.96,star A5m,"HIP 100256 ;HD  193472 ;HR  7774 ;",0
307.363965,81.091277,63.7349,5.96,star K0III+...,"HIP 101082 ;HD  196925 ;HR  7908 ;BF  74    Dra ;",0
314.14491,44.924722,100000,5.96,star O6...,"HIP 103371 ;HD  199579 ;HR  8023 ;",0
324.010335,45.374591,174.8252,5.96,star M4IIIe-M6e,"HIP 106642 ;HD  205730 ;HR  8262 ;",0
326.00403,-14.74937,52.9942,5.96,star A7IV/V,"HIP 107302 ;HD  206677 ;HR  8302 ;BF  45    Cap ;",0
326.130525,14.771939,17.8859,5.96,star G0V,"HIP 107350 ;HD  206860 ;HR  8314 ;GL  Gl 836.7 ;",0
329.72298,62.697986,284.0909,5.96,star M3III,"HIP 108505 ;HD  209112 ;HR  8388 ;",0
334.75308,-13.304995,113.3787,5.96,star K0III,"HIP 110179 ;HD  211676 ;HR  8508 ;BF  45    Aqr ;",0
349.850445,-18.075376,427.3504,5.96,star K2/K3III,"HIP 115144 ;HD  219879 ;HR  8869 ;",0
225.948675,47.653692,12.7567,5.96,star dG2,"GL  Gl 575B ;",0
230.79945,30.2862,18.622,5.96,star G2 V,"HD  137108 ;HR  5728 ;GL  Gl 584B ;BF  2Eta CrB ;",0
14.629275,66.351793,107.4114,5.97,star A0III,"HIP 4572 ;HD  5550 ;HR  273 ;",0
17.639805,2.44567,235.2941,5.97,star K4III,"HIP 5510 ;HD  7014 ;HR  347 ;BF  33    Cet ;",0
18.531795,16.133479,139.47,5.97,star B8III,"HIP 5778 ;HD  7374 ;HR  364 ;BF  87    Psc ;",0
20.85396,20.468967,306.7485,5.97,star K5,"HIP 6492 ;HD  8388 ;HR  397 ;",0
25.413495,30.04712,157.7287,5.97,star K0III,"HIP 7906 ;HD  10348 ;HR  485 ;",0
30.646155,13.476716,206.1856,5.97,star M2III,"HIP 9533 ;HD  12479 ;HR  601 ;",0
44.05737,8.381563,42.9738,5.97,star F7IV,"HIP 13679 ;HD  18262 ;HR  870 ;",0
47.661645,11.872627,136.4256,5.97,star B8V,"HIP 14764 ;HD  19698 ;HR  948 ;",0
49.44063,39.283373,153.3742,5.97,star A2IV,"HIP 15334 ;HD  20346 ;HR  986 ;",0
54.75465,-5.62621,33.7041,5.97,star K1V,"HIP 17027 ;HD  22713 ;HR  1111 ;BF  21    Eri ;",0
58.291845,17.327083,41.3223,5.97,star F4V,"HIP 18170 ;HD  24357 ;HR  1201 ;",0
66.23802,19.042013,50.5306,5.97,star F4V,"HIP 20614 ;HD  27901 ;HR  1385 ;",0
70.459245,38.280182,31.8674,5.97,star G0V,"HIP 21847 ;HD  29645 ;HR  1489 ;",0
73.19631,27.897485,106.383,5.97,star F2IV,"HIP 22697 ;HD  30912 ;HR  1554 ;",0
76.854,-12.491269,36.6972,5.97,star G2V,"HIP 23831 ;HD  33093 ;HR  1665 ;",0
84.26826,11.035005,251.8892,5.97,star K4II SB,"HIP 26386 ;HD  37171 ;HR  1908 ;",0
85.72464,-6.796168,49.95,5.97,star F3V,"HIP 26926 ;HD  38089 ;HR  1967 ;",0
87.14559,-4.094648,15.1768,5.97,star G4V,"HIP 27435 ;HD  38858 ;HR  2007 ;GL  GJ 1085 ;",0
87.62511,2.0247,316.4557,5.97,star G8III+...,"HIP 27588 ;HD  39118 ;HR  2024 ;",0
89.116815,9.509396,120.048,5.97,star A0IV,"HIP 28110 ;HD  39985 ;HR  2075 ;",0
94.032045,-16.618006,238.6635,5.97,star B2/B3V,"HIP 29771 ;HD  43544 ;HR  2249 ;",0
126.238365,-42.769834,549.4505,5.97,star B3V,"HIP 41250 ;HD  71302 ;HR  3322 ;",0
149.30664,57.418196,145.5604,5.97,star G8III,"HIP 48802 ;HD  85945 ;HR  3922 ;",0
154.617705,-41.66849,163.1321,5.97,star B9V,"HIP 50480 ;HD  89461 ;HR  4056 ;",0
160.464855,-79.783288,284.0909,5.97,star B5IV,"HIP 52340 ;HD  93237 ;HR  4206 ;",0
195.290055,17.123147,124.6883,5.97,star K0III,"HIP 63533 ;HD  113095 ;HR  4929 ;BF  38    Com ;",0
201.54756,-1.192471,78.3085,5.97,star A7III,"HIP 65545 ;HD  116831 ;HR  5059 ;",0
206.680515,25.702236,89.6861,5.97,star F6IV-V,"HIP 67239 ;HD  120064 ;HR  5182 ;BF  3    Boo ;",0
207.43944,61.489313,125.7862,5.97,star G3V,"HIP 67485 ;HD  120787 ;HR  5213 ;",0
226.63833,-30.918483,121.3592,5.97,star Ap Si,"HIP 73937 ;HD  133652 ;HR  5619 ;",0
233.817525,53.922144,118.0638,5.97,star K4III:,"HIP 76311 ;HD  139357 ;HR  5811 ;",0
244.751745,-14.872825,325.7329,5.97,star K3IIICNpvar,"HIP 79938 ;HD  146850 ;HR  6078 ;",0
259.596975,38.811395,97.0874,5.97,star G7III:,"HIP 84656 ;HD  156891 ;HR  6444 ;",0
265.38468,6.313156,346.0208,5.97,star G7III,"HIP 86575 ;HD  160781 ;HR  6590 ;",0
266.23272,-57.54554,125.9446,5.97,star G8III,"HIP 86871 ;HD  160720 ;HR  6586 ;",0
272.631645,54.286552,50.226,5.97,star K1III,"HIP 89047 ;HD  167042 ;HR  6817 ;",0
295.029855,-23.429086,109.8901,5.97,star K0III,"HIP 96760 ;HD  185467 ;HR  7473 ;",0
302.0076,-0.678185,46.9484,5.97,star K1IV,"HIP 99171 ;HD  191067 ;HR  7690 ;BF  64    Aql ;",0
310.013235,43.458878,137.5516,5.97,star K2III,"HIP 101986 ;HD  197139 ;HR  7919 ;",0
318.328995,-36.423527,112.1076,5.97,star K0III,"HIP 104752 ;HD  201852 ;HR  8108 ;",0
319.71678,11.203373,289.0173,5.97,star K5III,"HIP 105224 ;HD  202951 ;HR  8149 ;",0
321.205935,80.524826,111.1111,5.97,star G6III:,"HIP 105727 ;HD  205072 ;HR  8239 ;",0
323.060715,-33.944623,154.321,5.97,star A2V,"HIP 106340 ;HD  204854 ;HR  8230 ;BF  6    PsA ;",0
331.153185,-26.822359,377.3585,5.97,star B3V (+B),"HIP 108975 ;HD  209522 ;HR  8408 ;",0
333.03372,24.950641,100000,5.97,star K0,"HIP 109602 ;HD  210762 ;HR  8466 ;",0
338.901555,-23.991094,92.9368,5.97,star K1III,"HIP 111515 ;HD  213986 ;HR  8596 ;",0
345.68439,-20.870712,73.4754,5.97,star K0III,"HIP 113801 ;HD  217703 ;HR  8764 ;",0
346.86963,21.134251,39.4011,5.97,star A5V,"HIP 114189 ;HD  218396 ;HR  8799 ;",0
1.56534,58.436733,21.4777,5.98,star G5V,"HIP 518 ;HD  123 ;HR  5 ;GL  Gl 4.1A ;",0
11.84847,6.740956,141.2429,5.98,star G8III,"HIP 3697 ;HD  4526 ;HR  216 ;BF  60    Psc ;",0
21.577755,43.457739,41.7188,5.98,star F7V,"HIP 6711 ;HD  8671 ;HR  409 ;",0
24.92007,16.405858,120.1923,5.98,star K2III,"HIP 7740 ;HD  10164 ;HR  475 ;BF  105    Psc ;",0
40.39221,-14.549276,47.2144,5.98,star F5V,"HIP 12562 ;HD  16825 ;HR  796 ;",0
49.14663,32.184018,134.5895,5.98,star G8IV,"HIP 15241 ;HD  20277 ;HR  978 ;",0
52.6539,-47.375125,120.3369,5.98,star A2V,"HIP 16339 ;HD  21981 ;HR  1081 ;",0
53.412825,54.974857,74.4048,5.98,star A3V,"HIP 16599 ;HD  21819 ;HR  1073 ;",0
70.89477,-8.794317,653.5948,5.98,star F4IIIp (Sr),"HIP 21986 ;HD  30020 ;HR  1505 ;BF  55    Eri ;",0
73.71129,0.467167,222.2222,5.98,star B5V,"HIP 22840 ;HD  31331 ;HR  1574 ;",0
79.84869,-27.368884,134.0483,5.98,star A0V,"HIP 24831 ;HD  34868 ;HR  1758 ;",0
84.826305,29.215213,324.6753,5.98,star B2IV-V,"HIP 26606 ;HD  37367 ;HR  1924 ;",0
90.429405,48.959445,242.1308,5.98,star K0,"HIP 28562 ;HD  40486 ;HR  2105 ;",0
111.463335,-5.774961,371.7472,5.98,star CIb...,"HIP 36055 ;HD  58526 ;HR  2833 ;",0
111.928905,-22.859199,295.858,5.98,star B5III,"HIP 36236 ;HD  59136 ;HR  2860 ;",0
119.757525,-45.215844,301.2048,5.98,star B4V,"HIP 39014 ;HD  65904 ;HR  3137 ;",0
127.440165,-46.331693,176.6784,5.98,star B7IV,"HIP 41674 ;HD  72232 ;HR  3363 ;",0
133.041795,42.002735,161.5509,5.98,star K0III,"HIP 43550 ;HD  75556 ;HR  3511 ;",0
138.809445,34.633516,130.039,5.98,star G6III,"HIP 45412 ;HD  79452 ;HR  3664 ;",0
152.65713,-41.715247,69.4444,5.98,star K3III,"HIP 49844 ;HD  88399 ;HR  4001 ;",0
158.199225,-58.666745,100000,5.98,star A2Iab,"HIP 51623 ;HD  91533 ;HR  4144 ;",0
162.022545,-59.919163,100000,5.98,star A0Ia,"HIP 52827 ;HD  93737 ;HR  4228 ;",0
175.863285,-37.190155,260.4167,5.98,star K3III,"HIP 57165 ;HD  101883 ;HR  4508 ;",0
196.85127,-59.86051,170.068,5.98,star B9IV+...,"HIP 64033 ;HD  113823 ;HR  4944 ;",0
205.680945,34.989021,146.8429,5.98,star G5III,"HIP 66907 ;HD  119458 ;HR  5161 ;",0
210.335115,8.894906,82.85,5.98,star A2V,"HIP 68498 ;HD  122365 ;HR  5262 ;",0
227.53053,-38.792511,131.406,5.98,star G6III,"HIP 74224 ;HD  134255 ;HR  5636 ;",0
228.525165,31.787845,203.252,5.98,star K5,"HIP 74561 ;HD  135438 ;HR  5674 ;",0
237.05544,13.789078,144.7178,5.98,star K2III,"HIP 77412 ;HD  141353 ;HR  5874 ;",0
255.11235,-48.647759,106.8376,5.98,star G5IV,"HIP 83216 ;HD  153221 ;HR  6300 ;",0
256.58412,-37.22759,142.2475,5.98,star A2IV,"HIP 83693 ;HD  154310 ;HR  6344 ;",0
257.0619,-17.609052,114.9425,5.98,star K0III,"HIP 83854 ;HD  154779 ;HR  6365 ;",0
258.834525,-14.58414,89.3655,5.98,star K1III,"HIP 84402 ;HD  155970 ;HR  6404 ;",0
261.906465,-29.724567,226.2443,5.98,star B9.5IV,"HIP 85442 ;HD  157955 ;HR  6494 ;",0
262.233705,-36.77828,245.098,5.98,star K0III,"HIP 85543 ;HD  158105 ;HR  6501 ;",0
271.20993,-35.901442,105.5966,5.98,star K2III,"HIP 88550 ;HD  164870 ;HR  6739 ;",0
272.93799,33.447057,237.5297,5.98,star A3V,"HIP 89156 ;HD  166988 ;HR  6814 ;",0
285.014805,-66.653618,136.0544,5.98,star K0III,"HIP 93287 ;HD  175401 ;HR  7130 ;",0
292.795635,-68.43392,387.5969,5.98,star K4/K5III,"HIP 95999 ;HD  182709 ;HR  7383 ;",0
294.21855,11.273206,371.7472,5.98,star G0Ib,"HIP 96481 ;HD  185018 ;HR  7456 ;",0
295.273035,13.815682,100000,5.98,star B5V,"HIP 96840 ;HD  185936 ;HR  7486 ;",0
315.01659,7.516197,75.815,5.98,star A7V,"HIP 103652 ;HD  199942 ;HR  8038 ;",0
325.504515,35.5102,625,5.98,star C6.3,"HIP 107129 ;HD  206570 ;HR  8297 ;",0
332.640615,-4.266855,101.9368,5.98,star K0III-IV,"HIP 109466 ;HD  210434 ;HR  8453 ;",0
340.203705,-57.422322,261.0966,5.98,star K4III,"HIP 111967 ;HD  214632 ;HR  8620 ;",0
349.597185,41.773676,129.5337,5.98,star A7m,"HIP 115065 ;HD  219815 ;HR  8864 ;BF  9    And ;",0
354.83817,74.002628,100.4016,5.98,star G8III,"HIP 116728 ;HD  222387 ;HR  8972 ;",0
2.07306,-8.824112,98.4252,5.99,star G8III:,"HIP 671 ;HD  360 ;HR  16 ;",0
6.811275,-25.54717,176.0563,5.99,star K0III,"HIP 2159 ;HD  2363 ;HR  102 ;",0
10.674135,-60.262807,70.8215,5.99,star K5III,"HIP 3352 ;HD  4088 ;HR  186 ;",0
14.559225,33.950885,56.3698,5.99,star K0,"HIP 4552 ;HD  5608 ;HR  275 ;",0
16.00995,52.502161,326.7974,5.99,star K2,"HIP 4998 ;HD  6211 ;HR  298 ;",0
34.519125,57.516321,251.2563,5.99,star G7III,"HIP 10729 ;HD  13994 ;HR  662 ;BF  7    Per ;",0
35.71845,-73.645792,97.2763,5.99,star K0III,"HIP 11095 ;HD  15248 ;HR  715 ;BF  Kap Hyi ;",0
40.52751,-38.383686,126.4223,5.99,star G8III,"HIP 12608 ;HD  16975 ;HR  805 ;",0
58.817205,-12.099105,49.2126,5.99,star Ap SrEu(Cr),"HIP 18339 ;HD  24712 ;HR  1217 ;",0
71.570115,18.734693,80.1925,5.99,star K4III,"HIP 22176 ;HD  30197 ;HR  1517 ;",0
71.685315,40.31259,132.8021,5.99,star G9III,"HIP 22220 ;HD  30138 ;HR  1514 ;",0
79.07562,34.312317,574.7126,5.99,star O9.5Vvar,"HIP 24575 ;HD  34078 ;HR  1712 ;",0
80.827125,-8.415595,122.6994,5.99,star B8+...,"HIP 25187 ;HD  35281 ;HR  1778 ;",0
82.70271,41.461994,128.866,5.99,star K0IIIp,"HIP 25816 ;HD  36040 ;HR  1824 ;",0
84.879795,-3.564704,42.5713,5.99,star A8Vs,"HIP 26624 ;HD  37594 ;HR  1940 ;",0
88.68348,0.968615,268.0965,5.99,star K0III,"HIP 27939 ;HD  39775 ;HR  2057 ;",0
93.823845,-18.477163,62.5391,5.99,star K1III,"HIP 29692 ;HD  43429 ;HR  2243 ;",0
93.873645,-4.914719,65.0618,5.99,star A5IVs,"HIP 29711 ;HD  43319 ;HR  2234 ;",0
99.948825,12.982768,78.8644,5.99,star A2V,"HIP 31876 ;HD  47575 ;HR  2449 ;",0
108.3501,-22.674241,245.098,5.99,star K4III,"HIP 34914 ;HD  55762 ;HR  2730 ;",0
110.514495,0.177121,500,5.99,star B8III,"HIP 35712 ;HD  57608 ;HR  2801 ;",0
114.991635,-37.579422,429.1845,5.99,star B4III,"HIP 37345 ;HD  61925 ;HR  2968 ;",0
120.3762,16.455309,165.5629,5.99,star B9.5Vn,"HIP 39236 ;HD  65873 ;HR  3134 ;BF  5    Cnc ;",0
141.02289,-61.648902,110.9878,5.99,star K0III,"HIP 46101 ;HD  81613 ;HR  3742 ;",0
145.44972,-55.213762,574.7126,5.99,star B4V,"HIP 47559 ;HD  84228 ;HR  3868 ;",0
163.425465,-70.720337,233.1002,5.99,star B6V,"HIP 53272 ;HD  94650 ;HR  4262 ;",0
164.88657,36.0931,253.8071,5.99,star M2III,"HIP 53726 ;HD  95129 ;HR  4278 ;",0
169.819455,-64.582491,36.6838,5.99,star F6IV,"HIP 55280 ;HD  98560 ;HR  4384 ;",0
190.788315,-56.176224,117.096,5.99,star B9Vn,"HIP 62058 ;HD  110506 ;HR  4834 ;",0
192.987225,-39.680431,142.8571,5.99,star B7/B8V,"HIP 62786 ;HD  111774 ;HR  4879 ;",0
195.149775,-3.368488,100.3009,5.99,star K2III,"HIP 63494 ;HD  112992 ;HR  4925 ;BF  46    Vir ;",0
215.95251,-53.176233,112.9944,5.99,star K1III,"HIP 70363 ;HD  125869 ;HR  5380 ;",0
217.79517,-38.869708,96.6184,5.99,star K1III,"HIP 70987 ;HD  127193 ;HR  5419 ;",0
230.65521,62.047076,136.9863,5.99,star A0sp...,"HIP 75256 ;HD  137389 ;HR  5731 ;",0
250.7757,77.513973,36.1011,5.99,star F4V,"HIP 81854 ;HD  152303 ;HR  6267 ;",0
251.250795,-28.509657,216.9197,5.99,star A3IV,"HIP 81992 ;HD  150894 ;HR  6218 ;",0
253.323195,47.416725,201.2072,5.99,star K2III,"HIP 82611 ;HD  152812 ;HR  6286 ;",0
253.852845,-63.269659,144.0922,5.99,star A0III,"HIP 82806 ;HD  152082 ;HR  6253 ;",0
258.9228,23.742761,173.3102,5.99,star K2III,"HIP 84431 ;HD  156284 ;HR  6419 ;",0
262.84701,-56.920964,561.7978,5.99,star B7II/III,"HIP 85751 ;HD  158220 ;HR  6505 ;",0
269.66271,-28.759089,555.5556,5.99,star B3II/III,"HIP 88012 ;HD  163685 ;HR  6692 ;",0
274.221255,-3.007401,103.4126,5.99,star G3III,"HIP 89587 ;HD  167768 ;HR  6840 ;",0
275.647155,12.02968,134.7709,5.99,star A2V,"HIP 90052 ;HD  169111 ;HR  6883 ;",0
282.420645,-5.912863,534.7594,5.99,star K2Ib,"HIP 92391 ;HD  174208 ;HR  7083 ;",0
283.71882,33.968576,358.4229,5.99,star G8III+...,"HIP 92833 ;HD  175635 ;HR  7140 ;",0
295.454175,50.52506,21.0793,5.99,star G2V,"HIP 96895 ;HD  186408 ;HR  7503 ;GL  Gl 765.1A ;BF  16    Cyg ;",0
300.818325,18.500993,248.139,5.99,star K3Iab:,"HIP 98738 ;HD  190211 ;HR  7662 ;",0
309.7707,15.838199,413.2231,5.99,star B3V,"HIP 101909 ;HD  196775 ;HR  7899 ;",0
310.510965,-76.180592,101.1122,5.99,star F4III-IV,"HIP 102162 ;HD  196051 ;HR  7863 ;BF  Mu 1Oct ;",0
312.85728,-5.626633,60.7165,5.99,star F5IV-V,"HIP 102945 ;HD  198571 ;HR  7982 ;BF  4    Aqr ;",0
313.68456,75.92557,124.3781,5.99,star G5III,"HIP 103219 ;HD  200039 ;HR  8043 ;",0
320.734395,-9.31933,224.2152,5.99,star M0III,"HIP 105574 ;HD  203525 ;HR  8175 ;BF  17    Aqr ;",0
340.653675,-47.210813,23.6351,5.99,star G0,"HIP 112117 ;HD  214953 ;HR  8635 ;GL  Gl 871A ;",0
342.837255,-29.536309,98.912,5.99,star G8/K0III,"HIP 112862 ;HD  216210 ;HR  8693 ;BF  21    PsA ;",0
351.91827,25.167281,110.6195,5.99,star A0MNp...,"HIP 115806 ;HD  220933 ;HR  8915 ;BF  69    Peg ;",0
354.59889,-76.869552,161.8123,5.99,star K0II/III,"HIP 116653 ;HD  222060 ;HR  8957 ;",0
354.979335,9.677294,54.407,5.99,star A2m,"HIP 116768 ;HD  222377 ;HR  8970 ;",0
9.96642,-44.796293,94.162,6,star K1IIICN...,"HIP 3137 ;HD  3750 ;HR  171 ;",0
30.718695,64.901466,83.8926,6,star A1Vn,"HIP 9564 ;HD  12279 ;HR  586 ;BF  52    Cas ;",0
32.842605,-10.052162,47.5964,6,star F5V,"HIP 10215 ;HD  13456 ;HR  638 ;",0
37.68834,0.255749,86.2813,6,star A7III-IVs,"HIP 11687 ;HD  15633 ;HR  732 ;",0
38.22558,15.034554,29.9401,6,star F8V,"HIP 11843 ;HD  15814 ;HR  741 ;GL  NN 3161 ;BF  29    Ari ;",0
64.56699,-20.71526,462.963,6,star M4III,"HIP 20075 ;HD  27362 ;HR  1345 ;",0
65.88486,20.982044,170.068,6,star B8IV-V,"HIP 20493 ;HD  27742 ;HR  1375 ;",0
76.623675,61.169756,143.8849,6,star K5II,"HIP 23766 ;HD  32356 ;HR  1624 ;",0
86.689575,15.822497,225.2252,6,star B8IIIMNp...,"HIP 27265 ;HD  38478 ;HR  1985 ;BF  129    Tau ;",0
94.148295,-39.264394,123.3046,6,star A2Vm...,"HIP 29808 ;HD  43847 ;HR  2262 ;",0
95.65164,12.570237,69.8324,6,star F0III,"HIP 30318 ;HD  44497 ;HR  2287 ;",0
106.32654,22.637458,123.0012,6,star B8Vn,"HIP 34182 ;HD  53257 ;HR  2659 ;BF  44    Gem ;",0
107.38902,-16.234509,684.9315,6,star B1Ib/II,"HIP 34561 ;HD  54764 ;HR  2699 ;",0
110.22882,-26.963838,763.3588,6,star B3V,"HIP 35611 ;HD  57593 ;HR  2800 ;",0
123.12831,-46.264285,320.5128,6,star B5V,"HIP 40183 ;HD  68895 ;HR  3234 ;",0
125.167995,72.407232,248.7562,6,star M0III,"HIP 40889 ;HD  68951 ;HR  3236 ;",0
132.58758,-42.089791,769.2308,6,star O9V,"HIP 43392 ;HD  75759 ;HR  3525 ;",0
154.861755,48.396762,44.405,6,star K0,"HIP 50546 ;HD  89319 ;HR  4046 ;",0
156.85563,-65.704664,68.4463,6,star A2V,"HIP 51194 ;HD  90874 ;HR  4115 ;",0
156.86688,41.601035,66.0939,6,star A2V,"HIP 51200 ;HD  90470 ;HR  4096 ;",0
182.75031,81.709832,336.7003,6,star K5III:,"HIP 59384 ;HD  105943 ;HR  4639 ;",0
187.491195,-41.735901,226.2443,6,star M2II/III,"HIP 60979 ;HD  108759 ;HR  4755 ;",0
189.68589,-18.2501,67.2948,6,star F0V,"HIP 61688 ;HD  109931 ;HR  4809 ;",0
193.57776,-11.64857,68.4932,6,star A2V,"HIP 62983 ;HD  112131 ;HR  4901 ;",0
194.697135,75.472508,166.113,6,star K0III,"HIP 63340 ;HD  113049 ;HR  4927 ;",0
196.588515,21.153397,49.6771,6,star F4V,"HIP 63948 ;HD  113848 ;HR  4946 ;BF  39    Com ;",0
200.201415,-55.800688,100000,6,star B0.5Ia,"HIP 65129 ;HD  115842 ;HR  5027 ;",0
204.703995,-57.622717,100000,6,star G5Ib,"HIP 66575 ;HD  118520 ;HR  5124 ;",0
205.733805,-56.767971,884.9558,6,star B0.5III,"HIP 66925 ;HD  119159 ;HR  5151 ;",0
207.602835,5.497224,154.7988,6,star K0,"HIP 67545 ;HD  120602 ;HR  5205 ;",0
209.137335,-54.704665,38.6997,6,star G8V,"HIP 68101 ;HD  121384 ;HR  5236 ;GL  Gl 534.1A ;",0
218.084295,26.677284,73.6377,6,star A7Vn,"HIP 71094 ;HD  127726 ;HR  5433 ;",0
223.349085,19.152798,11.5101,6,star K2V,"HIP 72848 ;HD  131511 ;HR  5553 ;GL  Gl 567 ;",0
235.246245,16.024588,185.8736,6,star G8III,"HIP 76810 ;HD  140027 ;HR  5840 ;BF  19Tau6Ser ;",0
237.88104,-47.0608,137.741,6,star K1IV,"HIP 77678 ;HD  141544 ;HR  5882 ;",0
240.893175,-32.000538,55.2181,6,star F5IV/V,"HIP 78665 ;HD  143790 ;HR  5970 ;",0
256.320075,0.702559,20.6654,6,star F9V,"HIP 83601 ;HD  154417 ;HR  6349 ;GL  Gl 654.1 ;",0
259.52058,17.317886,139.6648,6,star A1V,"HIP 84631 ;HD  156653 ;HR  6432 ;",0
265.34079,51.818182,92.9368,6,star K0III:,"HIP 86561 ;HD  161193 ;HR  6607 ;",0
268.47822,-34.752721,315.4574,6,star B9IV/V,"HIP 87616 ;HD  162724 ;HR  6662 ;",0
279.97005,52.196075,165.5629,6,star A0p...,"HIP 91525 ;HD  172883 ;HR  7028 ;",0
286.717155,-16.229276,259.0674,6,star B7V,"HIP 93855 ;HD  177817 ;HR  7239 ;",0
293.423355,49.262319,406.5041,6,star M4.5III,"HIP 96198 ;HD  184786 ;HR  7442 ;",0
296.95224,25.384058,126.9036,6,star K0II-III,"HIP 97402 ;HD  187193 ;HR  7540 ;",0
297.259185,-10.870763,96.432,6,star K5III,"HIP 97499 ;HD  187195 ;HR  7541 ;",0
319.309335,55.798001,369.0037,6,star K3III,"HIP 105080 ;HD  202987 ;HR  8150 ;",0
326.56779,-9.275935,363.6364,6,star M3III,"HIP 107487 ;HD  207005 ;HR  8318 ;BF  47    Cap ;",0
330.03303,6.717437,328.9474,6,star B3III,"HIP 108612 ;HD  209008 ;HR  8385 ;BF  18    Peg ;",0
336.942705,31.840045,265.9574,6,star K2,"HIP 110873 ;HD  212988 ;HR  8555 ;",0
8.18466,-63.03121,20.9205,6,star A,"GL  Wo 9015B ;",0
271.36485,2.498264,5.086,6,star K5 Ve,"GL  Gl 702B ;",0
2.332875,79.714545,105.4852,6.01,star A7IV,"HIP 760 ;HD  431 ;HR  20 ;",0
10.9587,-12.011813,56.4016,6.01,star K1III,"HIP 3436 ;HD  4145 ;HR  190 ;",0
22.470255,18.355669,146.1988,6.01,star A4IV,"HIP 6981 ;HD  9100 ;HR  432 ;BF  97    Psc ;",0
27.31479,47.896924,127.551,6.01,star A3V,"HIP 8475 ;HD  11031 ;HR  526 ;",0
28.9743,1.849982,39.8883,6.01,star F7V+...,"HIP 8998 ;HD  11803 ;HR  560 ;",0
31.70514,25.704553,268.8172,6.01,star B9IV-Vn,"HIP 9859 ;HD  12885 ;HR  615 ;BF  11    Ari ;",0
32.80023,25.936938,235.2941,6.01,star K4III,"HIP 10203 ;HD  13363 ;HR  633 ;BF  16    Ari ;",0
52.413075,-6.804458,118.7648,6.01,star G5,"HIP 16266 ;HD  21665 ;HR  1060 ;",0
54.698625,-27.943054,117.7856,6.01,star A0V,"HIP 17007 ;HD  22789 ;HR  1114 ;BF  Tau For ;",0
67.965645,15.85156,45.1671,6.01,star F4V...,"HIP 21137 ;HD  28677 ;HR  1432 ;BF  85    Tau ;",0
68.45073,9.413567,170.9402,6.01,star G8III,"HIP 21269 ;HD  28930 ;HR  1446 ;",0
69.12138,23.340855,47.5285,6.01,star F5IV,"HIP 21459 ;HD  29169 ;HR  1459 ;",0
91.593525,29.512414,225.2252,6.01,star M3II comp,"HIP 28930 ;HD  41429 ;HR  2146 ;",0
99.64761,-16.873547,149.4768,6.01,star A0IV,"HIP 31758 ;HD  47561 ;HR  2448 ;",0
105.27144,-58.939937,54.1419,6.01,star F0V,"HIP 33800 ;HD  53349 ;HR  2661 ;",0
105.964995,12.594242,581.3953,6.01,star K5,"HIP 34055 ;HD  52976 ;HR  2651 ;",0
115.14801,-8.18543,95.3289,6.01,star A3IV,"HIP 37394 ;HD  61749 ;HR  2958 ;",0
120.061245,-48.981509,101.3171,6.01,star A2V,"HIP 39122 ;HD  66210 ;HR  3148 ;",0
126.329175,-21.045956,35.1617,6.01,star F2/F3V,"HIP 41282 ;HD  71196 ;HR  3316 ;",0
127.21251,-9.748582,448.4305,6.01,star F2III,"HIP 41597 ;HD  71766 ;HR  3342 ;",0
133.57479,-5.434459,17.3853,6.01,star G3V,"HIP 43726 ;HD  76151 ;HR  3538 ;GL  Gl 327 ;",0
141.59295,-1.464078,211.8644,6.01,star K3III,"HIP 46288 ;HD  81567 ;HR  3741 ;",0
147.80847,-4.24335,63.5728,6.01,star A8III,"HIP 48341 ;HD  85364 ;HR  3899 ;BF  6    Sex ;",0
154.820295,-12.528132,65.6599,6.01,star A8III,"HIP 50536 ;HD  89455 ;HR  4055 ;",0
155.12985,54.216839,162.6016,6.01,star K3III:,"HIP 50635 ;HD  89414 ;HR  4052 ;",0
156.912465,9.762396,129.199,6.01,star A0sp...,"HIP 51213 ;HD  90569 ;HR  4101 ;BF  45    Leo ;",0
159.06942,-16.344326,232.0186,6.01,star M1III,"HIP 51905 ;HD  91880 ;HR  4156 ;BF  Phi2Hya ;",0
166.13016,38.241365,78.8644,6.01,star A3III-IV,"HIP 54136 ;HD  95934 ;HR  4309 ;BF  51    UMa ;",0
182.692065,27.281505,89.0472,6.01,star A4Vn,"HIP 59364 ;HD  105805 ;HR  4633 ;",0
195.13611,-33.505267,41.5282,6.01,star F3V,"HIP 63490 ;HD  112935 ;HR  4922 ;",0
195.446055,63.610225,36.8868,6.01,star F6V,"HIP 63584 ;HD  113337 ;HR  4934 ;",0
197.411085,37.423146,106.4963,6.01,star K3III,"HIP 64212 ;HD  114357 ;HR  4964 ;",0
199.767735,35.127978,63.012,6.01,star F0IV,"HIP 64979 ;HD  115810 ;HR  5025 ;",0
203.01171,-18.72888,76.5697,6.01,star A7IV/V,"HIP 66015 ;HD  117661 ;HR  5094 ;BF  73    Vir ;",0
209.66628,14.649275,170.9402,6.01,star K5III,"HIP 68279 ;HD  121980 ;HR  5254 ;",0
217.68912,4.772286,212.766,6.01,star K4III,"HIP 70949 ;HD  127337 ;HR  5424 ;",0
231.91197,25.101626,244.4988,6.01,star M1III,"HIP 75674 ;HD  137853 ;HR  5745 ;",0
236.871525,-37.916312,15.3539,6.01,star G6IV,"HIP 77358 ;HD  140901 ;HR  5864 ;GL  Gl 599A ;",0
261.57921,7.59565,204.499,6.01,star A0...,"HIP 85333 ;HD  157978 ;HR  6497 ;",0
265.24395,-32.214464,241.5459,6.01,star K3III + (G),"HIP 86527 ;HD  160371 ;",0
268.01967,39.982089,203.666,6.01,star K4III,"HIP 87445 ;HD  162989 ;HR  6673 ;",0
270.15156,33.213682,256.4103,6.01,star K6III,"HIP 88190 ;HD  164614 ;HR  6726 ;",0
274.966965,29.666392,183.1502,6.01,star K4III,"HIP 89827 ;HD  168694 ;HR  6867 ;",0
300.349365,-22.737307,107.6426,6.01,star K0III,"HIP 98575 ;HD  189561 ;HR  7643 ;",0
303.13218,51.463565,106.1571,6.01,star K1III:,"HIP 99579 ;HD  192439 ;HR  7726 ;",0
310.31754,14.58288,155.521,6.01,star K4III:,"HIP 102080 ;HD  197121 ;HR  7918 ;BF  10    Del ;",0
312.40737,12.545128,30.6185,6.01,star F5V,"HIP 102805 ;HD  198390 ;HR  7973 ;BF  15    Del ;",0
315.3036,36.02601,191.9386,6.01,star G5III,"HIP 103734 ;HD  200253 ;HR  8051 ;",0
321.687345,52.898537,137.3626,6.01,star B6V,"HIP 105891 ;HD  204428 ;HR  8218 ;",0
338.26155,69.913545,77.7001,6.01,star A9III,"HIP 111314 ;HD  213973 ;HR  8595 ;",0
343.265745,60.101029,389.1051,6.01,star K2V:,"HIP 112998 ;HD  216595 ;HR  8707 ;",0
358.88949,47.355804,434.7826,6.01,star G8Ib,"HIP 117956 ;HD  224165 ;HR  9053 ;",0
359.265135,42.658232,322.5806,6.01,star F8III,"HIP 118071 ;HD  224342 ;HR  9057 ;",0
3.745155,8.820962,77.7605,6.02,star F0IV,"HIP 1196 ;HD  1061 ;HR  50 ;BF  35    Psc ;",0
29.63844,61.697788,223.7136,6.02,star B5III,"HIP 9220 ;HD  11857 ;HR  561 ;",0
47.612685,26.896233,141.844,6.02,star K3III,"HIP 14748 ;HD  19637 ;HR  946 ;",0
61.92492,15.162788,43.63,6.02,star F3V,"HIP 19261 ;HD  26015 ;HR  1279 ;",0
75.393855,-39.718046,111.8568,6.02,star G8III,"HIP 23377 ;HD  32453 ;HR  1631 ;",0
77.578365,37.301854,485.4369,6.02,star B2II: comp,"HIP 24072 ;HD  33203 ;HR  1669 ;",0
81.74922,-68.622544,77.8816,6.02,star F0IV/V,"HIP 25482 ;HD  36584 ;HR  1859 ;",0
99.888,28.263134,258.3979,6.02,star B7III,"HIP 31852 ;HD  47395 ;HR  2438 ;BF  54    Aur ;",0
104.76189,38.052317,256.4103,6.02,star K2III,"HIP 33614 ;HD  51440 ;HR  2600 ;BF  62    Aur ;",0
108.617715,-10.316245,869.5652,6.02,star B0III,"HIP 34999 ;HD  55879 ;HR  2739 ;",0
109.15983,-23.31094,92.9368,6.02,star A5m...,"HIP 35213 ;HD  56578 ;",0
116.325195,-43.752566,251.8892,6.02,star B6IV,"HIP 37823 ;HD  63118 ;HR  3020 ;",0
118.94412,-43.845054,621.118,6.02,star B6V,"HIP 38732 ;HD  65211 ;HR  3101 ;",0
120.426975,60.324353,98.7167,6.02,star A2p...,"HIP 39261 ;HD  65339 ;HR  3109 ;BF  53    Cam ;",0
126.178215,42.005242,294.9853,6.02,star K5III,"HIP 41224 ;HD  70647 ;HR  3287 ;",0
133.26579,-56.649485,92.4214,6.02,star A0V,"HIP 43620 ;HD  76346 ;HR  3549 ;",0
138.82353,-58.388377,181.8182,6.02,star B7IV,"HIP 45418 ;HD  80094 ;HR  3691 ;",0
139.01679,-44.898723,100000,6.02,star A1Ib+...,"HIP 45481 ;HD  80057 ;HR  3688 ;",0
148.050675,2.454131,202.8398,6.02,star A0Vs,"HIP 48414 ;HD  85504 ;HR  3906 ;BF  7    Sex ;",0
153.62397,21.168058,56.8182,6.02,star F9V,"HIP 50174 ;HD  88737 ;HR  4012 ;GL  NN 3589 ;",0
160.54695,31.696998,248.7562,6.02,star M2III,"HIP 52366 ;HD  92620 ;HR  4184 ;",0
170.71353,64.330513,86.8056,6.02,star A3V,"HIP 55564 ;HD  98772 ;HR  4391 ;",0
176.05485,25.218327,787.4016,6.02,star K5III,"HIP 57240 ;HD  101980 ;HR  4512 ;",0
186.853485,-63.788986,203.252,6.02,star B8IV,"HIP 60771 ;HD  108355 ;HR  4736 ;",0
190.391385,62.713039,160,6.02,star A2III,"HIP 61936 ;HD  110462 ;HR  4833 ;BF  76    UMa ;",0
190.45584,-19.759092,62.0347,6.02,star F2V,"HIP 61951 ;HD  110385 ;HR  4827 ;",0
192.903705,3.056788,183.4862,6.02,star K4III:,"HIP 62757 ;HD  111765 ;HR  4878 ;BF  37    Vir ;",0
205.97826,52.064413,96.0615,6.02,star A1V,"HIP 67005 ;HD  119765 ;HR  5169 ;",0
212.11485,-74.850285,28.4981,6.02,star G1V,"HIP 69090 ;HD  122862 ;HR  5279 ;GL  Gl 539.1 ;",0
218.66043,36.626064,155.521,6.02,star K5III,"HIP 71277 ;HD  128198 ;HR  5448 ;",0
228.14166,-72.770599,300.3003,6.02,star B8/B9III,"HIP 74421 ;HD  133981 ;HR  5628 ;",0
235.655115,-49.489553,188.6792,6.02,star K2III,"HIP 76935 ;HD  139871 ;HR  5832 ;",0
243.63942,73.394891,203.252,6.02,star A3V,"HIP 79601 ;HD  147321 ;HR  6088 ;",0
250.84218,-67.432386,100.6036,6.02,star A0Vn,"HIP 81873 ;HD  150026 ;HR  6182 ;",0
250.965405,34.038803,53.3333,6.02,star F2.5III-IV,"HIP 81911 ;HD  151087 ;HR  6222 ;",0
251.373645,1.020161,153.1394,6.02,star B9.5III,"HIP 82037 ;HD  151133 ;HR  6224 ;BF  16    Oph ;",0
277.44483,-14.581987,104.8218,6.02,star Ap,"HIP 90651 ;HD  170397 ;HR  6932 ;",0
277.76229,-41.913834,67.8426,6.02,star A3V,"HIP 90759 ;HD  170384 ;HR  6931 ;",0
279.52698,39.668326,526.3158,6.02,star M4.5II,"HIP 91373 ;HD  172380 ;HR  7009 ;",0
281.076105,61.048143,109.529,6.02,star G7IV,"HIP 91915 ;HD  173949 ;HR  7075 ;",0
288.15306,21.554572,235.8491,6.02,star A2Vn,"HIP 94382 ;HD  179648 ;HR  7286 ;",0
289.214115,46.999102,42.0345,6.02,star F6IV:,"HIP 94755 ;HD  181096 ;HR  7322 ;",0
310.074525,60.505264,32.9056,6.02,star F6IV,"HIP 102011 ;HD  197373 ;HR  7925 ;",0
310.151145,29.805552,74.239,6.02,star A2V,"HIP 102033 ;HD  197120 ;HR  7917 ;",0
322.584675,52.957998,158.4786,6.02,star A3V,"HIP 106171 ;HD  204965 ;HR  8237 ;",0
326.37006,-71.008849,227.7904,6.02,star B8IV,"HIP 107423 ;HD  206399 ;HR  8286 ;",0
330.10098,-55.883486,166.6667,6.02,star B9IV/V,"HIP 108626 ;HD  208796 ;HR  8381 ;",0
352.86228,-44.843579,104.9318,6.02,star K0III,"HIP 116097 ;HD  221323 ;HR  8929 ;",0
11.545035,44.861497,131.0616,6.03,star B9.5IIIMNp.,"HIP 3604 ;HD  4335 ;HR  205 ;",0
16.21932,5.656262,199.6008,6.03,star K5III,"HIP 5074 ;HD  6386 ;HR  307 ;BF  73    Psc ;",0
23.811975,-58.139475,40.1929,6.03,star F2V,"HIP 7387 ;HD  9896 ;HR  460 ;",0
43.0791,-62.909583,163.6661,6.03,star K1III,"HIP 13387 ;HD  18185 ;HR  866 ;",0
49.49592,-66.926853,54.9451,6.03,star A3V,"HIP 15353 ;HD  20888 ;HR  1014 ;",0
51.04221,12.62959,140.4494,6.03,star K0III-IV,"HIP 15850 ;HD  21051 ;HR  1028 ;",0
52.11069,22.804006,64.433,6.03,star K0IV,"HIP 16181 ;HD  21467 ;HR  1048 ;BF  66    Ari ;",0
75.40014,61.077996,35.5999,6.03,star F4V,"HIP 23380 ;HD  31662 ;HR  1593 ;",0
78.47223,-52.030755,189.0359,6.03,star K3III,"HIP 24384 ;HD  34347 ;HR  1727 ;",0
84.36399,-5.938391,408.1633,6.03,star B1Vvar,"HIP 26427 ;HD  37303 ;HR  1918 ;",0
87.093195,20.869481,167.5042,6.03,star B9Vn,"HIP 27421 ;HD  38670 ;HR  1997 ;",0
89.23383,24.249689,100000,6.03,star A0Ia,"HIP 28154 ;HD  39970 ;HR  2074 ;",0
97.06035,70.53532,177.9359,6.03,star A4V,"HIP 30794 ;HD  44472 ;HR  2285 ;",0
99.257865,-38.146506,110.3753,6.03,star K0III,"HIP 31617 ;HD  47463 ;HR  2444 ;",0
103.26474,35.787995,293.2551,6.03,star K3III:,"HIP 33044 ;HD  50056 ;HR  2542 ;",0
103.74549,-2.803588,334.4482,6.03,star G6III:,"HIP 33243 ;HD  50890 ;HR  2582 ;",0
104.30472,57.563287,247.5248,6.03,star K3III,"HIP 33444 ;HD  50551 ;HR  2561 ;",0
108.00825,-63.190059,147.7105,6.03,star A0IV/V,"HIP 34780 ;HD  56239 ;HR  2754 ;",0
117.773865,54.12924,29.6033,6.03,star F6V,"HIP 38325 ;HD  63332 ;HR  3028 ;",0
117.986565,19.325085,138.8889,6.03,star K1III:,"HIP 38394 ;HD  63889 ;HR  3053 ;",0
119.316165,8.64122,103.1992,6.03,star K0III,"HIP 38868 ;HD  65066 ;HR  3097 ;",0
123.24888,16.51432,147.4926,6.03,star G8III,"HIP 40231 ;HD  68461 ;HR  3222 ;",0
126.151815,-4.717,63.3714,6.03,star F2V,"HIP 41214 ;HD  70937 ;HR  3295 ;",0
131.12505,-65.825429,58.6166,6.03,star A9V,"HIP 42895 ;HD  75171 ;HR  3495 ;",0
164.060475,42.008155,95.511,6.03,star K2III,"HIP 53465 ;HD  94669 ;HR  4264 ;",0
165.08625,42.911724,44.3459,6.03,star F9V,"HIP 53791 ;HD  95241 ;HR  4285 ;",0
185.945955,42.542743,95.1475,6.03,star F3IV,"HIP 60467 ;HD  107904 ;HR  4715 ;BF  4    CVn ;",0
186.312945,23.926202,145.9854,6.03,star K0III,"HIP 60599 ;HD  108123 ;HR  4725 ;",0
215.8344,-50.772252,311.5265,6.03,star K2III,"HIP 70325 ;HD  125810 ;HR  5377 ;",0
219.444135,-67.932012,27.894,6.03,star F7V,"HIP 71530 ;HD  128020 ;HR  5443 ;GL  Gl 558.1 ;",0
226.83486,18.441825,72.2022,6.03,star A3V,"HIP 74000 ;HD  134064 ;HR  5633 ;",0
243.320715,-53.671171,490.1961,6.03,star M0III,"HIP 79490 ;HD  145384 ;HR  6022 ;",0
252.112395,-14.909421,151.2859,6.03,star A0IV/V,"HIP 82259 ;HD  151527 ;HR  6235 ;",0
259.97229,-17.756543,115.2074,6.03,star A0V,"HIP 84792 ;HD  156717 ;HR  6435 ;",0
268.24002,-35.624314,63.3312,6.03,star F2V,"HIP 87532 ;HD  162517 ;HR  6653 ;",0
269.67633,36.287797,113.2503,6.03,star G5III:,"HIP 88020 ;HD  164280 ;HR  6711 ;",0
274.40103,-34.107258,341.2969,6.03,star B3/B4IV/V,"HIP 89637 ;HD  167647 ;HR  6833 ;",0
288.761205,20.203123,208.7683,6.03,star G8III,"HIP 94598 ;HD  180242 ;HR  7299 ;",0
289.971105,11.534965,81.4996,6.03,star A2V,"HIP 95002 ;HD  181383 ;HR  7332 ;BF  29Ome2Aql ;",0
291.125745,-27.865945,273.224,6.03,star B2Vnn,"HIP 95408 ;HD  182180 ;HR  7355 ;",0
293.951265,36.944539,184.8429,6.03,star B8Vn,"HIP 96387 ;HD  185037 ;HR  7457 ;BF  11    Cyg ;",0
299.183925,36.250599,318.4713,6.03,star B5IV,"HIP 98143 ;HD  189066 ;HR  7620 ;",0
307.57485,10.895924,227.7904,6.03,star A1sh,"HIP 101160 ;HD  195325 ;HR  7836 ;BF  1    Del ;",0
339.89304,37.592817,305.8104,6.03,star G3Ib-IICNe.,"HIP 111869 ;HD  214714 ;HR  8626 ;",0
343.40778,-48.598286,32.6158,6.03,star G3IV,"HIP 113044 ;HD  216435 ;HR  8700 ;GL  Wo 9802 ;BF  Tau1Gru ;",0
358.66065,-40.300062,27.7008,6.03,star F8IV,"HIP 117880 ;HD  224022 ;HR  9046 ;",0
358.891005,57.412168,100000,6.03,star B0.5IIv SB,"HIP 117957 ;HD  224151 ;HR  9052 ;",0
8.888865,-54.821873,70.7714,6.04,star K0IV,"HIP 2789 ;HD  3303 ;HR  148 ;",0
12.818265,61.805494,100000,6.04,star K5Ib,"HIP 3988 ;HD  4817 ;HR  237 ;",0
18.676635,6.995136,159.2357,6.04,star G6III:,"HIP 5824 ;HD  7446 ;HR  367 ;BF  88    Psc ;",0
19.07883,33.11472,106.7236,6.04,star K1III,"HIP 5936 ;HD  7578 ;HR  371 ;",0
30.737655,77.916263,295.858,6.04,star K0,"HIP 9568 ;HD  12005 ;HR  572 ;",0
41.337105,4.711629,49.0918,6.04,star F0III:,"HIP 12862 ;HD  17163 ;HR  816 ;",0
71.48109,-39.356619,97.2763,6.04,star K1III,"HIP 22144 ;HD  30432 ;HR  1526 ;",0
72.18594,3.588526,210.5263,6.04,star K1III,"HIP 22354 ;HD  30545 ;HR  1534 ;",0
76.227195,-3.039675,357.1429,6.04,star B5IV,"HIP 23643 ;HD  32686 ;HR  1646 ;",0
76.65309,-13.122622,113.6364,6.04,star B9.5/A0IV,"HIP 23777 ;HD  32996 ;HR  1661 ;",0
83.90058,-78.820839,261.7801,6.04,star B8III,"HIP 26264 ;HD  38602 ;HR  1991 ;BF  Iot Men ;",0
85.149615,31.358197,190.4762,6.04,star B9.5III-IVp,"HIP 26712 ;HD  37519 ;HR  1938 ;",0
86.862045,-10.532958,204.918,6.04,star A4V,"HIP 27341 ;HD  38735 ;HR  2001 ;",0
88.167045,33.917462,236.4066,6.04,star M2II:,"HIP 27778 ;HD  39225 ;HR  2028 ;",0
90.251895,27.572362,704.2254,6.04,star B9Iab,"HIP 28500 ;HD  40589 ;HR  2111 ;",0
90.304575,-25.417763,109.8901,6.04,star A0V,"HIP 28520 ;HD  40972 ;HR  2129 ;",0
90.702495,49.905678,130.2083,6.04,star B9.5IV,"HIP 28637 ;HD  40626 ;HR  2112 ;",0
92.86629,13.638561,132.1004,6.04,star A0Vnn,"HIP 29371 ;HD  42477 ;HR  2191 ;",0
94.703295,-15.024954,175.1313,6.04,star M1III:,"HIP 29993 ;HD  44021 ;HR  2268 ;",0
101.34735,-23.462432,145.9854,6.04,star K2III,"HIP 32368 ;HD  49001 ;HR  2495 ;",0
111.333225,-21.982591,100000,6.04,star A6II,"HIP 36017 ;HD  58585 ;HR  2839 ;",0
124.95777,3.948032,168.6341,6.04,star G8III,"HIP 40818 ;HD  70013 ;HR  3269 ;",0
128.555625,8.452339,57.7367,6.04,star F3IV,"HIP 42049 ;HD  72617 ;HR  3380 ;",0
135.092745,-43.173991,320.5128,6.04,star B3Vne,"HIP 44213 ;HD  77320 ;HR  3593 ;",0
137.586915,21.996415,112.8668,6.04,star G8III,"HIP 45033 ;HD  78715 ;HR  3640 ;BF  79    Cnc ;",0
137.66166,30.963139,143.472,6.04,star M6S,"HIP 45058 ;HD  78712 ;HR  3639 ;",0
140.12364,-37.581688,156.7398,6.04,star K3/K4III,"HIP 45814 ;HD  80774 ;HR  3716 ;",0
157.95285,-28.237103,42.6985,6.04,star F6/F7V,"HIP 51551 ;HD  91280 ;HR  4130 ;",0
157.986015,-45.06966,194.5525,6.04,star B4,"HIP 51560 ;HD  91356 ;HR  4136 ;",0
159.710055,-12.443618,111.3586,6.04,star A0Vn,"HIP 52113 ;HD  92245 ;HR  4172 ;",0
179.79528,-51.696761,314.4654,6.04,star K1/K2II,"HIP 58453 ;HD  104081 ;HR  4582 ;",0
199.82913,-72.035603,170.068,6.04,star K3III,"HIP 64994 ;HD  115439 ;HR  5012 ;",0
206.805855,-9.709455,186.5672,6.04,star K5III,"HIP 67271 ;HD  120033 ;HR  5178 ;",0
219.580665,-38.794184,221.2389,6.04,star K3III,"HIP 71581 ;HD  128488 ;HR  5456 ;",0
233.97237,11.265656,221.2389,6.04,star K0III:,"HIP 76372 ;HD  139087 ;HR  5796 ;",0
239.028495,-39.864364,173.3102,6.04,star B9V,"HIP 78046 ;HD  142448 ;HR  5918 ;",0
239.76828,49.881043,48.9956,6.04,star F0IV,"HIP 78286 ;HD  143584 ;HR  5964 ;",0
245.017815,21.13261,98.1354,6.04,star G8II,"HIP 80021 ;HD  147266 ;HR  6087 ;",0
254.83974,56.688594,93.1099,6.04,star K1III:,"HIP 83138 ;HD  153956 ;HR  6330 ;",0
262.954575,-46.036783,446.4286,6.04,star F8/G0Ib,"HIP 85788 ;HD  158476 ;HR  6513 ;",0
264.15309,30.785179,69.6379,6.04,star A5V,"HIP 86178 ;HD  160054 ;HR  6570 ;",0
273.270075,38.773493,203.252,6.04,star B9IIIn,"HIP 89279 ;HD  167370 ;HR  6826 ;",0
280.90044,36.556605,139.47,6.04,star G8,"HIP 91852 ;HD  173416 ;HR  7043 ;",0
281.29797,-61.095196,354.6099,6.04,star K3III,"HIP 92008 ;HD  172630 ;HR  7015 ;",0
282.431985,-72.995722,215.9827,6.04,star B9.5IV/V,"HIP 92394 ;HD  172881 ;HR  7027 ;",0
285.23001,33.802158,118.2033,6.04,star K0III:,"HIP 93354 ;HD  176896 ;HR  7204 ;",0
295.964385,34.162724,331.1258,6.04,star B8III,"HIP 97087 ;HD  186568 ;HR  7512 ;",0
297.298335,-28.788972,46.4253,6.04,star F3V,"HIP 97515 ;HD  187098 ;HR  7538 ;",0
297.7548,-65.605087,57.9039,6.04,star F2III-IV,"HIP 97674 ;HD  186786 ;HR  7524 ;",0
313.91949,4.532723,141.6431,6.04,star G6III-IV,"HIP 103301 ;HD  199223 ;HR  8010 ;",0
315.43866,-26.880993,92.9368,6.04,star A3V,"HIP 103777 ;HD  200052 ;HR  8045 ;",0
333.107325,-14.193957,42.0521,6.04,star F0V,"HIP 109624 ;HD  210705 ;HR  8462 ;BF  39    Aqr ;",0
335.752125,62.419357,227.7904,6.04,star A1V,"HIP 110498 ;HD  212495 ;HR  8537 ;",0
343.664715,-70.073709,26.7451,6.04,star G4IV-V,"HIP 113137 ;HD  216437 ;HR  8701 ;BF  Rho Ind ;",0
350.209005,-50.306559,86.2069,6.04,star Fm...,"HIP 115272 ;HD  220003 ;HR  8877 ;",0
7.052925,16.445065,233.6449,6.05,star K5III,"HIP 2224 ;HD  2436 ;HR  106 ;BF  48    Psc ;",0
7.08354,10.189848,36.5497,6.05,star F6Vawvar,"HIP 2235 ;HD  2454 ;HR  107 ;",0
10.67871,-38.463483,145.1379,6.05,star B9.5V,"HIP 3356 ;HD  4065 ;HR  185 ;BF  Lam1Scl ;",0
26.944365,-80.176311,61.8429,6.05,star F0III,"HIP 8366 ;HD  11604 ;HR  550 ;BF  Tau2Hyi ;",0
32.35593,81.295945,70.5716,6.05,star A1V,"HIP 10054 ;HD  12467 ;HR  597 ;",0
33.51033,47.484241,39.5883,6.05,star F5V,"HIP 10403 ;HD  13594 ;HR  647 ;",0
33.621255,66.524428,218.8184,6.05,star B9V+...,"HIP 10438 ;HD  13474 ;HR  640 ;BF  55    Cas ;",0
43.13385,-12.769714,10.352,6.05,star K1V,"HIP 13402 ;HD  17925 ;HR  857 ;GL  Gl 117 ;",0
44.13876,47.164006,319.4888,6.05,star K3III:,"HIP 13713 ;HD  18155 ;HR  865 ;",0
46.158615,1.863604,131.9261,6.05,star K0III,"HIP 14315 ;HD  19121 ;HR  926 ;",0
57.47946,22.244151,112.8668,6.05,star B8III,"HIP 17921 ;HD  23950 ;HR  1185 ;",0
59.26587,23.17555,208.7683,6.05,star B9.5IV,"HIP 18485 ;HD  24769 ;HR  1221 ;BF  33    Tau ;",0
59.6787,-57.10236,61.3874,6.05,star F2IV,"HIP 18592 ;HD  25346 ;HR  1245 ;",0
63.43671,72.126147,144.9275,6.05,star K1III,"HIP 19730 ;HD  26076 ;HR  1281 ;",0
69.59058,-77.656003,157.7287,6.05,star K2III,"HIP 21611 ;HD  30479 ;HR  1531 ;",0
75.58248,74.269368,208.7683,6.05,star K5III,"HIP 23442 ;HD  31312 ;HR  1572 ;",0
80.32026,-34.345051,440.5286,6.05,star B5II/III,"HIP 25007 ;HD  35165 ;HR  1772 ;",0
85.75695,56.581522,59.1716,6.05,star K0III,"HIP 26942 ;HD  37601 ;HR  1941 ;BF  24    Cam ;",0
94.264965,-22.715229,40.2576,6.05,star F8/G0V,"HIP 29843 ;HD  43745 ;HR  2254 ;",0
95.51481,59.372099,152.207,6.05,star A3V,"HIP 30272 ;HD  43812 ;HR  2257 ;BF  4    Lyn ;",0
96.38724,23.327169,150.6024,6.05,star A2Vn,"HIP 30570 ;HD  44927 ;HR  2304 ;",0
96.7974,-25.856496,29.8686,6.05,star F8/G0V,"HIP 30711 ;HD  45588 ;HR  2349 ;GL  Wo 9212A ;",0
99.350175,6.135382,100000,6.05,star O8e,"HIP 31646 ;HD  47129 ;HR  2422 ;",0
99.90093,-23.695662,208.3333,6.05,star A0V,"HIP 31859 ;HD  47827 ;HR  2455 ;",0
103.39134,-28.539794,25.8933,6.05,star G3/G5V,"HIP 33094 ;HD  50806 ;HR  2576 ;GL  Wo 9219 ;",0
112.341105,-14.998657,35.0877,6.05,star F5V,"HIP 36395 ;HD  59438 ;HR  2868 ;",0
115.6815,34.000218,59.8086,6.05,star F7V,"HIP 37580 ;HD  61859 ;HR  2962 ;",0
117.918165,-42.888202,641.0256,6.05,star B2IV,"HIP 38370 ;HD  64365 ;HR  3078 ;",0
119.631135,16.51868,367.6471,6.05,star K0,"HIP 38975 ;HD  65257 ;HR  3104 ;",0
119.896065,13.242166,99.8004,6.05,star K2,"HIP 39067 ;HD  65522 ;HR  3115 ;",0
126.605085,-52.8075,69.4444,6.05,star A0V,"HIP 41373 ;HD  71722 ;HR  3341 ;",0
127.15326,24.144934,136.612,6.05,star F0Vn,"HIP 41574 ;HD  71496 ;HR  3329 ;BF  28    Cnc ;",0
130.801215,-79.070082,92.8505,6.05,star A7V,"HIP 42794 ;HD  75747 ;HR  3524 ;",0
137.92056,-39.258845,334.4482,6.05,star B5III,"HIP 45127 ;HD  79241 ;HR  3656 ;",0
140.99724,-51.73708,100000,6.05,star A7Iab,"HIP 46093 ;HD  81471 ;HR  3739 ;",0
141.067845,-39.425502,149.0313,6.05,star A6/A7III,"HIP 46114 ;HD  81411 ;HR  3737 ;",0
141.68394,-64.929701,69.7837,6.05,star A3Vn,"HIP 46328 ;HD  82068 ;HR  3761 ;",0
147.16677,-56.41189,101.626,6.05,star K0III,"HIP 48119 ;HD  85250 ;HR  3895 ;",0
149.53179,8.313979,137.931,6.05,star K3III,"HIP 48876 ;HD  86369 ;HR  3938 ;",0
153.45711,27.135819,157.2327,6.05,star G5III-IV,"HIP 50109 ;HD  88639 ;HR  4006 ;",0
157.18317,-3.742385,79.2393,6.05,star A1sp...,"HIP 51302 ;HD  90763 ;HR  4109 ;",0
162.473865,27.973948,86.6551,6.05,star F5V,"HIP 52959 ;HD  93765 ;HR  4230 ;BF  44    LMi ;",0
170.8248,0.13205,193.4236,6.05,star K3,"HIP 55595 ;HD  98960 ;HR  4394 ;",0
173.311755,-16.280381,124.533,6.05,star F8/G0Ib/II,"HIP 56364 ;HD  100418 ;HR  4451 ;",0
175.97967,-6.677162,123.6094,6.05,star G8III:,"HIP 57214 ;HD  101933 ;HR  4510 ;",0
177.31161,16.242882,62.9723,6.05,star A3m,"HIP 57646 ;HD  102660 ;HR  4535 ;",0
178.54794,-57.410198,473.9336,6.05,star A0/A1III,"HIP 58041 ;HD  103400 ;HR  4556 ;",0
180.58602,-85.631757,113.7656,6.05,star K3III,"HIP 58697 ;HD  104555 ;HR  4595 ;",0
183.195945,-70.151787,502.5126,6.05,star F6Ib,"HIP 59551 ;HD  106111 ;HR  4645 ;",0
184.263885,-16.693736,134.9528,6.05,star A2V,"HIP 59895 ;HD  106819 ;HR  4670 ;",0
187.080375,-64.340989,97.9432,6.05,star A0Vn,"HIP 60851 ;HD  108501 ;HR  4744 ;",0
187.83924,7.604309,246.3054,6.05,star K5,"HIP 61103 ;HD  108985 ;HR  4770 ;",0
197.743515,-52.566897,115.7407,6.05,star Ap,"HIP 64320 ;HD  114365 ;HR  4965 ;",0
208.56939,-28.56959,64.8508,6.05,star K2III,"HIP 67890 ;HD  121156 ;HR  5228 ;",0
221.806875,-21.324871,505.0505,6.05,star K4/K5III,"HIP 72310 ;HD  130157 ;HR  5513 ;",0
229.043595,-43.484997,632.9114,6.05,star B3IV,"HIP 74716 ;HD  135348 ;HR  5668 ;",0
234.675735,-39.127734,146.8429,6.05,star A4:m...,"HIP 76608 ;HD  139271 ;HR  5807 ;",0
237.210075,-52.438256,200.4008,6.05,star K2/K3III,"HIP 77454 ;HD  140979 ;HR  5865 ;",0
249.506475,-6.538014,113.2503,6.05,star A0pe...,"HIP 81440 ;HD  149911 ;HR  6179 ;",0
250.94832,-38.156346,162.0746,6.05,star B9II/III,"HIP 81904 ;HD  150608 ;HR  6210 ;",0
254.717745,-37.620508,96.7118,6.05,star A3III,"HIP 83100 ;HD  153072 ;HR  6298 ;",0
255.243525,-86.364297,192.3077,6.05,star A2V,"HIP 83255 ;HD  148542 ;HR  6139 ;",0
262.934895,-26.269709,119.6172,6.05,star B9II/III,"HIP 85783 ;HD  158704 ;HR  6520 ;",0
264.98967,31.20247,193.4236,6.05,star M2III,"HIP 86462 ;HD  160677 ;HR  6584 ;",0
268.2051,-34.114833,190.1141,6.05,star K1III,"HIP 87516 ;HD  162496 ;HR  6651 ;",0
268.783455,-36.475645,300.3003,6.05,star B9.5III,"HIP 87722 ;HD  162926 ;HR  6671 ;",0
273.87819,-18.661577,436.6812,6.05,star Ap Si,"HIP 89470 ;HD  167356 ;HR  6825 ;",0
286.87851,-28.6368,389.1051,6.05,star K3III,"HIP 93925 ;HD  177846 ;HR  7240 ;",0
304.930275,-1.078514,120.4819,6.05,star K0,"HIP 100232 ;HD  193329 ;HR  7768 ;",0
316.727445,38.742055,3.498,6.05,star K7V,"HIP 104217 ;HD  201092 ;HR  8086 ;GL  Gl 820B ;BF  61    Cyg ;",0
318.777585,-17.345138,111.1111,6.05,star K0III,"HIP 104914 ;HD  202261 ;HR  8122 ;",0
320.34141,32.612733,186.5672,6.05,star A1V,"HIP 105432 ;HD  203439 ;HR  8169 ;",0
9.02859,-22.842333,48.8759,6.06,star A5m...,"HIP 2852 ;HD  3326 ;HR  151 ;",0
10.400145,24.629008,126.7427,6.06,star A7m,"HIP 3269 ;HD  3883 ;HR  178 ;",0
11.131605,-62.497591,87.6424,6.06,star F5III/IV,"HIP 3489 ;HD  4294 ;HR  199 ;",0
15.954285,1.366846,60.1323,6.06,star F1V,"HIP 4979 ;HD  6288 ;HR  301 ;BF  26    Cet ;",0
44.50971,38.614926,180.1802,6.06,star K3III,"HIP 13832 ;HD  18339 ;HR  876 ;",0
46.337565,40.582181,124.533,6.06,star K0III,"HIP 14365 ;HD  19066 ;HR  923 ;",0
56.026785,48.523656,312.5,6.06,star K4III,"HIP 17437 ;HD  23049 ;HR  1127 ;",0
63.757485,57.460361,429.1845,6.06,star A4III,"HIP 19823 ;HD  26553 ;HR  1296 ;",0
66.587925,8.590269,198.0198,6.06,star B6IV,"HIP 20715 ;HD  28114 ;HR  1397 ;",0
68.342025,-10.785333,227.7904,6.06,star K0,"HIP 21239 ;HD  28970 ;HR  1447 ;",0
72.56742,-41.320848,52.5486,6.06,star F1III-IV,"HIP 22488 ;HD  30985 ;HR  1557 ;",0
73.713495,44.060861,95.6023,6.06,star A0V,"HIP 22842 ;HD  31069 ;HR  1558 ;",0
109.758,-19.280304,100000,6.06,star F2Ia,"HIP 35442 ;HD  57118 ;HR  2785 ;",0
114.75135,-53.273357,191.9386,6.06,star B9IV-Vp...,"HIP 37248 ;HD  61966 ;HR  2971 ;",0
116.37138,-14.690537,77.821,6.06,star A6/A7,"HIP 37843 ;HD  62864 ;HR  3010 ;BF  2    Pup ;",0
117.759825,33.233653,70.4722,6.06,star A2m,"HIP 38319 ;HD  63589 ;HR  3040 ;",0
149.427495,-48.414075,549.4505,6.06,star B3V,"HIP 48835 ;HD  86523 ;HR  3943 ;",0
155.75187,6.542643,71.1238,6.06,star K3III,"HIP 50851 ;HD  89962 ;HR  4077 ;BF  43    Leo ;",0
165.169965,-31.839368,31.3873,6.06,star F8V,"HIP 53818 ;HD  95456 ;HR  4298 ;",0
169.329285,-67.823515,746.2687,6.06,star M2III,"HIP 55140 ;HD  98292 ;HR  4379 ;",0
184.276425,-65.692958,95.9693,6.06,star A0V,"HIP 59898 ;HD  106797 ;HR  4669 ;",0
190.707405,-55.947001,108.4599,6.06,star B9V,"HIP 62026 ;HD  110461 ;HR  4832 ;",0
199.187445,-65.138259,38.7297,6.06,star F5V,"HIP 64790 ;HD  115149 ;HR  5000 ;",0
200.719215,-72.146712,280.8989,6.06,star B6V,"HIP 65289 ;HD  115967 ;HR  5030 ;",0
217.404405,-76.729083,150.8296,6.06,star K0/K1III,"HIP 70874 ;HD  126209 ;HR  5389 ;",0
217.456965,31.791188,110.1322,6.06,star A0Vs,"HIP 70892 ;HD  127304 ;HR  5422 ;",0
219.795405,-46.58448,35.0018,6.06,star F7V,"HIP 71639 ;HD  128582 ;HR  5457 ;",0
221.29878,-1.417529,289.0173,6.06,star M1III,"HIP 72122 ;HD  129902 ;HR  5496 ;",0
224.128605,-32.636784,195.3125,6.06,star K3III,"HIP 73107 ;HD  131774 ;HR  5562 ;",0
243.722625,-25.476976,148.8095,6.06,star B8V,"HIP 79622 ;HD  146001 ;HR  6054 ;",0
246.708645,2.347944,142.8571,6.06,star G8III,"HIP 80558 ;HD  148287 ;HR  6124 ;",0
253.759005,25.730681,136.7989,6.06,star G5III,"HIP 82780 ;HD  152863 ;HR  6292 ;BF  56    Her ;",0
255.991845,13.56742,97.9432,6.06,star K1III,"HIP 83504 ;HD  154278 ;HR  6342 ;",0
257.056875,-1.079476,89.5255,6.06,star A3V,"HIP 83853 ;HD  154895 ;HR  6367 ;",0
274.253835,-51.068271,121.8027,6.06,star B9V,"HIP 89597 ;HD  167257 ;HR  6821 ;",0
281.5542,41.44181,279.3296,6.06,star B6V,"HIP 92098 ;HD  173936 ;HR  7073 ;",0
281.98905,31.756835,338.9831,6.06,star B3IVp,"HIP 92243 ;HD  174179 ;HR  7081 ;",0
290.41773,79.60283,107.7586,6.06,star A3V,"HIP 95167 ;HD  184102 ;HR  7423 ;",0
292.75119,70.989339,186.9159,6.06,star K2,"HIP 95978 ;HD  184958 ;HR  7450 ;",0
298.39752,59.70866,104.1667,6.06,star A3V,"HIP 97892 ;HD  188793 ;HR  7611 ;",0
312.99483,-33.177974,147.929,6.06,star A1IV,"HIP 102989 ;HD  198529 ;HR  7979 ;BF  Bet Mic ;",0
314.29407,0.463779,93.985,6.06,star K2III,"HIP 103414 ;HD  199442 ;HR  8017 ;",0
325.637325,10.824314,214.5923,6.06,star B5IV,"HIP 107173 ;HD  206540 ;HR  8292 ;",0
329.682465,-21.182945,322.5806,6.06,star M2III,"HIP 108494 ;HD  208735 ;HR  8378 ;",0
340.679475,-44.248036,108.5776,6.06,star K1IV,"HIP 112127 ;HD  214987 ;HR  8639 ;",0
356.10477,-70.490226,46.5333,6.06,star G8IV,"HIP 117105 ;HD  222805 ;HR  8994 ;",0
1.653135,29.021502,13.6705,6.07,star K0V,"HIP 544 ;HD  166 ;HR  8 ;GL  Gl 5 ;",0
4.571865,11.206214,153.8462,6.07,star K0III,"HIP 1465 ;HD  1419 ;HR  69 ;",0
13.367595,37.418209,107.8749,6.07,star K3III:,"HIP 4185 ;HD  5118 ;HR  249 ;",0
17.547675,15.673912,165.0165,6.07,star M0III,"HIP 5483 ;HD  6966 ;HR  344 ;",0
20.945055,78.726056,100000,6.07,star A0Iab,"HIP 6522 ;HD  8065 ;HR  386 ;",0
28.94364,-60.860975,47.4383,6.07,star F0IV/V,"HIP 8983 ;HD  11995 ;HR  571 ;",0
32.190255,-17.779155,283.2861,6.07,star M1III,"HIP 9999 ;HD  13215 ;HR  625 ;",0
39.17931,31.607667,113.7656,6.07,star K0,"HIP 12160 ;HD  16187 ;HR  757 ;",0
40.451355,-3.213807,201.2072,6.07,star G9III:,"HIP 12584 ;HD  16824 ;HR  795 ;",0
48.735735,42.503637,72.8863,6.07,star K2III,"HIP 15118 ;HD  20063 ;HR  966 ;",0
51.108825,20.803489,95.6938,6.07,star A1V,"HIP 15870 ;HD  21050 ;HR  1027 ;BF  65    Ari ;",0
62.06418,37.727493,44.0917,6.07,star K1III,"HIP 19302 ;HD  25975 ;HR  1277 ;BF  49    Per ;",0
93.43893,51.172469,127.8772,6.07,star K1III,"HIP 29569 ;HD  42466 ;HR  2188 ;",0
93.9174,6.066166,200.4008,6.07,star B6V,"HIP 29728 ;HD  43285 ;HR  2231 ;",0
101.756175,-21.015402,241.5459,6.07,star B7II/III,"HIP 32504 ;HD  49333 ;HR  2509 ;BF  12    CMa ;",0
107.96409,5.654703,168.3502,6.07,star A1V,"HIP 34768 ;HD  55111 ;HR  2710 ;",0
117.257655,13.371869,233.6449,6.07,star K0,"HIP 38147 ;HD  63352 ;HR  3030 ;",0
123.545985,-32.140711,694.4444,6.07,star B2V,"HIP 40341 ;HD  69080 ;HR  3239 ;",0
126.573885,-39.058956,171.8213,6.07,star B9IV/V,"HIP 41361 ;HD  71487 ;HR  3327 ;",0
131.45535,-25.388088,103.8422,6.07,star A3IV/V,"HIP 43002 ;HD  74879 ;HR  3483 ;",0
133.873365,-7.971153,88.4956,6.07,star A3,"HIP 43822 ;HD  76369 ;HR  3552 ;BF  17    Hya ;",0
135.45351,27.902593,58.0046,6.07,star A8Vn,"HIP 44342 ;HD  77190 ;HR  3589 ;BF  67    Cnc ;",0
152.897805,-58.827762,245.7002,6.07,star M5III,"HIP 49926 ;HD  88647 ;HR  4007 ;",0
153.25482,-59.918088,746.2687,6.07,star B4Ve,"HIP 50044 ;HD  88825 ;HR  4018 ;",0
157.61094,64.257689,94.2507,6.07,star A7III,"HIP 51448 ;HD  90745 ;HR  4108 ;",0
166.622055,-58.675021,398.4064,6.07,star K2II/III,"HIP 54294 ;HD  96544 ;HR  4323 ;",0
167.41611,67.210208,111.2347,6.07,star F0sp...,"HIP 54540 ;HD  96707 ;HR  4330 ;",0
182.64087,-37.870349,72.3589,6.07,star A5V,"HIP 59353 ;HD  105776 ;HR  4631 ;",0
187.51767,58.767773,119.7605,6.07,star G8III-IV,"HIP 60992 ;HD  108861 ;HR  4762 ;BF  75    UMa ;",0
202.81578,42.106153,80.3859,6.07,star K2III,"HIP 65951 ;HD  117710 ;HR  5096 ;",0
212.62878,-70.305464,100000,6.07,star K4II,"HIP 69241 ;HD  123377 ;HR  5293 ;",0
212.757975,-69.719318,69.4927,6.07,star A6IV,"HIP 69298 ;HD  123492 ;HR  5295 ;",0
218.2902,-30.715068,101.2146,6.07,star K0III,"HIP 71154 ;HD  127624 ;HR  5428 ;",0
221.80245,-52.205256,862.069,6.07,star A1III/IV,"HIP 72308 ;HD  129932 ;HR  5498 ;",0
228.329955,-19.647572,69.8812,6.07,star A2V,"HIP 74493 ;HD  134967 ;HR  5656 ;BF  25Iot2Lib ;",0
231.02133,45.271031,150.3759,6.07,star K2III,"HIP 75369 ;HD  137390 ;HR  5732 ;",0
238.30041,13.196623,17.3491,6.07,star G0IV,"HIP 77801 ;HD  142267 ;HR  5911 ;GL  NN 3924 ;BF  39    Ser ;",0
240.664245,-29.1358,134.4086,6.07,star K2/K3III,"HIP 78575 ;HD  143619 ;HR  5965 ;",0
240.94038,4.986834,110.6195,6.07,star G9III,"HIP 78685 ;HD  144046 ;HR  5976 ;BF  43    Ser ;",0
247.845225,-26.537643,68.5871,6.07,star K1III,"HIP 80910 ;HD  148760 ;HR  6145 ;",0
250.25244,24.858705,132.1004,6.07,star K2,"HIP 81670 ;HD  150580 ;HR  6208 ;",0
250.40076,-24.467962,87.5657,6.07,star A7III,"HIP 81728 ;HD  150366 ;HR  6193 ;",0
251.299155,43.217169,221.7295,6.07,star K4III,"HIP 82012 ;HD  151388 ;HR  6230 ;",0
251.790645,2.064526,166.113,6.07,star A3V,"HIP 82162 ;HD  151431 ;HR  6232 ;BF  19    Oph ;",0
253.541925,-41.82504,416.6667,6.07,star O7e,"HIP 82691 ;HD  152248 ;",0
255.923685,-47.160571,151.2859,6.07,star A2/A3V,"HIP 83481 ;HD  153791 ;HR  6323 ;",0
272.768355,-47.513121,173.913,6.07,star K1III-IV,"HIP 89096 ;HD  166006 ;HR  6778 ;",0
276.95967,3.74857,362.3188,6.07,star K3III,"HIP 90487 ;HD  170137 ;HR  6925 ;",0
279.055245,65.488717,66.4452,6.07,star F0V,"HIP 91196 ;HD  172569 ;HR  7013 ;",0
286.242855,30.733396,198.0198,6.07,star M2III,"HIP 93720 ;HD  177809 ;HR  7238 ;",0
301.38324,-67.320897,17.7274,6.07,star G2V,"HIP 98959 ;HD  189567 ;HR  7644 ;GL  Gl 776 ;",0
309.88881,40.579658,283.2861,6.07,star B6IIIp Mn,"HIP 101949 ;HD  197018 ;HR  7911 ;",0
315.215685,-17.530898,160.5136,6.07,star K3III,"HIP 103703 ;HD  199947 ;",0
317.630475,10.048922,135.8696,6.07,star A2Vs,"HIP 104538 ;HD  201616 ;HR  8098 ;BF  6    Equ ;",0
318.360105,36.633263,471.6981,6.07,star F0III,"HIP 104765 ;HD  202240 ;HR  8120 ;",0
320.67522,30.309882,112.2334,6.07,star K1III,"HIP 105558 ;HD  203630 ;HR  8182 ;",0
324.86712,-10.576896,94.162,6.07,star K0,"HIP 106938 ;HD  206005 ;HR  8273 ;",0
325.39275,40.805222,152.207,6.07,star A2V,"HIP 107097 ;HD  206538 ;HR  8291 ;BF  76    Cyg ;",0
342.184365,62.93841,180.1802,6.07,star K0,"HIP 112635 ;HD  216102 ;HR  8683 ;",0
352.66482,38.662253,208.7683,6.07,star G9III,"HIP 116030 ;HD  221293 ;HR  8927 ;",0
354.866415,-46.637799,78.8644,6.07,star A+...,"HIP 116737 ;HD  222287 ;HR  8966 ;BF  The Phe ;",0
6.12354,-2.219064,151.7451,6.08,star K1III,"HIP 1939 ;HD  2023 ;HR  94 ;",0
13.9938,27.209381,77.7605,6.08,star A5IV,"HIP 4366 ;HD  5382 ;HR  262 ;BF  67    Psc ;",0
47.828235,-3.811595,264.5503,6.08,star M1III,"HIP 14819 ;HD  19836 ;HR  955 ;",0
64.666695,-52.860097,72.0461,6.08,star A8V+...,"HIP 20109 ;HD  27604 ;HR  1365 ;",0
65.38047,-25.72858,58.7544,6.08,star F2V,"HIP 20347 ;HD  27710 ;HR  1374 ;",0
76.55058,59.02134,218.8184,6.08,star K0III,"HIP 23743 ;HD  32357 ;HR  1623 ;BF  12    Cam ;",0
78.38148,1.967684,212.3142,6.08,star A5V,"HIP 24349 ;HD  33883 ;HR  1701 ;",0
81.902085,-21.375713,119.9041,6.08,star K0III,"HIP 25532 ;HD  35991 ;HR  1823 ;",0
84.2184,40.182375,100000,6.08,star G3Ib,"HIP 26363 ;HD  36891 ;HR  1884 ;",0
90.82473,42.911564,65.2316,6.08,star K0III,"HIP 28677 ;HD  40801 ;HR  2119 ;BF  38    Aur ;",0
92.806905,-26.4821,207.0393,6.08,star B9.5IV/V,"HIP 29347 ;HD  42729 ;HR  2206 ;",0
98.09697,11.67352,210.5263,6.08,star K0III,"HIP 31168 ;HD  46178 ;HR  2378 ;",0
122.81916,9.82123,268.8172,6.08,star B6III,"HIP 40085 ;HD  68099 ;HR  3201 ;",0
126.27036,35.011409,267.3797,6.08,star K0,"HIP 41262 ;HD  70771 ;HR  3292 ;",0
135.380775,5.640986,318.4713,6.08,star F3IV+...,"HIP 44315 ;HD  77250 ;HR  3590 ;",0
147.998055,-16.534775,119.7605,6.08,star K0III,"HIP 48396 ;HD  85519 ;HR  3908 ;",0
154.03749,-11.203419,197.2387,6.08,star K0,"HIP 50292 ;HD  89033 ;HR  4034 ;",0
159.81636,-74.493384,436.6812,6.08,star K3II,"HIP 52150 ;HD  92682 ;HR  4186 ;",0
163.75422,-42.251098,149.925,6.08,star A0p...,"HIP 53379 ;HD  94660 ;HR  4263 ;",0
182.77158,-61.277425,95.3289,6.08,star F0III,"HIP 59396 ;HD  105841 ;HR  4634 ;",0
210.86448,-41.423345,219.7802,6.08,star B8 Si,"HIP 68673 ;HD  122532 ;HR  5269 ;",0
224.719935,-4.989256,33.7724,6.08,star F8V,"HIP 73309 ;HD  132375 ;HR  5583 ;",0
250.21392,12.395043,95.8773,6.08,star A3Vn,"HIP 81659 ;HD  150483 ;HR  6203 ;",0
255.973275,34.790222,54.9753,6.08,star A5V,"HIP 83494 ;HD  154431 ;HR  6351 ;",0
258.55587,-56.888526,471.6981,6.08,star M1/2II/III+A,"HIP 84311 ;HD  155341 ;HR  6384 ;",0
259.178115,-6.244975,111.6071,6.08,star K0,"HIP 84524 ;HD  156227 ;HR  6413 ;",0
265.04976,-2.152301,157.2327,6.08,star K2.5Ib,"HIP 86476 ;HD  160471 ;HR  6578 ;",0
269.423685,-76.177949,185.8736,6.08,star K2III,"HIP 87926 ;HD  161988 ;HR  6635 ;",0
282.842325,-3.317857,78.6164,6.08,star F2III,"HIP 92524 ;HD  174589 ;HR  7101 ;BF  8    Aql ;",0
286.988835,16.853385,21.4316,6.08,star G5V,"HIP 93966 ;HD  178428 ;HR  7260 ;GL  Gl 746 ;",0
292.54389,2.904073,621.118,6.08,star K5Ib,"HIP 95898 ;HD  183589 ;HR  7412 ;",0
295.405215,-65.854414,185.5288,6.08,star M0III,"HIP 96882 ;HD  184996 ;HR  7455 ;",0
295.78998,30.677891,111.2347,6.08,star A1V,"HIP 97028 ;HD  186440 ;HR  7505 ;",0
306.449775,-40.796184,104.8218,6.08,star K3III,"HIP 100764 ;HD  194184 ;HR  7799 ;",0
309.79437,21.817444,220.2643,6.08,star A0III,"HIP 101919 ;HD  196821 ;HR  7903 ;",0
321.611085,19.37564,46.3607,6.08,star A8m,"HIP 105860 ;HD  204188 ;HR  8210 ;",0
332.07183,25.543522,88.1834,6.08,star F1IV,"HIP 109276 ;HD  210210 ;HR  8441 ;",0
350.73636,-60.055843,260.4167,6.08,star M3III,"HIP 115433 ;HD  220263 ;HR  8889 ;",0
356.00517,-45.083123,69.2042,6.08,star G8IV,"HIP 117075 ;HD  222803 ;HR  8993 ;",0
356.88771,46.832564,319.4888,6.08,star B3IV,"HIP 117340 ;HD  223229 ;HR  9011 ;",0
1.223595,34.659797,39.185,6.09,star G2V,"HIP 394 ;HD  225239 ;HR  9107 ;GL  NN 3002 ;",0
16.403685,-9.979323,92.9368,6.09,star K0III,"HIP 5121 ;HD  6482 ;HR  315 ;BF  27    Cet ;",0
28.34646,-38.594632,111.1111,6.09,star K1/K2III,"HIP 8820 ;HD  11643 ;HR  554 ;",0
29.85786,12.294876,98.6193,6.09,star A6V,"HIP 9295 ;HD  12140 ;HR  578 ;",0
29.92125,-66.066558,136.612,6.09,star K2III,"HIP 9318 ;HD  12477 ;HR  600 ;",0
32.72013,39.039526,139.6648,6.09,star B9V,"HIP 10176 ;HD  13294 ;HR  628 ;BF  59    And ;",0
37.397325,9.565629,102.6694,6.09,star K2III,"HIP 11603 ;HD  15453 ;HR  725 ;",0
40.535175,-46.524441,41.5455,6.09,star G8IV,"HIP 12611 ;HD  17006 ;HR  807 ;",0
51.48906,49.120757,159.4896,6.09,star B7V,"HIP 15988 ;HD  21071 ;HR  1029 ;",0
56.117505,20.928737,77.7001,6.09,star A0V,"HIP 17453 ;HD  23258 ;HR  1137 ;",0
56.8839,55.92196,110.2536,6.09,star B9Vnn,"HIP 17707 ;HD  23383 ;HR  1147 ;",0
59.257155,6.039967,70.2247,6.09,star A2Vn,"HIP 18481 ;HD  24817 ;HR  1224 ;",0
63.130635,17.27746,105.042,6.09,star K0III,"HIP 19641 ;HD  26546 ;HR  1295 ;",0
64.65621,-22.969722,89.8473,6.09,star A3m...,"HIP 20106 ;HD  27411 ;HR  1353 ;",0
68.353755,43.063893,59.1716,6.09,star F0V,"HIP 21242 ;HD  28704 ;HR  1434 ;BF  57    Per ;",0
68.559135,-6.837809,219.7802,6.09,star K2III,"HIP 21298 ;HD  29063 ;HR  1450 ;",0
71.054235,40.786454,187.6173,6.09,star B8IVn,"HIP 22034 ;HD  29866 ;HR  1500 ;",0
72.43368,15.904221,333.3333,6.09,star K3III,"HIP 22441 ;HD  30605 ;HR  1537 ;BF  96    Tau ;",0
74.94306,53.155451,176.3668,6.09,star K4III,"HIP 23216 ;HD  31579 ;HR  1588 ;BF  8    Cam ;",0
80.907105,16.699298,124.8439,6.09,star A2IV,"HIP 25216 ;HD  35189 ;HR  1774 ;BF  110    Tau ;",0
81.23157,-44.225684,144.9275,6.09,star K1III,"HIP 25317 ;HD  35765 ;HR  1813 ;",0
86.25747,4.008111,58.8582,6.09,star F0III:n,"HIP 27118 ;HD  38309 ;HR  1978 ;",0
90.8532,11.681065,158.9825,6.09,star A0Vs,"HIP 28686 ;HD  41076 ;HR  2133 ;",0
93.858945,-9.035757,214.1328,6.09,star B9III,"HIP 29705 ;HD  43362 ;HR  2237 ;",0
94.079355,23.970027,136.9863,6.09,star G8III,"HIP 29789 ;HD  43261 ;HR  2230 ;BF  8    Gem ;",0
99.77208,22.030881,129.199,6.09,star G9III,"HIP 31813 ;HD  47358 ;HR  2436 ;",0
106.19604,-22.031688,105.9322,6.09,star K2IIICN...,"HIP 34142 ;HD  53629 ;HR  2664 ;",0
106.509435,-38.382854,205.3388,6.09,star G0III,"HIP 34253 ;HD  54153 ;HR  2685 ;",0
106.718655,-24.960572,280.8989,6.09,star K2III,"HIP 34318 ;HD  54173 ;HR  2686 ;",0
115.206435,57.082865,214.1328,6.09,star K5III,"HIP 37406 ;HD  61106 ;HR  2929 ;BF  23    Lyn ;",0
119.24094,-42.406475,235.2941,6.09,star K3III,"HIP 38845 ;HD  65442 ;HR  3111 ;",0
120.628395,63.090306,116.144,6.09,star G1III,"HIP 39340 ;HD  65448 ;HR  3112 ;",0
132.020325,-6.558839,215.9827,6.09,star K0,"HIP 43204 ;HD  75140 ;HR  3493 ;",0
146.82549,79.13668,131.2336,6.09,star F0V:,"HIP 48017 ;HD  83727 ;HR  3847 ;",0
150.920775,-9.573792,354.6099,6.09,star K0,"HIP 49293 ;HD  87262 ;HR  3959 ;",0
158.35581,-58.190149,100000,6.09,star B7Ia,"HIP 51676 ;HD  91619 ;HR  4147 ;",0
158.793435,-43.664587,348.4321,6.09,star G8/K0II/III,"HIP 51816 ;HD  91805 ;HR  4154 ;",0
166.39164,-11.088901,59.7015,6.09,star F0Vn,"HIP 54214 ;HD  96220 ;HR  4315 ;",0
172.076865,-72.473977,240.3846,6.09,star B3V,"HIP 55979 ;HD  99872 ;HR  4425 ;",0
174.639675,46.834209,99.2063,6.09,star F5IIIs,"HIP 56789 ;HD  101133 ;HR  4480 ;BF  60    UMa ;",0
186.326715,-27.749002,172.117,6.09,star K3III,"HIP 60603 ;HD  108110 ;HR  4723 ;",0
202.283115,-64.675794,86.6551,6.09,star A2m,"HIP 65783 ;HD  117025 ;HR  5069 ;",0
210.13686,-78.589981,239.8082,6.09,star B9III,"HIP 68431 ;HD  121439 ;HR  5240 ;",0
213.415965,-54.625627,315.4574,6.09,star B5V,"HIP 69491 ;HD  124195 ;HR  5311 ;",0
223.67745,-65.991095,390.625,6.09,star B3Vn,"HIP 72965 ;HD  131058 ;HR  5539 ;BF  Zet Cir ;",0
228.28194,-36.091425,120.7729,6.09,star B8V,"HIP 74479 ;HD  134837 ;HR  5653 ;",0
242.86974,16.665692,124.2236,6.09,star A0V,"HIP 79332 ;HD  145647 ;HR  6035 ;",0
243.96456,-14.849115,178.5714,6.09,star A0III,"HIP 79692 ;HD  146254 ;HR  6061 ;",0
247.438425,-57.756323,100000,6.09,star G8Ib,"HIP 80788 ;HD  148218 ;HR  6120 ;",0
259.090065,-35.750297,31.4367,6.09,star F6V,"HIP 84489 ;HD  155974 ;HR  6405 ;",0
261.47652,16.917578,190.1141,6.09,star M4III,"HIP 85302 ;HD  157967 ;HR  6495 ;",0
263.832945,-53.352928,293.2551,6.09,star B9III,"HIP 86064 ;HD  159018 ;HR  6530 ;",0
264.53517,-42.880274,303.0303,6.09,star B8V,"HIP 86311 ;HD  159707 ;HR  6558 ;",0
267.158625,-55.401742,52.9381,6.09,star A9IV,"HIP 87174 ;HD  161420 ;HR  6614 ;",0
267.796005,-53.130269,156.0062,6.09,star B9.5III/IV,"HIP 87379 ;HD  161917 ;HR  6632 ;",0
267.935655,-45.600706,258.3979,6.09,star G6III,"HIP 87404 ;HD  162123 ;HR  6640 ;",0
268.848495,55.971394,56.3698,6.09,star F0IV,"HIP 87744 ;HD  163929 ;HR  6699 ;",0
272.536365,16.47659,263.8522,6.09,star B9V+...,"HIP 89023 ;HD  166479 ;HR  6803 ;",0
284.588685,-31.035975,137.931,6.09,star K3III,"HIP 93134 ;HD  175794 ;HR  7151 ;",0
289.75041,-15.53657,147.7105,6.09,star K4III,"HIP 94929 ;HD  180928 ;HR  7317 ;",0
290.638965,33.518163,109.8901,6.09,star K0III,"HIP 95235 ;HD  182272 ;HR  7359 ;",0
292.638015,3.444403,248.139,6.09,star A0sh,"HIP 95929 ;HD  183656 ;HR  7415 ;",0
303.612225,-63.415789,70.922,6.09,star F0IV,"HIP 99762 ;HD  191603 ;HR  7707 ;",0
305.193945,-14.784892,104.0583,6.09,star B9.5III/IV,"HIP 100325 ;HD  193452 ;HR  7775 ;",0
305.65545,31.264966,176.9912,6.09,star K2,"HIP 100486 ;HD  194097 ;HR  7797 ;",0
307.194735,-35.595863,218.3406,6.09,star B8II/III,"HIP 101017 ;HD  194783 ;HR  7817 ;",0
308.965365,-69.610586,191.9386,6.09,star K2III,"HIP 101626 ;HD  195402 ;HR  7838 ;",0
321.325095,-71.799061,171.8213,6.09,star K2III,"HIP 105768 ;HD  203212 ;HR  8159 ;",0
343.96473,-31.633231,404.8583,6.09,star K3III,"HIP 113234 ;HD  216761 ;HR  8719 ;",0
357.13533,-6.380426,243.9024,6.09,star K4III,"HIP 117420 ;HD  223311 ;HR  9014 ;",0
358.81911,-31.921467,271.0027,6.09,star B6/B7,"HIP 117931 ;HD  224113 ;HR  9049 ;",0
326.032635,28.743078,22.4014,6.09,star G2 V,"HD  206827 ;HR  8310 ;GL  Gl 836.6B ;BF  78Mu 2Cyg ;",0
4.67568,43.791141,202.8398,6.1,star B8V,"HIP 1501 ;HD  1438 ;HR  70 ;BF  26    And ;",0
14.41518,45.839379,134.0483,6.1,star K2III,"HIP 4501 ;HD  5526 ;HR  272 ;",0
29.249415,-51.766244,26.8673,6.1,star F8V,"HIP 9085 ;HD  12042 ;HR  573 ;GL  Gl 81.3 ;",0
46.417335,56.068965,77.2798,6.1,star G9III,"HIP 14392 ;HD  18991 ;HR  920 ;",0
56.170455,46.099813,142.0455,6.1,star A7IV,"HIP 17475 ;HD  23139 ;HR  1130 ;",0
66.77481,-46.947505,33.1345,6.1,star F8V,"HIP 20781 ;HD  28454 ;HR  1418 ;",0
74.083695,36.168537,100000,6.1,star B2Ib,"HIP 22955 ;HD  31327 ;HR  1573 ;",0
76.165245,74.066955,171.2329,6.1,star A1V,"HIP 23617 ;HD  31590 ;HR  1589 ;",0
76.348815,1.177627,377.3585,6.1,star N5,"HIP 23680 ;HD  32736 ;HR  1648 ;",0
80.592285,-56.134401,194.5525,6.1,star B8/B9V,"HIP 25098 ;HD  35580 ;HR  1801 ;BF  Kap Pic ;",0
84.011865,-47.313746,155.0388,6.1,star K2III,"HIP 26300 ;HD  37434 ;HR  1927 ;",0
84.06648,47.71529,104.2753,6.1,star F0V:,"HIP 26315 ;HD  36719 ;HR  1869 ;",0
84.286545,-11.775515,62.8931,6.1,star A2V,"HIP 26395 ;HD  37306 ;HR  1919 ;",0
101.23194,-70.433758,195.3125,6.1,star K3III,"HIP 32332 ;HD  50002 ;HR  2536 ;",0
103.255875,38.869157,150.6024,6.1,star F2V,"HIP 33041 ;HD  50018 ;HR  2539 ;BF  59    Aur ;",0
106.77696,4.910582,203.666,6.1,star B9.5III,"HIP 34338 ;HD  53929 ;HR  2676 ;",0
108.017055,-30.821365,47.5511,6.1,star A8III/IV,"HIP 34782 ;HD  55568 ;HR  2720 ;",0
116.39799,-56.72257,273.224,6.1,star F0II,"HIP 37854 ;HD  63382 ;HR  3031 ;",0
131.229795,-21.167826,84.3882,6.1,star A5V,"HIP 42928 ;HD  74706 ;HR  3473 ;",0
132.458895,-72.55124,625,6.1,star A3m...,"HIP 43351 ;HD  76270 ;HR  3544 ;",0
136.64181,-55.802411,334.4482,6.1,star B2IV-V,"HIP 44708 ;HD  78548 ;HR  3629 ;",0
138.10851,-7.109827,86.7303,6.1,star A3m,"HIP 45184 ;HD  79193 ;HR  3655 ;BF  21    Hya ;",0
147.45873,21.179422,191.5709,6.1,star A8IV,"HIP 48218 ;HD  85040 ;HR  3889 ;BF  20    Leo ;",0
157.008705,-49.405801,224.2152,6.1,star K4III,"HIP 51245 ;HD  90798 ;HR  4111 ;",0
158.74044,-23.176248,65.9196,6.1,star F6V,"HIP 51795 ;HD  91706 ;HR  4149 ;",0
159.70965,-42.753443,198.0198,6.1,star Am+...,"HIP 52112 ;HD  92328 ;HR  4175 ;",0
170.596335,-44.645924,107.6426,6.1,star G8III,"HIP 55528 ;HD  98892 ;HR  4393 ;",0
175.97013,-62.87828,141.0437,6.1,star A2III/IV,"HIP 57211 ;HD  101995 ;HR  4513 ;",0
186.285615,-42.514312,53.9665,6.1,star G4IV,"HIP 60591 ;HD  108063 ;HR  4721 ;",0
198.30171,18.727008,106.2699,6.1,star G8III,"HIP 64496 ;HD  114889 ;HR  4992 ;",0
200.974695,37.03392,355.8719,6.1,star M3III,"HIP 65376 ;HD  116581 ;HR  5052 ;",0
202.60719,-6.470265,53.2198,6.1,star F2V,"HIP 65892 ;HD  117436 ;HR  5088 ;BF  72    Vir ;",0
208.076685,12.165135,103.9501,6.1,star A1V,"HIP 67714 ;HD  120934 ;HR  5220 ;",0
213.755235,-29.281904,169.2047,6.1,star A1V,"HIP 69623 ;HD  124576 ;HR  5324 ;",0
215.661315,-48.319857,671.1409,6.1,star B1III,"HIP 70270 ;HD  125721 ;HR  5375 ;",0
217.69248,63.185788,31.7864,6.1,star F4IV,"HIP 70952 ;HD  127821 ;HR  5436 ;",0
221.231325,-58.477492,102.9866,6.1,star K0III,"HIP 72097 ;HD  129462 ;HR  5486 ;",0
221.295675,-55.60164,352.1127,6.1,star B2III,"HIP 72121 ;HD  129557 ;HR  5488 ;",0
224.86332,-43.159833,255.7545,6.1,star F5III,"HIP 73354 ;HD  132242 ;HR  5580 ;",0
232.113375,-51.597934,478.4689,6.1,star G2Ib,"HIP 75742 ;HD  137465 ;HR  5738 ;",0
233.888475,17.655555,116.2791,6.1,star G8III:,"HIP 76337 ;HD  139074 ;HR  5795 ;BF  15Tau3Ser ;",0
239.97561,-54.020911,308.642,6.1,star B5IV,"HIP 78355 ;HD  142919 ;HR  5937 ;",0
241.074255,-33.213718,109.6491,6.1,star F3III,"HIP 78726 ;HD  143902 ;HR  5974 ;",0
252.75015,-37.514512,341.2969,6.1,star B8II/III,"HIP 82453 ;HD  151771 ;HR  6244 ;",0
268.61301,-34.466722,216.9197,6.1,star B9.5/A0III,"HIP 87671 ;HD  162817 ;HR  6668 ;",0
274.02321,2.377517,236.9668,6.1,star M4III,"HIP 89527 ;HD  167654 ;HR  6834 ;",0
278.806275,34.458021,255.102,6.1,star B5Vn,"HIP 91119 ;HD  171780 ;HR  6984 ;",0
280.23501,62.749466,111.1111,6.1,star K0III,"HIP 91606 ;HD  173398 ;HR  7042 ;",0
282.90216,36.539092,313.4796,6.1,star B6IV,"HIP 92551 ;HD  174959 ;HR  7115 ;",0
294.93717,33.978938,149.925,6.1,star A3IV,"HIP 96724 ;HD  185837 ;HR  7481 ;",0
298.841895,58.250193,134.4086,6.1,star G9III,"HIP 98044 ;HD  189127 ;HR  7626 ;",0
306.427185,-2.800378,161.0306,6.1,star K1III:,"HIP 100758 ;HD  194454 ;HR  7809 ;",0
307.767945,-15.056168,116.8224,6.1,star K1/K2III+..,"HIP 101221 ;HD  195330 ;HR  7837 ;",0
314.998665,-36.129641,40.2576,6.1,star F2V,"HIP 103646 ;HD  199684 ;HR  8031 ;",0
315.770145,38.657415,220.2643,6.1,star G8III,"HIP 103894 ;HD  200577 ;HR  8063 ;",0
321.56433,-54.660459,66.8449,6.1,star F1III,"HIP 105841 ;HD  203760 ;HR  8188 ;BF  Gam Ind ;",0
322.790115,12.137475,151.2859,6.1,star B9.5V,"HIP 106243 ;HD  204862 ;HR  8231 ;",0
324.203295,-33.047896,73.9098,6.1,star A5V,"HIP 106703 ;HD  205529 ;HR  8256 ;BF  7    PsA ;",0
325.6617,49.600257,311.5265,6.1,star G8II,"HIP 107186 ;HD  206731 ;HR  8304 ;",0
325.689045,59.270844,335.5705,6.1,star K1III,"HIP 107197 ;HD  206842 ;HR  8312 ;",0
327.12231,38.648575,145.5604,6.1,star B8V,"HIP 107664 ;HD  207516 ;HR  8338 ;",0
332.759895,-21.23279,56.338,6.1,star F6/F7V,"HIP 109509 ;HD  210464 ;HR  8457 ;",0
333.89598,-44.451499,191.2046,6.1,star G8/K0III,"HIP 109902 ;HD  211053 ;HR  8484 ;",0
353.48121,20.840934,277.7778,6.1,star M3III,"HIP 116307 ;HD  221662 ;HR  8942 ;",0
336.121815,-72.256978,28.9017,6.1,star ,"GL  Gl 855.1B ;",0
1.15245,42.09253,386.1004,6.11,star B9III,"HIP 365 ;HD  225218 ;HR  9105 ;",0
2.13957,-17.578155,578.0347,6.11,star M0/M1IIICNp,"HIP 696 ;HD  402 ;HR  18 ;",0
4.429425,51.43309,735.2941,6.11,star O9IIInn,"HIP 1415 ;HD  1337 ;HR  65 ;",0
8.346945,-71.266246,130.039,6.11,star A7IV,"HIP 2629 ;HD  3112 ;HR  139 ;BF  The Tuc ;",0
11.80677,19.578702,100.6036,6.11,star F0Vn,"HIP 3685 ;HD  4490 ;HR  214 ;BF  59    Psc ;",0
13.981395,-27.775839,292.3977,6.11,star M1/M2III,"HIP 4363 ;HD  5445 ;HR  268 ;",0
19.271085,44.901992,214.1328,6.11,star K5,"HIP 5993 ;HD  7647 ;HR  372 ;",0
23.413515,-78.50482,124.6883,6.11,star G3IV,"HIP 7271 ;HD  10042 ;HR  467 ;",0
23.711625,-31.892317,114.4165,6.11,star K0/K1III,"HIP 7361 ;HD  9742 ;HR  453 ;",0
37.14765,-31.102445,110.011,6.11,star K2IIICN...,"HIP 11524 ;HD  15471 ;HR  727 ;",0
45.049545,38.13174,201.6129,6.11,star B8Vn,"HIP 13997 ;HD  18552 ;HR  894 ;",0
45.211995,-2.878618,255.102,6.11,star M2III,"HIP 14040 ;HD  18760 ;HR  904 ;BF  7    Eri ;",0
47.613525,-48.734156,134.4086,6.11,star K1III,"HIP 14749 ;HD  19948 ;HR  960 ;",0
47.84133,13.047845,131.2336,6.11,star K0IIIp,"HIP 14821 ;HD  19789 ;HR  952 ;",0
55.19295,25.329492,146.4129,6.11,star A2IV,"HIP 17181 ;HD  22805 ;HR  1118 ;BF  11    Tau ;",0
65.104605,18.742608,48.3092,6.11,star F3:V...,"HIP 20255 ;HD  27429 ;HR  1354 ;",0
66.737205,-24.081323,97.6562,6.11,star A3V,"HIP 20765 ;HD  28312 ;HR  1410 ;",0
69.946755,-1.052459,219.7802,6.11,star K0,"HIP 21718 ;HD  29610 ;HR  1488 ;",0
72.930765,9.975078,186.9159,6.11,star B5V,"HIP 22597 ;HD  30870 ;HR  1553 ;",0
73.720755,-58.547652,30.4044,6.11,star F3V,"HIP 22844 ;HD  31746 ;HR  1597 ;",0
73.72839,-39.628607,377.3585,6.11,star K3III,"HIP 22847 ;HD  31529 ;HR  1584 ;",0
75.827655,41.441646,609.7561,6.11,star A2sh,"HIP 23511 ;HD  32188 ;HR  1615 ;",0
77.513595,-0.565323,99.7009,6.11,star K0III,"HIP 24041 ;HD  33419 ;HR  1681 ;",0
84.330465,8.951875,344.8276,6.11,star B2IV-V,"HIP 26414 ;HD  37232 ;HR  1913 ;",0
88.67133,-49.62701,343.6426,6.11,star B3V,"HIP 27937 ;HD  40200 ;HR  2089 ;",0
95.899665,-9.874727,446.4286,6.11,star K5,"HIP 30407 ;HD  44816 ;HR  2301 ;",0
99.41997,-12.985116,80,6.11,star K1III:,"HIP 31674 ;HD  47366 ;HR  2437 ;",0
102.50421,-60.249146,33.6247,6.11,star F7III-IV,"HIP 32775 ;HD  50571 ;HR  2562 ;",0
113.553465,-33.46343,82.3045,6.11,star A9IV,"HIP 36807 ;HD  60646 ;HR  2913 ;",0
117.52362,-19.523548,334.4482,6.11,star K1III,"HIP 38246 ;HD  63822 ;HR  3051 ;",0
123.49458,-36.340777,352.1127,6.11,star B2IV/V,"HIP 40324 ;HD  69082 ;HR  3241 ;",0
125.281845,-64.106002,143.2665,6.11,star G6/G8III,"HIP 40926 ;HD  70982 ;HR  3298 ;",0
125.98005,10.632063,272.4796,6.11,star M2III,"HIP 41163 ;HD  70734 ;HR  3290 ;BF  21    Cnc ;",0
126.457845,17.046267,44.9438,6.11,star F6V,"HIP 41319 ;HD  71030 ;HR  3299 ;BF  25    Cnc ;",0
128.174355,-73.35679,121.2121,6.11,star G8III,"HIP 41907 ;HD  73468 ;HR  3417 ;",0
143.17248,1.864151,116.6861,6.11,star F7IV-V,"HIP 46840 ;HD  82543 ;HR  3794 ;",0
149.776275,-23.95077,244.4988,6.11,star B5V,"HIP 48943 ;HD  86612 ;HR  3946 ;",0
150.835785,-46.636191,90.009,6.11,star A0V,"HIP 49259 ;HD  87363 ;HR  3964 ;",0
166.26717,-49.392299,149.7006,6.11,star B9V,"HIP 54185 ;HD  96224 ;HR  4316 ;",0
168.126555,-18.499862,153.8462,6.11,star A0V,"HIP 54742 ;HD  97411 ;HR  4347 ;BF  Psi Crt ;",0
169.242405,-7.134689,129.5337,6.11,star A2p...,"HIP 55106 ;HD  98088 ;HR  4369 ;",0
183.793995,-10.3124,22.3514,6.11,star F5V,"HIP 59750 ;HD  106516 ;HR  4657 ;",0
188.72691,-67.756894,336.7003,6.11,star M6II/III,"HIP 61404 ;HD  109372 ;",0
191.806845,11.958088,83.2639,6.11,star A3V,"HIP 62394 ;HD  111164 ;HR  4855 ;BF  34    Vir ;",0
193.296495,-3.553098,32.7332,6.11,star F5V,"HIP 62875 ;HD  111998 ;HR  4891 ;GL  Wo 9421 ;BF  38    Vir ;",0
194.28249,46.176789,104.3841,6.11,star K0III-IV,"HIP 63211 ;HD  112570 ;HR  4919 ;",0
203.200875,24.346743,134.5895,6.11,star G8III,"HIP 66086 ;HD  117876 ;HR  5102 ;",0
204.69081,-70.444829,130.039,6.11,star K3III,"HIP 66574 ;HD  118344 ;HR  5119 ;",0
208.004085,-31.619207,52.687,6.11,star F5/F6V,"HIP 67696 ;HD  120759 ;HR  5212 ;",0
230.932125,-1.022384,51.1247,6.11,star F0V,"HIP 75342 ;HD  137006 ;HR  5721 ;BF  8    Ser ;",0
237.56793,-45.401714,45.2694,6.11,star F0V,"HIP 77574 ;HD  141296 ;HR  5872 ;",0
239.13906,-14.829438,51.0986,6.11,star A2Ib/II,"HIP 78078 ;HD  142703 ;HR  5930 ;",0
245.13591,-39.430344,140.8451,6.11,star B9V,"HIP 80066 ;HD  146954 ;HR  6080 ;",0
246.54744,11.407493,109.4092,6.11,star G8III,"HIP 80514 ;HD  148228 ;HR  6121 ;",0
255.56568,64.600739,115.7407,6.11,star G5V,"HIP 83359 ;HD  154633 ;HR  6360 ;",0
256.207335,48.803958,112.2334,6.11,star K1III,"HIP 83575 ;HD  154732 ;HR  6363 ;",0
263.9982,20.996242,112.8668,6.11,star A7IV,"HIP 86118 ;HD  159834 ;HR  6559 ;",0
270.01416,80.000841,72.6216,6.11,star K2Vvar,"HIP 88127 ;HD  166865 ;HR  6809 ;BF  40    Dra ;",0
285.71925,19.661011,246.9136,6.11,star K1III,"HIP 93523 ;HD  177199 ;HR  7216 ;",0
287.45061,-19.803657,118.4834,6.11,star K1III,"HIP 94144 ;HD  178555 ;HR  7265 ;",0
292.725195,-21.312237,237.5297,6.11,star A2V,"HIP 95965 ;HD  183545 ;HR  7410 ;",0
297.0126,-13.703616,65.4879,6.11,star A6:IIIm...,"HIP 97423 ;HD  186984 ;HR  7532 ;",0
300.11034,-43.043302,338.9831,6.11,star M0III,"HIP 98485 ;HD  189140 ;HR  7627 ;",0
304.082445,21.5987,101.626,6.11,star K1III,"HIP 99913 ;HD  192836 ;HR  7746 ;BF  18    Sge ;",0
308.54874,-13.721091,32.8084,6.11,star G0V,"HIP 101507 ;HD  195838 ;HR  7855 ;GL  NN 4147 ;",0
320.13948,60.756405,124.3781,6.11,star G5III,"HIP 105370 ;HD  203574 ;HR  8179 ;",0
321.855375,59.750075,311.5265,6.11,star M3II-III...,"HIP 105949 ;HD  204599 ;HR  8224 ;",0
325.534815,45.765697,209.6436,6.11,star M4.5,"HIP 107140 ;HD  206632 ;HR  8298 ;",0
332.170125,45.742254,42.7716,6.11,star K2III comp,"HIP 109303 ;HD  210334 ;HR  8448 ;",0
333.219735,73.307193,210.9705,6.11,star A3V+...,"HIP 109659 ;HD  211300 ;HR  8493 ;",0
339.032925,35.577504,143.0615,6.11,star K0,"HIP 111567 ;HD  214200 ;HR  8604 ;",0
343.74786,1.064904,108.2251,6.11,star A7III,"HIP 113167 ;HD  216701 ;HR  8715 ;BF  1    Psc ;",0
347.09832,-79.480689,73.4754,6.11,star A7Vn,"HIP 114258 ;HD  218108 ;HR  8786 ;",0
4.089675,43.595049,106.4963,6.12,star A2V,"HIP 1302 ;HD  1185 ;HR  56 ;",0
4.14183,8.240154,125,6.12,star G8II-III,"HIP 1319 ;HD  1227 ;HR  59 ;BF  36    Psc ;",0
15.50757,-57.002389,120.6273,6.12,star G8III,"HIP 4829 ;HD  6192 ;HR  295 ;BF  Ome Phe ;",0
16.532115,-23.992451,117.3709,6.12,star K1III,"HIP 5170 ;HD  6559 ;HR  320 ;",0
30.79371,73.85057,118.624,6.12,star A5III,"HIP 9586 ;HD  12173 ;HR  579 ;",0
32.605095,-50.823725,10.7828,6.12,star K0V,"HIP 10138 ;HD  13445 ;HR  637 ;GL  Gl 86 ;",0
46.954065,-69.26492,102.3541,6.12,star K1III,"HIP 14547 ;HD  19940 ;HR  959 ;",0
52.556595,-41.369937,34.6981,6.12,star F7V,"HIP 16310 ;HD  21899 ;HR  1076 ;",0
54.998205,-1.121226,119.3317,6.12,star G5,"HIP 17120 ;HD  22819 ;HR  1119 ;",0
61.17042,-20.381864,125.1564,6.12,star K1II,"HIP 19037 ;HD  25803 ;HR  1267 ;",0
68.75295,-19.921384,108.6957,6.12,star K2IIICN...,"HIP 21363 ;HD  29184 ;HR  1461 ;",0
79.81122,20.134596,120.3369,6.12,star G8III+...,"HIP 24820 ;HD  34579 ;HR  1741 ;",0
91.535625,35.38774,25.6213,6.12,star G0V,"HIP 28908 ;HD  41330 ;HR  2141 ;GL  Gl 226.3 ;",0
94.52337,14.382859,220.2643,6.12,star A3V,"HIP 29931 ;HD  43683 ;HR  2253 ;",0
96.08574,-12.961939,289.0173,6.12,star B4V,"HIP 30468 ;HD  44996 ;HR  2309 ;",0
108.40188,-27.35636,100000,6.12,star B2II,"HIP 34924 ;HD  55857 ;HR  2734 ;",0
120.34602,-54.51553,413.2231,6.12,star B2IV-V,"HIP 39225 ;HD  66546 ;HR  3157 ;",0
121.17258,-19.728148,406.5041,6.12,star B3III,"HIP 39524 ;HD  66834 ;HR  3168 ;BF  14    Pup ;",0
125.070915,-5.32993,211.4165,6.12,star K2III,"HIP 40859 ;HD  70148 ;HR  3272 ;",0
125.11395,-22.92468,220.2643,6.12,star G8/K0III,"HIP 40876 ;HD  70302 ;HR  3276 ;",0
129.84216,-36.606685,37.8501,6.12,star F3/F5V,"HIP 42455 ;HD  73900 ;HR  3434 ;",0
131.339265,30.697752,181.1594,6.12,star G5III,"HIP 42954 ;HD  74485 ;HR  3464 ;BF  46    Cnc ;",0
133.12818,-13.232942,103.9501,6.12,star K1III,"HIP 43580 ;HD  75916 ;HR  3529 ;",0
140.24742,38.188262,42.6621,6.12,star F3V+...,"HIP 45858 ;HD  80441 ;HR  3701 ;",0
141.68709,-28.787696,628.9308,6.12,star B5V,"HIP 46329 ;HD  81753 ;HR  3745 ;",0
142.98213,-10.370341,109.529,6.12,star K0,"HIP 46768 ;HD  82477 ;HR  3788 ;",0
143.25822,-8.505374,125.1564,6.12,star K0,"HIP 46869 ;HD  82638 ;HR  3801 ;",0
145.678095,35.093371,53.2765,6.12,star F3V,"HIP 47631 ;HD  83951 ;HR  3857 ;BF  13    LMi ;",0
155.553915,-19.866571,184.1621,6.12,star A0V,"HIP 50790 ;HD  89911 ;HR  4076 ;",0
163.354005,-2.255209,79.3021,6.12,star K0III+...,"HIP 53240 ;HD  94363 ;HR  4249 ;",0
165.810585,-0.752344,55.9284,6.12,star F0V,"HIP 54027 ;HD  95771 ;HR  4303 ;",0
168.236355,-49.73609,260.4167,6.12,star G8II/III,"HIP 54783 ;HD  97550 ;HR  4353 ;",0
172.96248,81.127257,59.2066,6.12,star A2m,"HIP 56253 ;HD  99945 ;HR  4429 ;",0
205.93818,22.700423,170.3578,6.12,star K4III,"HIP 66992 ;HD  119584 ;HR  5164 ;",0
210.32943,-40.221943,203.666,6.12,star K1III,"HIP 68493 ;HD  122210 ;HR  5259 ;",0
223.99416,32.300063,95.7854,6.12,star A2V,"HIP 73068 ;HD  132029 ;HR  5569 ;",0
228.54294,42.171409,369.0037,6.12,star M2III,"HIP 74571 ;HD  135530 ;HR  5677 ;",0
234.70356,34.675039,145.7726,6.12,star K0,"HIP 76617 ;HD  139761 ;HR  5827 ;",0
240.27702,-54.577899,131.7523,6.12,star A7III,"HIP 78469 ;HD  143101 ;HR  5946 ;",0
252.97452,-65.375457,310.559,6.12,star B8II/III,"HIP 82517 ;HD  151441 ;HR  6233 ;",0
257.917785,49.746357,94.8767,6.12,star A5III,"HIP 84108 ;HD  155860 ;HR  6399 ;",0
258.10443,-27.762124,153.8462,6.12,star B9Vn...,"HIP 84175 ;HD  155401 ;HR  6387 ;",0
264.74106,13.329262,99.9001,6.12,star F6III,"HIP 86373 ;HD  160365 ;HR  6577 ;",0
274.278525,40.936727,122.6994,6.12,star G9III,"HIP 89604 ;HD  168322 ;HR  6853 ;",0
282.067005,48.767556,60.1323,6.12,star A7III,"HIP 92269 ;HD  174481 ;HR  7096 ;",0
283.154355,-29.379676,159.7444,6.12,star K1III,"HIP 92643 ;HD  174631 ;HR  7104 ;",0
288.19218,-50.48642,123.1527,6.12,star G8III,"HIP 94398 ;HD  178845 ;HR  7271 ;",0
297.36459,38.710149,214.5923,6.12,star G6III,"HIP 97538 ;HD  187638 ;HR  7555 ;",0
297.796245,-2.46099,183.8235,6.12,star K5III,"HIP 97687 ;HD  187660 ;HR  7559 ;",0
301.92267,34.422905,531.9149,6.12,star B5Ib,"HIP 99145 ;HD  191243 ;HR  7699 ;",0
307.103775,-3.357794,184.8429,6.12,star B9V,"HIP 100977 ;HD  194939 ;HR  7821 ;BF  68    Aql ;",0
318.339975,81.230972,161.2903,6.12,star A3IV,"HIP 104756 ;HD  203501 ;HR  8174 ;",0
319.258485,53.997693,136.0544,6.12,star A1V,"HIP 105064 ;HD  202923 ;HR  8147 ;",0
321.61689,1.103359,49.505,6.12,star F5V,"HIP 105864 ;HD  204121 ;HR  8205 ;",0
336.46275,-75.015689,23.0468,6.12,star G3IV,"HIP 110712 ;HD  212168 ;HR  8526 ;",0
340.592025,-29.361046,211.4165,6.12,star M3III,"HIP 112102 ;HD  214966 ;HR  8637 ;BF  19    PsA ;",0
344.898645,-13.070895,272.4796,6.12,star K3/K4III,"HIP 113531 ;HD  217251 ;HR  8741 ;",0
346.791885,52.816601,108.9325,6.12,star K0III,"HIP 114162 ;HD  218416 ;HR  8801 ;",0
348.52608,-62.700004,29.3513,6.12,star G5IV,"HIP 114699 ;HD  219077 ;HR  8829 ;",0
350.93925,-43.124429,301.2048,6.12,star K3III,"HIP 115496 ;HD  220401 ;HR  8896 ;",0
12.576045,45.002258,100.3009,6.13,star A0p...,"HIP 3919 ;HD  4778 ;HR  234 ;",0
18.141975,45.337531,193.7984,6.13,star M1III,"HIP 5650 ;HD  7158 ;HR  355 ;",0
21.94392,-10.901582,118.2033,6.13,star K0,"HIP 6822 ;HD  8921 ;HR  425 ;",0
46.85697,17.879995,255.102,6.13,star B1.5V,"HIP 14514 ;HD  19374 ;HR  938 ;BF  53    Ari ;",0
55.9467,19.665032,125.6281,6.13,star G8III,"HIP 17408 ;HD  23183 ;HR  1132 ;BF  14    Tau ;",0
67.333635,-46.51527,122.549,6.13,star K1III,"HIP 20934 ;HD  28700 ;HR  1433 ;",0
79.86606,58.117365,240.9639,6.13,star B5V,"HIP 24836 ;HD  34233 ;HR  1719 ;BF  15    Cam ;",0
80.96388,-0.866622,55.7103,6.13,star F7V,"HIP 25240 ;HD  35317 ;HR  1782 ;",0
88.55562,10.586403,431.0345,6.13,star G9II,"HIP 27900 ;HD  39632 ;HR  2048 ;",0
103.341,-18.932844,127.0648,6.13,star A3III,"HIP 33079 ;HD  50643 ;HR  2566 ;",0
120.120675,-48.871768,296.7359,6.13,star A0p,"HIP 39153 ;HD  66255 ;HR  3151 ;",0
125.6952,-13.054793,126.1034,6.13,star K0III,"HIP 41067 ;HD  70673 ;HR  3289 ;BF  22    Pup ;",0
131.25534,5.680588,64.5578,6.13,star A6V,"HIP 42931 ;HD  74591 ;HR  3469 ;BF  10    Hya ;",0
134.15433,4.236581,434.7826,6.13,star G8II-III,"HIP 43902 ;HD  76494 ;HR  3557 ;",0
138.05121,-76.663028,119.1895,6.13,star K1III,"HIP 45166 ;HD  80194 ;HR  3695 ;",0
142.912455,-10.552013,51.4139,6.13,star F0Vn,"HIP 46744 ;HD  82428 ;HR  3785 ;",0
149.2956,-52.638783,819.6721,6.13,star B3IV,"HIP 48799 ;HD  86466 ;HR  3941 ;",0
156.54105,-42.738494,98.0392,6.13,star K1III,"HIP 51077 ;HD  90518 ;HR  4099 ;",0
171.091905,-42.669102,847.4576,6.13,star B2IV-V,"HIP 55667 ;HD  99171 ;HR  4403 ;",0
177.581685,-15.863667,176.6784,6.13,star G8II/III,"HIP 57732 ;HD  102845 ;HR  4539 ;",0
178.97817,-39.689517,126.1034,6.13,star K0III,"HIP 58177 ;HD  103637 ;HR  4568 ;",0
219.10047,-39.597407,139.47,6.13,star K1III,"HIP 71429 ;HD  128152 ;HR  5446 ;",0
220.091145,21.975868,116.2791,6.13,star G0V,"HIP 71729 ;HD  129132 ;HR  5472 ;",0
226.613085,-22.03183,58.072,6.13,star K0III,"HIP 73927 ;HD  133670 ;HR  5620 ;",0
242.19429,17.205638,97.7517,6.13,star A0Vnn,"HIP 79102 ;HD  145122 ;HR  6013 ;BF  8    Her ;",0
263.92653,37.301594,141.6431,6.13,star G9III,"HIP 86096 ;HD  159925 ;HR  6563 ;",0
267.19947,19.255017,165.5629,6.13,star A1V,"HIP 87192 ;HD  162161 ;HR  6642 ;",0
272.125455,-45.767015,271.7391,6.13,star B7/B8II,"HIP 88859 ;HD  165493 ;HR  6759 ;",0
272.730615,-33.80007,100000,6.13,star B2II/III,"HIP 89086 ;HD  166197 ;HR  6788 ;",0
276.381795,-63.021534,71.1744,6.13,star A3V,"HIP 90304 ;HD  168740 ;HR  6871 ;",0
280.650495,-7.073654,78.1861,6.13,star K0.5III,"HIP 91751 ;HD  172831 ;HR  7024 ;",0
291.08946,-43.722063,206.1856,6.13,star M1/M2III,"HIP 95396 ;HD  181925 ;HR  7350 ;",0
294.108645,-18.852921,77.6398,6.13,star F0V,"HIP 96440 ;HD  184705 ;HR  7439 ;",0
297.695295,37.826324,813.0081,6.13,star M3III,"HIP 97651 ;HD  187880 ;HR  7568 ;",0
298.06839,36.432295,216.9197,6.13,star K4III,"HIP 97789 ;HD  188149 ;HR  7583 ;",0
303.428385,43.379013,208.7683,6.13,star K4III,"HIP 99685 ;HD  192535 ;HR  7733 ;",0
304.82415,-47.580289,30.7692,6.13,star F5V,"HIP 100184 ;HD  192886 ;HR  7749 ;",0
307.380585,-22.391567,165.2893,6.13,star K5III,"HIP 101090 ;HD  195006 ;HR  7825 ;",0
316.597815,26.924362,126.1034,6.13,star K0II-III,"HIP 104172 ;HD  201051 ;HR  8082 ;",0
318.944925,-36.210709,215.9827,6.13,star K3III,"HIP 104980 ;HD  202287 ;HR  8124 ;",0
329.625315,-59.01214,67.1141,6.13,star F3V,"HIP 108478 ;HD  208496 ;HR  8369 ;BF  Kap1Ind ;",0
332.979555,-76.116023,88.1834,6.13,star K0III,"HIP 109584 ;HD  210056 ;HR  8432 ;",0
333.457125,63.162337,400,6.13,star B8Vn,"HIP 109746 ;HD  211242 ;HR  8490 ;",0
346.86552,32.825345,163.3987,6.13,star A3,"HIP 114187 ;HD  218395 ;HR  8798 ;",0
348.66738,-10.688715,193.4236,6.13,star K5III,"HIP 114750 ;HD  219279 ;HR  8836 ;",0
350.97705,-53.80874,118.624,6.13,star A4III,"HIP 115510 ;HD  220392 ;HR  8895 ;",0
358.097475,21.671099,197.2387,6.13,star M2III,"HIP 117710 ;HD  223755 ;HR  9035 ;",0
86.10885,-22.420198,8.9694,6.13,star K2 V,"HD  38392 ;HR  1982 ;GL  Gl 216B ;",0
139.3272,-68.689446,33.5233,6.13,star ,"GL  Gl 340.1B ;",0
3.43491,-26.284959,265.252,6.14,star K4III,"HIP 1099 ;HD  943 ;HR  43 ;",0
10.136565,-23.804876,28.885,6.14,star G3/G5V,"HIP 3185 ;HD  3795 ;HR  173 ;GL  Gl 27.2 ;",0
14.957025,6.483225,332.2259,6.14,star M2III,"HIP 4655 ;HD  5820 ;HR  284 ;",0
16.640115,12.956039,133.3333,6.14,star G8III,"HIP 5204 ;HD  6557 ;HR  319 ;BF  75    Psc ;",0
27.58395,-47.816392,151.9757,6.14,star K1IV,"HIP 8552 ;HD  11332 ;HR  537 ;",0
36.780165,27.012395,162.8664,6.14,star K5III,"HIP 11415 ;HD  15152 ;HR  711 ;",0
37.660065,19.855301,66.0502,6.14,star A9V,"HIP 11678 ;HD  15550 ;HR  729 ;BF  26    Ari ;",0
42.46236,-24.560311,133.6898,6.14,star K0III,"HIP 13197 ;HD  17713 ;HR  844 ;BF  Gam1For ;",0
44.69709,-9.776506,90.0901,6.14,star A2m,"HIP 13883 ;HD  18557 ;HR  895 ;",0
44.777055,-28.907213,142.2475,6.14,star K1III,"HIP 13907 ;HD  18650 ;HR  900 ;",0
49.14903,-9.154676,34.1763,6.14,star F1V,"HIP 15244 ;HD  20395 ;HR  988 ;BF  14    Eri ;",0
50.106555,25.662739,91.4077,6.14,star K3III:,"HIP 15557 ;HD  20663 ;HR  1000 ;BF  60    Ari ;",0
51.00954,-69.624606,196.0784,6.14,star A4:V+...,"HIP 15840 ;HD  21563 ;HR  1053 ;",0
52.545585,59.365947,95.1475,6.14,star A2V,"HIP 16303 ;HD  21427 ;HR  1043 ;",0
53.534895,17.832828,40.3877,6.14,star K1IVe...,"HIP 16641 ;HD  22072 ;HR  1085 ;",0
59.01642,-63.463718,103.5197,6.14,star K1/K2III,"HIP 18401 ;HD  25170 ;HR  1236 ;",0
61.661775,65.520798,134.2282,6.14,star A3m,"HIP 19177 ;HD  25425 ;HR  1248 ;",0
63.213525,22.413458,267.3797,6.14,star B9IIIsp...,"HIP 19672 ;HD  26571 ;HR  1297 ;",0
67.015155,1.858605,94.2507,6.14,star G9III,"HIP 20848 ;HD  28322 ;HR  1413 ;",0
74.74755,14.54324,349.6503,6.14,star B7V,"HIP 23161 ;HD  31764 ;HR  1600 ;",0
76.06068,30.494588,180.8318,6.14,star K0II-III,"HIP 23583 ;HD  32406 ;HR  1626 ;",0
88.0719,58.964088,148.368,6.14,star A0Vs,"HIP 27731 ;HD  38831 ;HR  2006 ;BF  30    Cam ;",0
89.94978,54.547009,94.162,6.14,star K2III,"HIP 28390 ;HD  40083 ;HR  2080 ;",0
99.469605,4.95667,100000,6.14,star B1Ib,"HIP 31697 ;HD  47240 ;HR  2432 ;",0
99.58524,-2.543897,232.5581,6.14,star K2,"HIP 31733 ;HD  47420 ;HR  2440 ;",0
111.197325,-37.291193,206.1856,6.14,star A8V,"HIP 35960 ;HD  58634 ;HR  2842 ;",0
117.03561,-40.652378,197.6285,6.14,star M2III,"HIP 38074 ;HD  63640 ;HR  3041 ;",0
118.66632,-34.846713,198.8072,6.14,star K4III,"HIP 38635 ;HD  64876 ;HR  3092 ;",0
119.30316,-63.296835,142.6534,6.14,star B8V,"HIP 38863 ;HD  65908 ;HR  3139 ;",0
125.62569,-6.179158,72.8863,6.14,star A8IV,"HIP 41036 ;HD  70574 ;HR  3285 ;",0
133.482015,35.538294,241.5459,6.14,star A4III,"HIP 43685 ;HD  75896 ;HR  3528 ;",0
138.05367,3.866978,99.3049,6.14,star A0V,"HIP 45167 ;HD  79108 ;HR  3651 ;",0
139.46526,-67.050868,393.7008,6.14,star K2III,"HIP 45615 ;HD  80710 ;HR  3713 ;",0
140.182395,51.266066,27.4499,6.14,star F3V,"HIP 45836 ;HD  80290 ;HR  3697 ;",0
142.351845,-2.205172,128.866,6.14,star F0III,"HIP 46529 ;HD  82043 ;HR  3760 ;",0
150.8922,-61.88404,502.5126,6.14,star B4:Vne,"HIP 49281 ;HD  87543 ;HR  3971 ;",0
152.382615,-35.856771,31.6356,6.14,star G1V,"HIP 49769 ;HD  88218 ;HR  3992 ;GL  Gl 379.1A ;",0
174.470925,50.618211,129.0323,6.14,star K0p...,"HIP 56731 ;HD  101013 ;HR  4474 ;",0
181.415565,62.93312,117.9245,6.14,star K2III,"HIP 58989 ;HD  105043 ;HR  4610 ;",0
192.99126,-26.738275,66.9792,6.14,star A0III,"HIP 62788 ;HD  111786 ;HR  4881 ;",0
203.02254,-38.398844,97.9432,6.14,star K1III,"HIP 66019 ;HD  117597 ;HR  5092 ;",0
209.08323,-54.13242,139.8601,6.14,star A1V,"HIP 68080 ;HD  121336 ;HR  5234 ;",0
209.36553,-23.02263,175.7469,6.14,star K2/K3III,"HIP 68177 ;HD  121699 ;HR  5246 ;",0
212.81301,32.295892,110.742,6.14,star K4III,"HIP 69316 ;HD  124186 ;HR  5310 ;",0
230.173635,44.434376,54.0541,6.14,star F4IVs,"HIP 75093 ;HD  136751 ;HR  5716 ;",0
230.25573,-15.548342,56.6572,6.14,star F2V,"HIP 75118 ;HD  136407 ;HR  5703 ;BF  29Omi Lib ;",0
238.719315,-60.743651,421.9409,6.14,star B9II,"HIP 77927 ;HD  141913 ;HR  5898 ;",0
243.84984,-42.899422,71.4286,6.14,star K2III,"HIP 79661 ;HD  145921 ;HR  6049 ;",0
243.94719,27.422081,120.4819,6.14,star K2,"HIP 79686 ;HD  146537 ;HR  6068 ;",0
246.342255,-63.125217,124.8439,6.14,star A1V,"HIP 80455 ;HD  147349 ;HR  6089 ;",0
250.975335,-41.113344,167.2241,6.14,star B6/B7V,"HIP 81914 ;HD  150591 ;HR  6209 ;",0
261.26112,-34.696055,172.117,6.14,star Ap...,"HIP 85237 ;HD  157486 ;HR  6470 ;",0
267.701595,22.31633,93.7207,6.14,star A9V,"HIP 87341 ;HD  162570 ;HR  6655 ;",0
268.33158,-34.730812,271.7391,6.14,star B4III,"HIP 87567 ;HD  162586 ;HR  6657 ;",0
271.15566,1.918992,100000,6.14,star B0IIIn,"HIP 88522 ;HD  165174 ;HR  6747 ;",0
273.31902,21.880332,377.3585,6.14,star K4III,"HIP 89298 ;HD  167193 ;HR  6820 ;",0
275.368335,5.435726,324.6753,6.14,star B3Ve,"HIP 89977 ;HD  168797 ;HR  6873 ;",0
276.34032,-35.992025,118.2033,6.14,star K0III,"HIP 90290 ;HD  169236 ;HR  6889 ;",0
284.10669,2.47119,156.4945,6.14,star G8III,"HIP 92968 ;HD  175679 ;HR  7144 ;",0
284.60346,-22.529493,79.3651,6.14,star A1V,"HIP 93140 ;HD  175892 ;HR  7159 ;",0
292.46916,-55.441754,95.9693,6.14,star K0/K1III,"HIP 95866 ;HD  182893 ;HR  7388 ;",0
295.90674,-37.538765,194.9318,6.14,star B8IV/V,"HIP 97067 ;HD  186042 ;HR  7491 ;",0
296.463975,35.012751,128.041,6.14,star A2V+...,"HIP 97242 ;HD  186927 ;HR  7530 ;",0
296.861805,47.907564,299.4012,6.14,star M2III,"HIP 97372 ;HD  187372 ;HR  7547 ;",0
298.667505,7.140353,81.7661,6.14,star A2V,"HIP 97970 ;HD  188385 ;HR  7598 ;",0
299.813925,52.055691,238.6635,6.14,star B5III,"HIP 98379 ;HD  189775 ;HR  7651 ;",0
301.278105,51.839398,219.2982,6.14,star M1IIIa,"HIP 98915 ;HD  190964 ;HR  7687 ;",0
306.15624,1.068406,247.5248,6.14,star B9V,"HIP 100664 ;HD  194244 ;HR  7803 ;",0
307.94379,56.779858,234.7418,6.14,star K5III,"HIP 101285 ;HD  195964 ;HR  7860 ;",0
317.11725,6.989358,357.1429,6.14,star K5III,"HIP 104357 ;HD  201298 ;HR  8090 ;",0
322.21971,55.418702,390.625,6.14,star B8III,"HIP 106052 ;HD  204754 ;HR  8226 ;",0
328.4907,6.864804,140.4494,6.14,star G0IIIs,"HIP 108090 ;HD  208110 ;HR  8359 ;",0
334.156095,-25.898162,176.0563,6.14,star K1II/III,"HIP 109990 ;HD  211291 ;HR  8492 ;",0
340.586715,53.908748,384.6154,6.14,star K2,"HIP 112098 ;HD  215159 ;HR  8648 ;",0
342.199545,54.414892,228.833,6.14,star B5Vn,"HIP 112641 ;HD  216057 ;HR  8682 ;",0
343.041645,-63.188667,125.4705,6.14,star K0III,"HIP 112924 ;HD  216187 ;HR  8689 ;",0
7.46622,-14.864109,42.7533,6.15,star F2/F3V,"HIP 2337 ;HD  2630 ;HR  115 ;",0
11.249385,-53.714895,46.5983,6.15,star F7III,"HIP 3527 ;HD  4304 ;HR  202 ;",0
11.35053,-4.62916,253.8071,6.15,star M0III,"HIP 3552 ;HD  4301 ;HR  201 ;",0
11.369535,-12.88081,30.9981,6.15,star G2V,"HIP 3559 ;HD  4307 ;HR  203 ;GL  GJ 1020 ;BF  18    Cet ;",0
13.573305,-8.740662,131.406,6.15,star G5IV,"HIP 4257 ;HD  5268 ;HR  255 ;BF  21    Cet ;",0
22.7169,66.098087,93.8086,6.15,star A2Vs,"HIP 7050 ;HD  9030 ;HR  428 ;",0
28.95963,-78.348548,40.6174,6.15,star F5/F6IV/V,"HIP 8991 ;HD  12363 ;HR  593 ;BF  Sig Hyi ;",0
41.044095,-52.570597,101.3171,6.15,star A2V,"HIP 12775 ;HD  17254 ;HR  821 ;",0
44.269065,4.50103,226.2443,6.15,star M4III,"HIP 13756 ;HD  18345 ;HR  877 ;",0
48.03981,42.375905,200.4008,6.15,star B4V,"HIP 14887 ;HD  19736 ;HR  950 ;",0
49.018545,45.346133,326.7974,6.15,star M2III,"HIP 15209 ;HD  20162 ;HR  973 ;",0
65.161005,-6.245995,61.2745,6.15,star G8IV:,"HIP 20263 ;HD  27536 ;HR  1362 ;",0
65.219655,13.864427,47.4158,6.15,star F6V...,"HIP 20284 ;HD  27483 ;HR  1358 ;",0
74.43618,-14.23192,416.6667,6.15,star B2V,"HIP 23060 ;HD  31726 ;HR  1595 ;",0
76.909635,9.47178,27.6702,6.15,star G1IV,"HIP 23852 ;HD  33021 ;HR  1662 ;GL  NN 3334 ;BF  13    Ori ;",0
78.79746,59.405687,109.0513,6.15,star K2III-IV,"HIP 24479 ;HD  33618 ;HR  1688 ;",0
78.827085,-1.40904,46.9043,6.15,star F0IV,"HIP 24493 ;HD  34180 ;HR  1717 ;",0
79.578735,33.767348,122.1001,6.15,star B9.5V,"HIP 24740 ;HD  34364 ;HR  1728 ;BF  17    Aur ;",0
83.158245,0.011933,337.8378,6.15,star K5,"HIP 25976 ;HD  36558 ;",0
84.31278,64.15469,111.2347,6.15,star A0V,"HIP 26408 ;HD  36570 ;HR  1857 ;BF  19    Cam ;",0
84.318765,-27.871362,39.3701,6.15,star F0IV,"HIP 26412 ;HD  37430 ;HR  1926 ;BF  Nu 1Col ;",0
85.560315,-17.530376,245.7002,6.15,star K3III,"HIP 26866 ;HD  38054 ;HR  1965 ;",0
89.754495,-9.382223,90.3342,6.15,star F2IV,"HIP 28321 ;HD  40535 ;HR  2107 ;BF  1    Mon ;",0
91.67103,-42.298804,83.4028,6.15,star Am,"HIP 28957 ;HD  42078 ;HR  2171 ;BF  Pi 1Col ;",0
91.861485,41.854282,217.8649,6.15,star K0III,"HIP 29025 ;HD  41467 ;HR  2147 ;",0
92.755065,-6.754221,170.3578,6.15,star A0sp...,"HIP 29323 ;HD  42536 ;HR  2195 ;",0
97.79436,-61.879545,380.2281,6.15,star B3V,"HIP 31068 ;HD  46792 ;HR  2410 ;",0
99.501645,-61.533387,21.2947,6.15,star G1/G2V,"HIP 31711 ;HD  48189 ;HR  2468 ;GL  NN 3400A ;",0
106.383435,-34.7777,53.4474,6.15,star F2V,"HIP 34200 ;HD  53952 ;HR  2677 ;",0
108.031215,5.474347,196.0784,6.15,star K0III,"HIP 34789 ;HD  55184 ;HR  2713 ;",0
121.437015,-33.569435,862.069,6.15,star G1Ib,"HIP 39617 ;HD  67243 ;HR  3177 ;",0
123.9951,-35.903191,507.6142,6.15,star K2III,"HIP 40485 ;HD  69511 ;HR  3253 ;",0
125.35077,-39.620714,65.9196,6.15,star A4V,"HIP 40947 ;HD  70612 ;HR  3286 ;",0
137.18139,-26.767598,122.1001,6.15,star A4IV,"HIP 44887 ;HD  78676 ;HR  3637 ;",0
142.317465,-38.403542,60.6061,6.15,star A6V,"HIP 46517 ;HD  82165 ;HR  3766 ;",0
145.864965,-51.228136,411.5226,6.15,star B6V,"HIP 47694 ;HD  84400 ;HR  3872 ;",0
156.752025,19.364538,104.8218,6.15,star K0,"HIP 51161 ;HD  90472 ;HR  4097 ;",0
162.238485,29.416057,181.1594,6.15,star K0,"HIP 52882 ;HD  93636 ;HR  4223 ;BF  43    LMi ;",0
165.03459,-51.8178,61.0874,6.15,star A3III/IV,"HIP 53771 ;HD  95429 ;HR  4296 ;",0
173.09703,-26.746805,220.2643,6.15,star M2III,"HIP 56293 ;HD  100307 ;HR  4445 ;",0
177.255345,-0.31867,35.0877,6.15,star F7V,"HIP 57629 ;HD  102634 ;HR  4533 ;",0
184.44696,-36.093979,150.1502,6.15,star A0V,"HIP 59950 ;HD  106922 ;HR  4675 ;",0
187.140435,-56.407816,42.3729,6.15,star K0/K1III,"HIP 60870 ;HD  108570 ;HR  4749 ;",0
196.595295,62.041868,116.2791,6.15,star G7III,"HIP 63952 ;HD  113994 ;HR  4953 ;",0
214.12569,-3.196305,140.2525,6.15,star A1V,"HIP 69747 ;HD  124931 ;HR  5342 ;",0
221.335755,18.884956,178.2531,6.15,star K0,"HIP 72139 ;HD  130025 ;HR  5507 ;",0
222.09729,24.366876,84.674,6.15,star F2V,"HIP 72412 ;HD  130603 ;HR  5524 ;",0
222.22539,-0.847655,134.5895,6.15,star B9Vsvar...,"HIP 72449 ;HD  130557 ;HR  5522 ;",0
222.278265,37.811179,40.6835,6.15,star F2V,"HIP 72469 ;HD  130817 ;HR  5529 ;",0
232.184985,47.201514,156.9859,6.15,star Amvar...,"HIP 75770 ;HD  138213 ;HR  5752 ;",0
236.175555,17.264226,113.6364,6.15,star A0V,"HIP 77111 ;HD  140729 ;HR  5858 ;BF  26Tau8Ser ;",0
238.62546,-27.338639,158.2278,6.15,star B7V,"HIP 77900 ;HD  142250 ;HR  5910 ;",0
241.842405,21.822615,228.833,6.15,star K4III,"HIP 78985 ;HD  144889 ;HR  6005 ;",0
254.35833,-10.963373,81.1688,6.15,star G8III-IV,"HIP 82979 ;HD  153021 ;HR  6296 ;",0
256.6182,-35.451046,625,6.15,star O9.5Iab,"HIP 83706 ;HD  154368 ;HR  6347 ;",0
263.381685,57.558721,250,6.15,star A5V+...,"HIP 85923 ;HD  159870 ;HR  6560 ;",0
275.500575,-28.429962,165.0165,6.15,star A3III,"HIP 90012 ;HD  168646 ;HR  6864 ;",0
276.238365,-1.579413,133.5113,6.15,star F1V,"HIP 90253 ;HD  169493 ;HR  6898 ;",0
286.71873,-37.810658,16.9549,6.15,star G8V,"HIP 93858 ;HD  177565 ;HR  7232 ;GL  Gl 744 ;",0
299.619735,63.534135,136.9863,6.15,star A3V,"HIP 98308 ;HD  189900 ;HR  7654 ;",0
306.22839,-83.310616,75.7002,6.15,star A2/A3m...,"HIP 100697 ;HD  191220 ;HR  7698 ;",0
319.730535,41.040518,617.284,6.15,star A5IV,"HIP 105229 ;HD  203096 ;HR  8155 ;",0
320.03952,-45.021893,581.3953,6.15,star C5II,"HIP 105334 ;HD  202874 ;HR  8145 ;",0
337.826295,-6.555151,25.413,6.15,star F7V,"HIP 111170 ;HD  213429 ;HR  8581 ;GL  Gl 862.1 ;",0
337.826745,-2.911276,119.9041,6.15,star K0,"HIP 111171 ;HD  213428 ;HR  8580 ;",0
338.859975,-78.771585,290.6977,6.15,star K1III,"HIP 111504 ;HD  213402 ;HR  8577 ;",0
344.645865,-35.523231,74.3494,6.15,star F7V,"HIP 113447 ;HD  217096 ;HR  8732 ;",0
346.30356,-17.07925,198.0198,6.15,star K4III,"HIP 113998 ;HD  218061 ;HR  8783 ;",0
349.583355,-67.471177,196.4637,6.15,star K2/K3III,"HIP 115062 ;HD  219644 ;HR  8855 ;",0
6.65589,-0.049533,138.3126,6.16,star G8III,"HIP 2100 ;HD  2273 ;HR  101 ;BF  10    Cet ;",0
20.11587,-11.238999,112.2334,6.16,star K1III,"HIP 6272 ;HD  8121 ;HR  388 ;",0
36.9657,50.569974,56.5291,6.16,star F4V,"HIP 11465 ;HD  15138 ;HR  709 ;BF  66    And ;",0
65.041455,31.953174,225.2252,6.16,star K5,"HIP 20231 ;HD  27349 ;HR  1344 ;",0
78.684465,53.213949,100000,6.16,star A0V,"HIP 24451 ;HD  33654 ;HR  1692 ;",0
84.47244,-4.814034,495.0495,6.16,star B2IV-V,"HIP 26477 ;HD  37356 ;HR  1923 ;",0
87.86922,-22.926947,126.1034,6.16,star K0IIICN...,"HIP 27670 ;HD  39385 ;HR  2036 ;",0
92.40105,-5.711429,62.5,6.16,star F3IVw,"HIP 29210 ;HD  42278 ;HR  2179 ;",0
96.643515,-4.5974,396.8254,6.16,star B2.5V,"HIP 30660 ;HD  45321 ;HR  2325 ;",0
97.078395,10.303893,81.8331,6.16,star K2III-IV,"HIP 30804 ;HD  45512 ;HR  2342 ;",0
97.64535,-13.148172,500,6.16,star B2III,"HIP 31024 ;HD  46064 ;HR  2373 ;",0
100.30905,-40.349847,355.8719,6.16,star B4V,"HIP 32007 ;HD  48383 ;HR  2475 ;",0
102.26523,1.002065,100000,6.16,star B3II-III,"HIP 32682 ;HD  49567 ;HR  2517 ;",0
103.81107,43.910031,310.559,6.16,star A9III,"HIP 33269 ;HD  50420 ;HR  2557 ;",0
114.975375,32.009727,101.626,6.16,star F6II,"HIP 37339 ;HD  61295 ;HR  2936 ;",0
115.348035,-22.336721,270.2703,6.16,star M0/M1III,"HIP 37465 ;HD  62082 ;HR  2976 ;",0
116.05446,-69.821593,125,6.16,star A0IV/V,"HIP 37720 ;HD  63584 ;HR  3038 ;",0
117.730155,-11.128602,123.3046,6.16,star K0,"HIP 38307 ;HD  63894 ;HR  3054 ;",0
119.09961,4.485567,359.7122,6.16,star G8III,"HIP 38794 ;HD  64938 ;HR  3093 ;",0
129.927615,73.629678,113.3787,6.16,star G7III,"HIP 42484 ;HD  72582 ;HR  3379 ;",0
136.74975,1.462694,249.3766,6.16,star M1III,"HIP 44738 ;HD  78196 ;HR  3618 ;",0
140.36325,32.902151,89.9281,6.16,star K3III,"HIP 45896 ;HD  80546 ;HR  3707 ;",0
153.095595,-52.163242,110.011,6.16,star K2IIICN...,"HIP 49994 ;HD  88693 ;HR  4010 ;",0
153.81936,-54.974207,471.6981,6.16,star B2IV-V,"HIP 50232 ;HD  89104 ;HR  4038 ;",0
155.459595,14.975773,142.6534,6.16,star A1V,"HIP 50755 ;HD  89774 ;HR  4070 ;BF  42    Leo ;",0
164.315835,-75.099761,961.5385,6.16,star K1II,"HIP 53546 ;HD  95208 ;HR  4279 ;",0
164.80845,-61.320739,118.2033,6.16,star B8IV,"HIP 53701 ;HD  95324 ;HR  4290 ;",0
166.000995,-57.955331,840.3361,6.16,star B3III,"HIP 54082 ;HD  96088 ;",0
176.77935,-35.906862,133.6898,6.16,star G8III,"HIP 57497 ;HD  102397 ;HR  4524 ;",0
180.37176,-57.503777,102.3541,6.16,star A1V,"HIP 58642 ;HD  104430 ;HR  4592 ;",0
182.51064,-34.704742,98.8142,6.16,star A0V,"HIP 59307 ;HD  105686 ;HR  4628 ;",0
185.074005,26.001875,64.4745,6.16,star F0IV,"HIP 60168 ;HD  107326 ;HR  4694 ;GL  Gl 460 ;",0
191.258595,-68.830751,628.9308,6.16,star F6Ia,"HIP 62212 ;HD  110716 ;HR  4841 ;",0
198.49047,-43.139107,106.383,6.16,star K5II,"HIP 64557 ;HD  114873 ;HR  4991 ;",0
205.553175,8.388394,36.4431,6.16,star F3Vp,"HIP 66860 ;HD  119288 ;HR  5156 ;",0
208.958325,14.056503,24.8633,6.16,star F6V,"HIP 68030 ;HD  121560 ;HR  5243 ;",0
210.749025,50.971809,100.4016,6.16,star A2V,"HIP 68637 ;HD  122866 ;HR  5280 ;",0
226.91802,5.498035,167.7852,6.16,star K0III,"HIP 74026 ;HD  134047 ;HR  5631 ;",0
227.22297,13.235242,136.4256,6.16,star G6V:,"HIP 74121 ;HD  134323 ;HR  5639 ;",0
230.22366,-18.158658,183.4862,6.16,star G8II/III,"HIP 75110 ;HD  136366 ;HR  5701 ;BF  28    Lib ;",0
241.850355,-56.190956,469.4836,6.16,star F2II,"HIP 78989 ;HD  144183 ;HR  5979 ;",0
249.71961,-60.990402,178.2531,6.16,star B8Vn,"HIP 81507 ;HD  149485 ;HR  6167 ;",0
252.679785,32.553668,94.0734,6.16,star K0III,"HIP 82426 ;HD  152224 ;HR  6259 ;",0
255.320625,60.648754,102.3541,6.16,star K1III,"HIP 83289 ;HD  154391 ;HR  6348 ;",0
263.102625,-34.279405,120.4819,6.16,star F2IV,"HIP 85839 ;HD  158741 ;HR  6522 ;",0
266.14206,2.579441,84.8176,6.16,star A1IV-V,"HIP 86831 ;HD  161270 ;HR  6609 ;BF  61    Oph ;",0
276.038295,83.1754,150.3759,6.16,star A2V,"HIP 90182 ;HD  172864 ;HR  7025 ;",0
298.014345,11.628329,26.617,6.16,star G0V,"HIP 97767 ;HD  187923 ;HR  7569 ;GL  NN 4126 ;",0
299.07933,56.687017,76.5111,6.16,star A4Vn,"HIP 98111 ;HD  189296 ;HR  7634 ;",0
301.119975,48.229664,183.4862,6.16,star A2IV,"HIP 98858 ;HD  190781 ;HR  7684 ;",0
305.718195,14.551098,26.2536,6.16,star F8V,"HIP 100511 ;HD  194012 ;HR  7793 ;",0
324.411705,54.042192,165.0165,6.16,star K1III,"HIP 106771 ;HD  206040 ;HR  8275 ;",0
325.18044,54.872149,219.7802,6.16,star K0III,"HIP 107041 ;HD  206509 ;HR  8290 ;",0
331.318785,46.744836,304.878,6.16,star M4III,"HIP 109033 ;HD  209857 ;HR  8421 ;",0
334.140225,-1.596389,80.7103,6.16,star A5Vn,"HIP 109984 ;HD  211356 ;HR  8495 ;",0
336.860415,39.810026,657.8947,6.16,star B2V,"HIP 110849 ;HD  212978 ;HR  8553 ;",0
346.575555,18.517765,43.554,6.16,star F6Vs,"HIP 114081 ;HD  218235 ;HR  8788 ;",0
3.742725,-34.904223,194.5525,6.17,star K3III,"HIP 1195 ;HD  1089 ;HR  54 ;",0
21.16638,-15.660468,118.624,6.17,star G8III/IV,"HIP 6589 ;HD  8589 ;HR  405 ;",0
21.20283,-2.84859,76.3359,6.17,star G8III,"HIP 6605 ;HD  8599 ;HR  406 ;",0
22.91253,-45.575712,104.712,6.17,star A2V,"HIP 7115 ;HD  9414 ;HR  443 ;",0
35.17296,47.310804,243.9024,6.17,star B5V,"HIP 10924 ;HD  14372 ;HR  679 ;",0
36.141,-40.840458,31.1818,6.17,star G5IV,"HIP 11231 ;HD  15064 ;HR  706 ;",0
37.636635,-22.545318,160.2564,6.17,star M0III,"HIP 11671 ;HD  15652 ;HR  735 ;",0
38.76723,7.470993,119.0476,6.17,star G6III:,"HIP 12022 ;HD  16060 ;HR  751 ;",0
44.102715,64.332442,699.3007,6.17,star K3Ibvar,"HIP 13700 ;HD  17958 ;HR  861 ;",0
48.408105,-29.804129,125.1564,6.17,star K1IICN...,"HIP 15024 ;HD  20176 ;HR  974 ;",0
49.00356,-5.918705,201.6129,6.17,star B9V,"HIP 15203 ;HD  20319 ;HR  983 ;",0
57.43137,23.711855,114.6789,6.17,star B8V,"HIP 17900 ;HD  23923 ;HR  1183 ;",0
78.261765,61.85004,131.7523,6.17,star A2III,"HIP 24313 ;HD  33266 ;HR  1675 ;",0
81.72633,35.457272,180.1802,6.17,star K2,"HIP 25476 ;HD  35519 ;HR  1794 ;",0
86.03523,61.476536,110.9878,6.17,star G5III:,"HIP 27046 ;HD  37638 ;HR  1943 ;BF  23    Cam ;",0
90.33408,85.182113,416.6667,6.17,star M0III,"HIP 28532 ;HD  36905 ;HR  1885 ;",0
97.31172,2.646194,300.3003,6.17,star M1,"HIP 30906 ;HD  45724 ;HR  2355 ;",0
97.789845,11.251375,303.0303,6.17,star B2V:nne,"HIP 31066 ;HD  45995 ;HR  2370 ;",0
99.41802,2.704158,135.6852,6.17,star K1III,"HIP 31672 ;HD  47220 ;HR  2430 ;",0
106.415865,52.758558,99.7009,6.17,star A3Vs,"HIP 34217 ;HD  52859 ;HR  2644 ;",0
110.86725,22.945349,87.6424,6.17,star A1V,"HIP 35842 ;HD  57744 ;HR  2810 ;BF  58    Gem ;",0
115.77258,0.189333,172.117,6.17,star K0III,"HIP 37614 ;HD  62264 ;HR  2982 ;",0
117.697485,3.277253,150.1502,6.17,star K1III,"HIP 38300 ;HD  63799 ;HR  3050 ;",0
132.59016,-28.617619,115.2074,6.17,star B9V,"HIP 43394 ;HD  75649 ;HR  3516 ;",0
134.2845,17.143751,107.0664,6.17,star K1III,"HIP 43957 ;HD  76508 ;HR  3558 ;",0
153.836985,-36.517717,107.4114,6.17,star K0III,"HIP 50234 ;HD  89015 ;HR  4029 ;",0
164.070225,22.351682,230.9469,6.17,star K2,"HIP 53472 ;HD  94720 ;HR  4269 ;",0
174.95973,-16.620229,210.9705,6.17,star M3II/III,"HIP 56899 ;HD  101370 ;HR  4491 ;",0
178.361745,-35.066645,74.129,6.17,star A2V,"HIP 57971 ;HD  103266 ;HR  4553 ;",0
198.789435,-36.37141,118.624,6.17,star K1III,"HIP 64651 ;HD  115050 ;HR  4999 ;",0
200.785965,-33.189878,250.6266,6.17,star M2III,"HIP 65311 ;HD  116278 ;HR  5043 ;",0
202.19505,-69.627152,187.6173,6.17,star B8V,"HIP 65755 ;HD  116890 ;HR  5066 ;",0
208.46709,-35.314361,65.9631,6.17,star K0III,"HIP 67851 ;HD  121056 ;HR  5224 ;",0
224.652255,-39.907172,102.7749,6.17,star K1III,"HIP 73279 ;HD  132096 ;HR  5572 ;",0
249.229125,63.072824,156.7398,6.17,star K5,"HIP 81358 ;HD  150429 ;HR  6198 ;",0
250.2102,-60.446442,31.3283,6.17,star F2III-IV,"HIP 81657 ;HD  149837 ;HR  6177 ;",0
255.41703,75.297497,46.5983,6.17,star F0IVn,"HIP 83317 ;HD  155154 ;HR  6379 ;",0
259.05942,2.186202,219.7802,6.17,star A2V,"HIP 84479 ;HD  156208 ;HR  6412 ;",0
261.276,-24.243683,126.2626,6.17,star K0III,"HIP 85242 ;HD  157588 ;HR  6474 ;",0
261.734805,-51.948819,167.7852,6.17,star B8/B9V,"HIP 85393 ;HD  157599 ;HR  6475 ;",0
268.26474,-10.899562,91.9963,6.17,star K1III:,"HIP 87540 ;HD  162757 ;HR  6666 ;",0
274.91709,-63.886562,23.0468,6.17,star F9V,"HIP 89805 ;HD  167425 ;HR  6828 ;",0
283.249575,-46.586329,251.8892,6.17,star A1IV/V,"HIP 92669 ;HD  174500 ;HR  7097 ;",0
283.259805,-48.360913,81.9672,6.17,star A2V,"HIP 92676 ;HD  174474 ;HR  7095 ;",0
295.171455,43.077824,515.4639,6.17,star M2III,"HIP 96805 ;HD  186121 ;HR  7492 ;",0
299.844345,1.377696,235.2941,6.17,star G8III,"HIP 98385 ;HD  189322 ;HR  7636 ;",0
305.08551,14.569257,170.068,6.17,star G8III,"HIP 100274 ;HD  193556 ;HR  7778 ;",0
310.665375,60.601316,189.3939,6.17,star A2IV,"HIP 102216 ;HD  197734 ;HR  7938 ;",0
314.62896,41.939925,152.9052,6.17,star B7III,"HIP 103532 ;HD  199892 ;HR  8036 ;",0
319.346595,42.683572,260.4167,6.17,star B7Vn,"HIP 105101 ;HD  202862 ;HR  8144 ;",0
322.864425,52.619856,529.1005,6.17,star G2Ib+...,"HIP 106267 ;HD  205114 ;HR  8242 ;",0
323.614425,51.698465,408.1633,6.17,star B9III,"HIP 106518 ;HD  205551 ;HR  8259 ;",0
324.734145,-79.442583,64.433,6.17,star F4IV,"HIP 106881 ;HD  204904 ;HR  8234 ;",0
326.909325,-5.916802,69.5894,6.17,star A7V,"HIP 107596 ;HD  207235 ;HR  8332 ;",0
328.83582,61.54181,100000,6.17,star G8Ib...,"HIP 108209 ;HD  208606 ;HR  8374 ;",0
329.058525,-57.899591,142.8571,6.17,star A3m...,"HIP 108281 ;HD  208149 ;HR  8362 ;BF  Pi  Ind ;",0
331.85661,53.307438,100000,6.17,star A3Ib,"HIP 109205 ;HD  210221 ;HR  8443 ;",0
334.249305,-23.140247,142.2475,6.17,star K0III,"HIP 110018 ;HD  211364 ;HR  8497 ;",0
344.41974,39.308777,471.6981,6.17,star B2IV-V,"HIP 113371 ;HD  217101 ;HR  8733 ;",0
344.56476,-2.395385,19.857,6.17,star G8IV,"HIP 113421 ;HD  217107 ;HR  8734 ;",0
350.170365,-5.907975,113.1222,6.17,star K0III,"HIP 115257 ;HD  220035 ;HR  8879 ;",0
117.94122,-13.896051,16.6722,6.17,star G4 V,"GL  Gl 291B ;",0
0.128895,59.559679,136.2398,6.18,star G9III-IV,"HIP 43 ;HD  224784 ;HR  9079 ;",0
2.050395,-2.447711,279.3296,6.18,star K2III,"HIP 664 ;HD  352 ;HR  14 ;",0
2.996115,48.152396,202.0202,6.18,star K4III,"HIP 967 ;HD  743 ;HR  36 ;",0
7.615935,-40.939586,129.5337,6.18,star F2III,"HIP 2388 ;HD  2724 ;HR  119 ;",0
7.72665,77.019404,38.506,6.18,star K0IV,"HIP 2422 ;HD  2589 ;HR  112 ;",0
7.85505,66.519617,233.1002,6.18,star B6V,"HIP 2474 ;HD  2729 ;HR  121 ;BF  13    Cas ;",0
9.27996,24.014136,112.7396,6.18,star K2III,"HIP 2926 ;HD  3411 ;HR  156 ;",0
10.62927,58.753411,336.7003,6.18,star B9.5III,"HIP 3334 ;HD  3924 ;HR  181 ;",0
21.398655,23.511519,68.0735,6.18,star F5III,"HIP 6669 ;HD  8634 ;HR  407 ;",0
24.1866,-58.270966,228.833,6.18,star M3III,"HIP 7506 ;HD  10052 ;HR  468 ;",0
26.074755,57.536617,84.9618,6.18,star A3V,"HIP 8115 ;HD  10543 ;HR  499 ;",0
26.81958,-41.759926,184.1621,6.18,star K5/M0III,"HIP 8320 ;HD  11022 ;HR  524 ;",0
46.96185,-27.831151,54.6448,6.18,star A3V,"HIP 14551 ;HD  19545 ;HR  943 ;",0
54.857295,16.536685,130.2083,6.18,star K0III,"HIP 17058 ;HD  22695 ;HR  1110 ;",0
57.075315,50.736767,250.6266,6.18,star B8Vn,"HIP 17772 ;HD  23552 ;HR  1160 ;",0
59.15805,-9.750844,125.6281,6.18,star F1V,"HIP 18455 ;HD  24832 ;HR  1225 ;",0
65.74137,59.616182,142.0455,6.18,star A4V,"HIP 20456 ;HD  27402 ;HR  1352 ;",0
67.660035,32.457768,115.0748,6.18,star B9.5Vn,"HIP 21038 ;HD  28459 ;HR  1419 ;",0
70.80732,24.08892,48.2625,6.18,star F7IV-V,"HIP 21961 ;HD  29859 ;HR  1499 ;BF  95    Tau ;",0
71.607285,-28.087444,56.1798,6.18,star A2IV/V,"HIP 22192 ;HD  30422 ;HR  1525 ;",0
81.445905,0.520244,380.2281,6.18,star B2.5V,"HIP 25378 ;HD  35588 ;HR  1803 ;",0
81.71367,33.262258,100.8065,6.18,star K0,"HIP 25475 ;HD  35521 ;HR  1796 ;",0
81.8079,15.25763,130.3781,6.18,star A1IV,"HIP 25502 ;HD  35693 ;HR  1809 ;",0
82.558035,-84.785104,112.2334,6.18,star A1V,"HIP 25776 ;HD  39780 ;HR  2059 ;",0
85.548255,-30.535442,226.7574,6.18,star A0V,"HIP 26862 ;HD  38138 ;HR  1972 ;",0
86.782515,-16.238079,223.7136,6.18,star G8III,"HIP 27308 ;HD  38713 ;HR  2000 ;",0
87.269445,62.80819,122.6994,6.18,star A4V,"HIP 27472 ;HD  38284 ;HR  1976 ;",0
90.291855,31.034517,71.9424,6.18,star A2V,"HIP 28517 ;HD  40588 ;HR  2110 ;",0
92.932155,-4.66544,176.0563,6.18,star B9MNp...,"HIP 29401 ;HD  42657 ;HR  2202 ;",0
98.35956,-52.329234,183.8235,6.18,star G8III,"HIP 31265 ;HD  47001 ;HR  2416 ;",0
100.77756,3.033801,194.5525,6.18,star K0,"HIP 32177 ;HD  48348 ;HR  2474 ;",0
114.800025,24.222528,135.318,6.18,star A2V,"HIP 37269 ;HD  61219 ;HR  2931 ;",0
117.14016,23.14098,241.5459,6.18,star G2III+...,"HIP 38106 ;HD  63208 ;HR  3021 ;BF  82    Gem ;",0
121.33461,-46.978411,100000,6.18,star B3Vnp,"HIP 39584 ;HD  67341 ;HR  3179 ;",0
125.05416,-0.909314,39.4945,6.18,star F9V,"HIP 40858 ;HD  70110 ;HR  3271 ;",0
127.833195,37.264942,253.1646,6.18,star A0V,"HIP 41798 ;HD  71906 ;HR  3348 ;",0
129.363225,-4.933999,127.551,6.18,star K0,"HIP 42299 ;HD  73281 ;HR  3411 ;",0
144.10587,-48.751179,70.6215,6.18,star F0p,"HIP 47145 ;HD  83368 ;HR  3831 ;",0
144.19308,-52.94367,113.8952,6.18,star K1III,"HIP 47172 ;HD  83465 ;HR  3837 ;",0
146.15247,64.984112,95.4198,6.18,star F3Vn,"HIP 47791 ;HD  83962 ;HR  3859 ;",0
149.24928,-69.101804,370.3704,6.18,star B3V,"HIP 48782 ;HD  86659 ;HR  3949 ;",0
150.749775,-60.178675,100000,6.18,star A6II/III,"HIP 49233 ;HD  87436 ;HR  3966 ;",0
153.781905,59.985539,653.5948,6.18,star M0IIIvar,"HIP 50222 ;HD  88651 ;HR  4008 ;",0
156.185625,-73.971732,143.2665,6.18,star A2/A3V,"HIP 50976 ;HD  90630 ;HR  4105 ;",0
156.321735,-42.467404,180.5054,6.18,star G8III,"HIP 51014 ;HD  90393 ;HR  4093 ;",0
164.9874,77.770174,161.2903,6.18,star G9III,"HIP 53761 ;HD  94860 ;HR  4272 ;",0
174.54096,8.883792,115.3403,6.18,star K1III,"HIP 56756 ;HD  101112 ;HR  4478 ;",0
179.7639,0.53068,213.2196,6.18,star K2IV,"HIP 58445 ;HD  104055 ;HR  4580 ;",0
183.68091,53.434626,147.2754,6.18,star K0III:,"HIP 59708 ;HD  106478 ;HR  4654 ;",0
193.971855,-15.327025,196.0784,6.18,star A0V,"HIP 63109 ;HD  112304 ;HR  4911 ;",0
198.232125,-59.816605,42.1585,6.18,star G0V,"HIP 64478 ;HD  114630 ;HR  4980 ;",0
199.64532,-51.285776,186.9159,6.18,star A0V,"HIP 64933 ;HD  115529 ;HR  5016 ;",0
200.71878,-47.943221,303.0303,6.18,star A4V,"HIP 65288 ;HD  116197 ;HR  5038 ;",0
202.50033,7.178853,325.7329,6.18,star K5,"HIP 65862 ;HD  117404 ;HR  5086 ;",0
206.396115,-15.767467,106.0445,6.18,star A0V,"HIP 67139 ;HD  119786 ;HR  5170 ;BF  85    Vir ;",0
210.6327,9.686096,236.9668,6.18,star F8IV,"HIP 68594 ;HD  122563 ;HR  5270 ;",0
210.75717,-31.684035,38.1679,6.18,star F6V,"HIP 68641 ;HD  122510 ;HR  5268 ;",0
211.54545,-43.091702,131.2336,6.18,star G8III,"HIP 68872 ;HD  123004 ;HR  5286 ;",0
214.92063,0.384333,63.2511,6.18,star A7V,"HIP 70022 ;HD  125489 ;HR  5368 ;",0
216.85161,-6.120332,78.8644,6.18,star A2IV,"HIP 70680 ;HD  126722 ;HR  5406 ;BF  104    Vir ;",0
222.75039,-0.257491,140.2525,6.18,star K3III,"HIP 72629 ;HD  130970 ;HR  5536 ;",0
226.98648,-65.275449,200.8032,6.18,star K3III,"HIP 74047 ;HD  133456 ;HR  5611 ;",0
227.68503,67.781035,152.439,6.18,star A8Vn,"HIP 74272 ;HD  135384 ;HR  5672 ;",0
228.640665,-17.768572,245.098,6.18,star B9III,"HIP 74600 ;HD  135230 ;HR  5662 ;BF  26    Lib ;",0
229.672095,-31.209347,276.2431,6.18,star G6/G8III,"HIP 74929 ;HD  135896 ;HR  5688 ;",0
242.38227,-32.649012,120.6273,6.18,star K1III,"HIP 79173 ;HD  144927 ;HR  6006 ;",0
244.23042,-3.953349,44.405,6.18,star A9Vn,"HIP 79781 ;HD  146514 ;HR  6067 ;",0
250.74348,55.690119,88.574,6.18,star A2p...,"HIP 81840 ;HD  151199 ;HR  6226 ;",0
252.365295,-15.66797,74.0741,6.18,star A3V,"HIP 82339 ;HD  151676 ;HR  6240 ;",0
252.41904,43.430437,170.6485,6.18,star K0IV,"HIP 82355 ;HD  152153 ;HR  6256 ;",0
254.149905,-40.823453,724.6377,6.18,star B0.5Ia,"HIP 82911 ;HD  152667 ;HR  6283 ;",0
256.45197,-44.105042,69.6864,6.18,star A4III,"HIP 83650 ;HD  154153 ;HR  6338 ;",0
266.07186,14.410067,146.4129,6.18,star A3m,"HIP 86809 ;HD  161321 ;HR  6611 ;",0
266.94,-22.477791,781.25,6.18,star G3/G5Ib,"HIP 87099 ;HD  161664 ;HR  6617 ;",0
268.16127,-6.143577,100000,6.18,star G3Ibv SB,"HIP 87495 ;HD  162714 ;HR  6661 ;",0
268.72518,-24.887095,100000,6.18,star O7/O8,"HIP 87706 ;HD  162978 ;HR  6672 ;",0
270.399585,33.311266,431.0345,6.18,star K5III,"HIP 88277 ;HD  164824 ;HR  6737 ;",0
271.375575,21.646624,145.3488,6.18,star K3III:,"HIP 88604 ;HD  165524 ;HR  6763 ;",0
274.35036,-28.652065,172.117,6.18,star A5V,"HIP 89622 ;HD  167666 ;HR  6835 ;",0
280.870875,53.871767,273.9726,6.18,star A2IV,"HIP 91843 ;HD  173664 ;HR  7060 ;",0
281.67234,18.705907,209.6436,6.18,star K5,"HIP 92131 ;HD  173833 ;HR  7067 ;",0
288.997875,27.926302,429.1845,6.18,star F6Ib-II,"HIP 94685 ;HD  180583 ;HR  7308 ;",0
296.645895,32.888591,121.5067,6.18,star K2,"HIP 97307 ;HD  187038 ;HR  7535 ;",0
300.10563,-49.350946,103.7344,6.18,star K0III,"HIP 98482 ;HD  189080 ;HR  7621 ;",0
301.290585,38.478457,18.7899,6.18,star G5IV,"HIP 98921 ;HD  190771 ;HR  7683 ;GL  GJ 1249 ;",0
302.1303,-10.062595,169.4915,6.18,star B9.5III,"HIP 99221 ;HD  191110 ;HR  7694 ;",0
315.60084,44.79098,299.4012,6.18,star M3Ib-II:,"HIP 103828 ;HD  200527 ;HR  8062 ;",0
316.93623,-17.455902,119.9041,6.18,star B9.5V,"HIP 104297 ;HD  201057 ;HR  8083 ;",0
317.837025,-72.544353,120.3369,6.18,star K1III,"HIP 104597 ;HD  200924 ;HR  8081 ;",0
318.54285,29.900959,546.4481,6.18,star G2Ib,"HIP 104822 ;HD  202314 ;HR  8126 ;",0
324.68817,25.498829,129.3661,6.18,star G9III,"HIP 106872 ;HD  206027 ;HR  8274 ;",0
326.769825,17.194041,48.4496,6.18,star F3V,"HIP 107558 ;HD  207223 ;HR  8330 ;",0
327.32922,61.27276,271.7391,6.18,star M1II-III,"HIP 107723 ;HD  207780 ;HR  8347 ;",0
329.258955,-37.746844,143.6782,6.18,star F2/F3V,"HIP 108347 ;HD  208435 ;HR  8367 ;",0
332.579235,19.616339,59.2417,6.18,star G0V,"HIP 109439 ;HD  210460 ;HR  8455 ;GL  NN 4261 ;",0
335.232495,8.186742,30.931,6.18,star F6V,"HIP 110341 ;HD  211976 ;HR  8514 ;",0
335.750745,57.284612,310.559,6.18,star B8III-IV,"HIP 110497 ;HD  212454 ;HR  8535 ;",0
335.97588,38.573612,52.8821,6.18,star F5IV:,"HIP 110566 ;HD  212487 ;HR  8536 ;",0
345.635655,-6.574008,446.4286,6.18,star M2III,"HIP 113781 ;HD  217701 ;HR  8763 ;BF  82    Aqr ;",0
347.14818,-73.586116,184.1621,6.18,star K3III,"HIP 114268 ;HD  218288 ;HR  8794 ;",0
351.03273,-18.688006,96.3391,6.18,star K0III,"HIP 115528 ;HD  220465 ;HR  8900 ;",0
353.69475,38.024,232.5581,6.18,star K5,"HIP 116365 ;HD  221776 ;HR  8950 ;",0
359.17293,22.648091,224.7191,6.18,star M2III,"HIP 118048 ;HD  224303 ;HR  9055 ;",0
135.163305,41.78362,16.4312,6.18,star G5 V,"GL  Gl 332B ;",0
1.708665,-23.10754,39.3856,6.19,star F2IV,"HIP 560 ;HD  203 ;HR  9 ;",0
4.448745,1.688727,117.3709,6.19,star K0II,"HIP 1421 ;HD  1367 ;HR  67 ;",0
13.81113,24.557062,173.913,6.19,star M4III,"HIP 4317 ;HD  5316 ;HR  259 ;",0
38.417595,-20.001921,114.1553,6.19,star K1III,"HIP 11907 ;HD  15996 ;HR  745 ;",0
39.57432,37.726715,82.3045,6.19,star F6III,"HIP 12287 ;HD  16327 ;HR  768 ;",0
54.855855,-10.437278,109.4092,6.19,star G5,"HIP 17057 ;HD  22799 ;HR  1117 ;",0
59.35992,24.461937,319.4888,6.19,star K0,"HIP 18508 ;HD  24802 ;HR  1222 ;",0
82.56612,-63.927686,113.8952,6.19,star F0IV,"HIP 25781 ;HD  36876 ;HR  1882 ;",0
83.41182,20.474216,350.8772,6.19,star B6V,"HIP 26072 ;HD  36589 ;HR  1860 ;",0
84.93216,75.043871,215.5172,6.19,star M0III,"HIP 26638 ;HD  36384 ;HR  1844 ;",0
86.80554,-54.360728,381.6794,6.19,star K3III,"HIP 27317 ;HD  39110 ;HR  2023 ;",0
97.74957,-40.916253,173.3102,6.19,star K3III,"HIP 31056 ;HD  46365 ;HR  2390 ;",0
100.321755,11.003197,100000,6.19,star M1III,"HIP 32012 ;HD  47886 ;HR  2458 ;",0
101.55063,-37.775325,406.5041,6.19,star B3Vne,"HIP 32434 ;HD  49336 ;HR  2510 ;",0
107.151015,37.445096,294.9853,6.19,star K1III,"HIP 34462 ;HD  53925 ;HR  2675 ;",0
109.51704,30.955872,181.1594,6.19,star A0Vn,"HIP 35345 ;HD  56386 ;HR  2757 ;",0
128.27019,-24.60696,72.6216,6.19,star F2IV/V,"HIP 41949 ;HD  72626 ;HR  3381 ;",0
134.425095,9.387764,264.5503,6.19,star G8III,"HIP 44010 ;HD  76629 ;HR  3567 ;",0
134.916315,-19.208036,39.2619,6.19,star F5IV/V,"HIP 44162 ;HD  77084 ;HR  3584 ;",0
137.487915,-52.082861,91.9118,6.19,star K1III,"HIP 45002 ;HD  79091 ;",0
141.61857,-40.501706,95.8773,6.19,star A7III,"HIP 46297 ;HD  81780 ;HR  3746 ;",0
143.376495,36.486949,149.0313,6.19,star K4III:,"HIP 46904 ;HD  82522 ;HR  3791 ;BF  9    LMi ;",0
157.536675,-66.984654,268.8172,6.19,star B4IV,"HIP 51425 ;HD  91272 ;HR  4129 ;",0
163.67571,25.490722,118.9061,6.19,star A8V,"HIP 53355 ;HD  94480 ;HR  4254 ;BF  48    LMi ;",0
164.80887,-84.593893,105.4852,6.19,star A1V,"HIP 53702 ;HD  96124 ;HR  4312 ;BF  Eta Oct ;",0
187.911345,-5.052592,124.0695,6.19,star G9III:,"HIP 61134 ;HD  109014 ;HR  4772 ;",0
198.211845,-42.69972,176.3668,6.19,star K0III,"HIP 64472 ;HD  114707 ;HR  4982 ;",0
207.52713,-29.081321,117.3709,6.19,star A0V,"HIP 67523 ;HD  120455 ;HR  5197 ;",0
208.742505,-8.058852,33.0797,6.19,star F8V+...,"HIP 67953 ;HD  121325 ;HR  5233 ;",0
212.21622,-43.470779,161.0306,6.19,star B9V,"HIP 69113 ;HD  123445 ;HR  5294 ;",0
214.33812,51.307373,90.3342,6.19,star A2IV,"HIP 69818 ;HD  125349 ;HR  5360 ;",0
216.076125,8.084595,110.011,6.19,star K4III,"HIP 70414 ;HD  126271 ;HR  5394 ;",0
228.398265,38.2647,126.1034,6.19,star K2III:,"HIP 74514 ;HD  135402 ;HR  5673 ;",0
229.882215,-37.097161,120.4819,6.19,star G8III/IV,"HIP 75003 ;HD  136014 ;HR  5689 ;",0
234.368745,-26.279864,190.4762,6.19,star B9IV,"HIP 76503 ;HD  139160 ;HR  5801 ;",0
234.827385,-77.918004,99.108,6.19,star K2II,"HIP 76664 ;HD  138289 ;HR  5757 ;",0
240.788985,59.410738,294.9853,6.19,star M1III,"HIP 78632 ;HD  144542 ;HR  5995 ;",0
255.87588,35.414049,229.8851,6.19,star M4III,"HIP 83462 ;HD  154356 ;HR  6346 ;BF  61    Her ;",0
256.17228,19.599105,176.6784,6.19,star B9.5V,"HIP 83565 ;HD  154441 ;HR  6352 ;",0
264.68688,-21.912658,123.7624,6.19,star G6III/IV,"HIP 86352 ;HD  160042 ;",0
267.68169,11.946548,156.25,6.19,star K1III-IV,"HIP 87335 ;HD  162468 ;HR  6650 ;",0
268.218975,-41.996522,31.6156,6.19,star F8V,"HIP 87523 ;HD  162396 ;HR  6649 ;",0
275.380695,-24.915276,326.7974,6.19,star M3III,"HIP 89980 ;HD  168574 ;HR  6861 ;",0
276.985335,-17.800357,185.8736,6.19,star B8III/IV,"HIP 90494 ;HD  169990 ;HR  6919 ;",0
282.06834,23.514749,28.7522,6.19,star F8V,"HIP 92270 ;HD  174160 ;HR  7079 ;",0
283.008015,13.965647,209.205,6.19,star B8Vnn,"HIP 92593 ;HD  174853 ;HR  7109 ;",0
289.45077,2.031727,86.2069,6.19,star A1Vn,"HIP 94833 ;HD  180782 ;HR  7313 ;",0
291.35736,24.912774,27.3898,6.19,star F7V,"HIP 95492 ;HD  182807 ;HR  7386 ;",0
294.60807,-57.983341,162.6016,6.19,star K0III,"HIP 96607 ;HD  184585 ;HR  7434 ;",0
301.33959,56.341422,50.7099,6.19,star F4V,"HIP 98946 ;HD  191096 ;HR  7692 ;",0
307.2618,83.625417,91.2409,6.19,star A4m,"HIP 101044 ;HD  197508 ;HR  7930 ;",0
308.71002,51.854221,100000,6.19,star A9II,"HIP 101556 ;HD  196379 ;HR  7876 ;",0
308.884395,-16.525879,71.1238,6.19,star A5II/III,"HIP 101608 ;HD  196078 ;HR  7865 ;",0
324.36615,44.69655,168.9189,6.19,star A7III,"HIP 106752 ;HD  205939 ;HR  8272 ;",0
324.43185,6.618391,87.6424,6.19,star A2V,"HIP 106783 ;HD  205811 ;HR  8265 ;BF  3    Peg ;",0
327.923925,-18.62294,64.6831,6.19,star F0V,"HIP 107901 ;HD  207760 ;HR  8346 ;",0
331.551075,45.24869,97.7517,6.19,star A3V,"HIP 109121 ;HD  209993 ;HR  8429 ;",0
333.23952,-26.327793,63.4518,6.19,star A3V,"HIP 109667 ;HD  210739 ;HR  8464 ;",0
334.734165,37.769286,73.5294,6.19,star A9IIIp,"HIP 110171 ;HD  211797 ;HR  8510 ;",0
342.125865,-10.555478,111.6071,6.19,star A9III-IV,"HIP 112615 ;HD  215874 ;HR  8676 ;BF  70    Aqr ;",0
342.253125,68.570228,63.6943,6.19,star F5,"HIP 112670 ;HD  216172 ;HR  8687 ;",0
347.955015,26.847308,70.1754,6.19,star G8III-IV,"HIP 114526 ;HD  218935 ;HR  8827 ;BF  60    Peg ;",0
352.530855,49.133145,277.0083,6.19,star K5III,"HIP 115996 ;HD  221246 ;HR  8925 ;",0
1.826115,-17.38699,176.0563,6.2,star A2IV/V,"HIP 602 ;HD  256 ;HR  10 ;",0
14.053965,57.996557,198.8072,6.2,star K3III,"HIP 4383 ;HD  5343 ;HR  260 ;",0
16.115085,29.658806,44.287,6.2,star F7IV-V,"HIP 5034 ;HD  6301 ;HR  303 ;",0
19.05264,87.145496,106.9519,6.2,star K2III:,"HIP 5928 ;HD  6319 ;HR  306 ;",0
24.113355,48.722776,157.2327,6.2,star K1III:,"HIP 7493 ;HD  9746 ;HR  454 ;",0
25.326525,25.745712,54.9451,6.2,star F2III,"HIP 7874 ;HD  10308 ;HR  484 ;",0
25.3638,-38.132827,41.58,6.2,star F3/F5IV/V,"HIP 7886 ;HD  10481 ;HR  494 ;",0
25.97832,-4.765514,209.6436,6.2,star K0,"HIP 8094 ;HD  10658 ;HR  507 ;",0
37.306995,23.469026,95.2381,6.2,star A5m,"HIP 11578 ;HD  15385 ;HR  723 ;",0
45.53865,-6.494543,33.8983,6.2,star G0IV-V,"HIP 14124 ;HD  18894 ;HR  913 ;",0
50.82375,-7.794098,37.1471,6.2,star G2V,"HIP 15776 ;HD  21019 ;HR  1024 ;GL  GJ 2030A ;",0
53.48664,-31.080114,41.7711,6.2,star F5V,"HIP 16628 ;HD  22262 ;HR  1093 ;",0
75.709905,66.822974,27.7624,6.2,star F6V:,"HIP 23484 ;HD  31675 ;HR  1594 ;",0
76.089945,21.277931,148.5884,6.2,star K0,"HIP 23589 ;HD  32482 ;HR  1633 ;",0
76.70649,43.174705,238.0952,6.2,star F2IIp...,"HIP 23799 ;HD  32655 ;HR  1644 ;",0
80.2359,19.814347,168.6341,6.2,star K0III,"HIP 24977 ;HD  34810 ;HR  1755 ;",0
82.41939,29.186464,88.7311,6.2,star F6III,"HIP 25730 ;HD  35984 ;HR  1822 ;",0
90.64089,-14.497157,125.3133,6.2,star K0III,"HIP 28622 ;HD  41125 ;HR  2136 ;",0
103.675185,-1.756486,100000,6.2,star B3IVe+...,"HIP 33210 ;HD  50820 ;HR  2577 ;",0
104.697585,26.081079,47.6644,6.2,star F8Vbwvar,"HIP 33595 ;HD  51530 ;HR  2601 ;BF  39    Gem ;",0
105.47049,-1.345883,176.9912,6.2,star K0,"HIP 33873 ;HD  52611 ;HR  2636 ;",0
111.071805,-22.912758,176.6784,6.2,star B8/B9V,"HIP 35920 ;HD  58346 ;HR  2826 ;",0
114.635565,-38.781487,124.533,6.2,star G8III,"HIP 37202 ;HD  61642 ;HR  2955 ;",0
115.72227,-58.230058,198.0198,6.2,star K0III,"HIP 37599 ;HD  62897 ;HR  3012 ;",0
128.34063,36.436429,37.092,6.2,star F5Vbwvar,"HIP 41975 ;HD  72291 ;HR  3365 ;BF  32    Lyn ;",0
131.273115,-58.724319,262.4672,6.2,star B7III,"HIP 42936 ;HD  75086 ;HR  3489 ;",0
132.20529,66.708083,153.1394,6.2,star B8V,"HIP 43266 ;HD  74604 ;HR  3470 ;",0
135.29757,-26.663716,108.1081,6.2,star K1IIICN...,"HIP 44290 ;HD  77361 ;HR  3597 ;",0
141.96507,75.098341,156.9859,6.2,star A5Vs,"HIP 46410 ;HD  80930 ;HR  3719 ;",0
150.419655,-53.364115,377.3585,6.2,star B2.5V,"HIP 49137 ;HD  87152 ;HR  3955 ;",0
150.491955,-57.349789,221.2389,6.2,star K1II,"HIP 49160 ;HD  87238 ;HR  3957 ;",0
151.69761,5.611493,109.1703,6.2,star K1III,"HIP 49530 ;HD  87682 ;HR  3973 ;BF  14    Sex ;",0
154.167285,-51.204636,219.2982,6.2,star M4/M5III,"HIP 50332 ;HD  89273 ;HR  4045 ;",0
157.744845,-7.63755,348.4321,6.2,star K5III+...,"HIP 51490 ;HD  91106 ;HR  4122 ;",0
170.223885,67.100734,127.2265,6.2,star G8,"HIP 55412 ;HD  98499 ;HR  4383 ;",0
179.26563,-33.315461,120.6273,6.2,star B9.5V,"HIP 58272 ;HD  103789 ;HR  4571 ;",0
183.57054,-64.408519,100000,6.2,star B1.5Ia,"HIP 59678 ;HD  106343 ;HR  4653 ;",0
185.117745,-65.842656,93.8967,6.2,star B9V,"HIP 60183 ;HD  107301 ;HR  4692 ;",0
187.708875,53.076608,21.777,6.2,star F9V,"HIP 61053 ;HD  108954 ;HR  4767 ;",0
188.994975,-20.527476,66.8003,6.2,star F0V,"HIP 61496 ;HD  109585 ;HR  4797 ;",0
195.161325,18.373009,39.2927,6.2,star F6Vs,"HIP 63497 ;HD  113022 ;HR  4926 ;",0
196.97349,27.555958,132.626,6.2,star K4III,"HIP 64077 ;HD  114092 ;HR  4956 ;",0
199.11936,68.408001,131.0616,6.2,star B9.5V,"HIP 64774 ;HD  115612 ;HR  5018 ;",0
200.14602,-59.77278,133.8688,6.2,star F3/F5II,"HIP 65108 ;HD  115778 ;HR  5024 ;",0
209.63028,-65.800665,156.9859,6.2,star K0III,"HIP 68270 ;HD  121557 ;HR  5242 ;",0
211.44375,-54.669362,156.25,6.2,star A5III/IV,"HIP 68842 ;HD  122844 ;HR  5278 ;",0
219.24912,-12.305349,32.175,6.2,star F5V,"HIP 71469 ;HD  128429 ;HR  5455 ;",0
224.982375,-75.032669,151.5152,6.2,star B9V,"HIP 73394 ;HD  131551 ;HR  5555 ;",0
232.65105,-20.728553,80.3213,6.2,star A3V,"HIP 75939 ;HD  138105 ;HR  5749 ;",0
237.90999,-14.133584,171.2329,6.2,star G8III,"HIP 77689 ;HD  141853 ;HR  5896 ;",0
257.76318,24.237694,82.3045,6.2,star A8V,"HIP 84054 ;HD  155514 ;HR  6391 ;BF  63    Her ;",0
258.96396,-30.210731,106.4963,6.2,star B9/B9.5V,"HIP 84445 ;HD  155940 ;HR  6403 ;",0
261.758955,-12.512488,43.4972,6.2,star F7V,"HIP 85397 ;HD  157968 ;HR  6496 ;",0
282.0111,4.241422,244.4988,6.2,star K5,"HIP 92254 ;HD  173954 ;HR  7076 ;",0
284.09442,-1.799863,157.4803,6.2,star B9III,"HIP 92963 ;HD  175640 ;HR  7143 ;",0
284.69412,40.679194,300.3003,6.2,star B3V,"HIP 93177 ;HD  176502 ;HR  7179 ;",0
287.846505,40.429095,150.6024,6.2,star A3V,"HIP 94280 ;HD  179583 ;HR  7284 ;",0
299.90283,76.481392,161.2903,6.2,star M3III,"HIP 98401 ;HD  190960 ;HR  7686 ;BF  69    Dra ;",0
303.09936,-42.780063,100.1001,6.2,star K2III,"HIP 99570 ;HD  191584 ;HR  7706 ;",0
304.872075,13.216766,218.3406,6.2,star M1III,"HIP 100208 ;HD  193373 ;HR  7771 ;",0
305.731335,42.983543,102.9866,6.2,star K0IIIvar,"HIP 100515 ;HD  194220 ;HR  7802 ;",0
307.069965,2.937161,124.2236,6.2,star G8III,"HIP 100969 ;HD  194953 ;HR  7824 ;",0
307.83807,52.309526,115.2074,6.2,star K0III,"HIP 101245 ;HD  195820 ;HR  7854 ;",0
312.335595,-18.035855,307.6923,6.2,star K3III,"HIP 102780 ;HD  198208 ;HR  7964 ;",0
312.49623,5.54456,126.7427,6.2,star K0,"HIP 102833 ;HD  198404 ;HR  7975 ;",0
318.809865,-40.506065,171.2329,6.2,star K1III,"HIP 104925 ;HD  202135 ;HR  8117 ;",0
321.031035,25.312423,174.8252,6.2,star A2V,"HIP 105660 ;HD  203858 ;HR  8194 ;",0
324.99885,-52.35901,173.913,6.2,star F7III,"HIP 106978 ;HD  205877 ;HR  8269 ;",0
327.770745,39.536658,311.5265,6.2,star B9p HgMn,"HIP 107856 ;HD  207857 ;HR  8349 ;",0
335.9148,20.84823,33.7041,6.2,star F7V,"HIP 110548 ;HD  212395 ;HR  8532 ;BF  33    Peg ;",0
343.64217,-7.204626,206.1856,6.2,star K3III,"HIP 113127 ;HD  216637 ;HR  8710 ;BF  78    Aqr ;",0
352.25277,-9.266104,287.3563,6.2,star K0,"HIP 115906 ;HD  221081 ;HR  8921 ;",0
262.59765,-1.064706,16.4474,6.2,star G8 IV-V,"GL  Gl 678B ;",0
2.17065,36.627125,32.4465,6.21,star F8IV,"HIP 699 ;HD  400 ;HR  17 ;GL  Gl 6 ;",0
20.653965,1.726332,212.3142,6.21,star M0III,"HIP 6432 ;HD  8334 ;HR  392 ;",0
21.010575,-8.007416,67.5219,6.21,star F0V,"HIP 6539 ;HD  8511 ;HR  401 ;BF  44    Cet ;",0
34.795125,46.472261,136.612,6.21,star A4V,"HIP 10814 ;HD  14213 ;HR  671 ;",0
37.72665,17.703856,88.4956,6.21,star G5III-IV,"HIP 11698 ;HD  15596 ;HR  731 ;BF  27    Ari ;",0
39.653355,3.443205,100.8065,6.21,star G9III,"HIP 12318 ;HD  16467 ;HR  775 ;",0
41.085555,-32.524715,109.4092,6.21,star A1V,"HIP 12786 ;HD  17168 ;HR  817 ;",0
52.359495,46.937868,195.3125,6.21,star B7V,"HIP 16252 ;HD  21455 ;HR  1047 ;",0
56.95671,-36.105785,149.2537,6.21,star B8V,"HIP 17734 ;HD  23958 ;HR  1186 ;",0
58.303875,-18.434447,272.4796,6.21,star K0/K1III+..,"HIP 18173 ;HD  24497 ;HR  1206 ;",0
69.84645,25.218274,106.2699,6.21,star A5Vn,"HIP 21689 ;HD  29459 ;HR  1477 ;",0
76.05324,73.763887,473.9336,6.21,star K0,"HIP 23582 ;HD  31563 ;HR  1587 ;",0
82.58301,4.204795,166.113,6.21,star K2IIIvar,"HIP 25785 ;HD  36217 ;HR  1837 ;",0
85.33473,53.481058,12.2775,6.21,star K1V,"HIP 26779 ;HD  37394 ;HR  1925 ;GL  Gl 211 ;",0
89.5488,-0.994018,103.5197,6.21,star K0,"HIP 28252 ;HD  40347 ;HR  2097 ;",0
90.073575,-12.900034,62.8536,6.21,star F2IV,"HIP 28434 ;HD  40745 ;HR  2118 ;",0
90.07878,44.592013,107.9914,6.21,star K2III...,"HIP 28438 ;HD  40325 ;HR  2096 ;",0
100.807245,37.147375,158.7302,6.21,star K0,"HIP 32190 ;HD  48073 ;HR  2464 ;",0
113.342445,-14.338307,617.284,6.21,star B2II,"HIP 36736 ;HD  60325 ;HR  2897 ;",0
119.333625,-47.890705,317.4603,6.21,star B5V,"HIP 38879 ;HD  65598 ;HR  3118 ;",0
121.188765,18.84202,107.0664,6.21,star B9V,"HIP 39535 ;HD  66552 ;HR  3158 ;",0
121.404405,27.529736,294.1176,6.21,star A0V,"HIP 39607 ;HD  66684 ;HR  3164 ;",0
122.29245,-35.455015,117.9245,6.21,star G8III,"HIP 39920 ;HD  67977 ;HR  3199 ;",0
130.07622,31.941898,123.9157,6.21,star F5III,"HIP 42538 ;HD  73596 ;HR  3423 ;",0
130.750695,46.900845,126.7427,6.21,star G8III,"HIP 42777 ;HD  73971 ;HR  3436 ;",0
131.599005,-41.125389,219.7802,6.21,star B9V,"HIP 43073 ;HD  75081 ;HR  3488 ;",0
135.12834,37.604353,371.7472,6.21,star K5,"HIP 44231 ;HD  76944 ;HR  3580 ;",0
140.91567,-46.90875,235.8491,6.21,star B7III,"HIP 46067 ;HD  81369 ;",0
165.601875,-26.831505,56.0852,6.21,star A9III/IV,"HIP 53963 ;HD  95698 ;HR  4302 ;",0
174.963015,-14.468529,170.6485,6.21,star A0V,"HIP 56901 ;HD  101369 ;HR  4490 ;",0
175.5147,-20.294167,78.2473,6.21,star G8IV,"HIP 57079 ;HD  101695 ;HR  4506 ;",0
180.07836,80.853186,280.112,6.21,star M2III,"HIP 58545 ;HD  104216 ;HR  4586 ;",0
184.099395,-72.614499,116.5501,6.21,star A0V,"HIP 59851 ;HD  106676 ;HR  4664 ;",0
185.545125,24.773866,103.4126,6.21,star A0V,"HIP 60327 ;HD  107655 ;HR  4705 ;",0
187.107075,-61.794842,162.8664,6.21,star K2III,"HIP 60861 ;HD  108530 ;HR  4747 ;",0
187.512225,51.535631,44.7628,6.21,star F7V,"HIP 60988 ;HD  108845 ;HR  4761 ;BF  7    CVn ;",0
200.37405,-19.489294,88.8099,6.21,star A2/A3V,"HIP 65183 ;HD  116061 ;HR  5033 ;",0
205.06494,31.012036,165.5629,6.21,star G5II:,"HIP 66690 ;HD  119035 ;HR  5143 ;",0
206.190285,-25.500933,158.7302,6.21,star K3III,"HIP 67071 ;HD  119623 ;HR  5166 ;",0
220.483155,-58.615829,42.6803,6.21,star F4V,"HIP 71861 ;HD  128917 ;HR  5465 ;",0
222.279615,-56.667829,82.6446,6.21,star K3III,"HIP 72471 ;HD  130227 ;HR  5515 ;",0
225.492015,-34.358875,128.041,6.21,star A8/A9III/IV,"HIP 73559 ;HD  132763 ;HR  5587 ;",0
230.397105,-40.749482,109.1703,6.21,star A1V,"HIP 75164 ;HD  136334 ;HR  5696 ;",0
235.24266,-47.736091,267.3797,6.21,star K5/M0III,"HIP 76809 ;HD  139599 ;HR  5821 ;",0
238.395285,16.074933,94.7867,6.21,star F5II-III,"HIP 77835 ;HD  142357 ;HR  5913 ;",0
238.87722,-31.083644,139.8601,6.21,star K4III,"HIP 77985 ;HD  142407 ;HR  5916 ;",0
240.223785,-40.43548,102.7749,6.21,star A0V,"HIP 78445 ;HD  143248 ;HR  5952 ;",0
243.105705,67.144176,131.7523,6.21,star G8III,"HIP 79414 ;HD  146603 ;HR  6069 ;",0
250.940355,-41.119204,145.7726,6.21,star A4V,"HIP 81903 ;HD  150573 ;HR  6206 ;",0
258.082815,-70.721082,66.5779,6.21,star K1IVCN...,"HIP 84158 ;HD  154556 ;HR  6357 ;",0
278.62968,-52.891521,203.666,6.21,star K2III,"HIP 91062 ;HD  170873 ;HR  6954 ;",0
278.971755,16.975697,32.8839,6.21,star G2Vv comp,"HIP 91159 ;HD  171746 ;HR  6981 ;",0
279.189765,43.221815,131.406,6.21,star F0V,"HIP 91250 ;HD  172187 ;HR  7003 ;",0
285.53547,-41.910505,123.9157,6.21,star A0V,"HIP 93470 ;HD  176425 ;HR  7177 ;",0
297.59064,-61.06112,284.9003,6.21,star B5V,"HIP 97611 ;HD  186837 ;HR  7527 ;",0
298.668525,-61.170792,115.0748,6.21,star A3V,"HIP 97971 ;HD  187653 ;HR  7558 ;",0
307.742295,20.606148,86.2813,6.21,star A1m,"HIP 101213 ;HD  195479 ;HR  7839 ;",0
307.746795,36.935839,100000,6.21,star F5Iab,"HIP 101214 ;HD  195593 ;HR  7847 ;BF  44    Cyg ;",0
309.326595,0.096978,166.9449,6.21,star B8IIIp,"HIP 101746 ;HD  196426 ;HR  7878 ;",0
309.348255,38.328665,111.9821,6.21,star K0III,"HIP 101756 ;HD  196642 ;HR  7888 ;",0
315.141,-4.730261,27.2257,6.21,star G1V,"HIP 103682 ;HD  199960 ;HR  8041 ;BF  11    Aqr ;",0
333.999285,8.549574,118.7648,6.21,star A1Vn,"HIP 109939 ;HD  211287 ;HR  8491 ;",0
346.98834,64.222532,324.6753,6.21,star K0,"HIP 114227 ;HD  218560 ;HR  8811 ;",0
357.381705,-15.861277,120.1923,6.21,star K1/K2III,"HIP 117494 ;HD  223428 ;HR  9021 ;",0
336.64458,-16.742424,20.0803,6.21,star G3 V,"HD  212698 ;HR  8545 ;GL  Gl 859A ;BF  53    Aqr ;",0
0.330195,49.981558,199.6008,6.22,star G7II-III,"HIP 106 ;HD  224870 ;HR  9083 ;",0
3.509505,33.206039,103.1992,6.22,star A1V,"HIP 1123 ;HD  952 ;HR  44 ;",0
12.89079,51.571427,306.7485,6.22,star B9.5V,"HIP 4023 ;HD  4881 ;HR  241 ;",0
22.09548,7.961353,114.5475,6.22,star K1IIIvar,"HIP 6868 ;HD  8949 ;HR  426 ;",0
35.740095,-18.354982,126.1034,6.22,star G8/K0III,"HIP 11108 ;HD  14830 ;HR  697 ;",0
43.526955,-50.871402,350.8772,6.22,star K4III,"HIP 13518 ;HD  18265 ;HR  871 ;",0
44.211075,51.261284,185.8736,6.22,star K5III,"HIP 13732 ;HD  18153 ;HR  864 ;",0
54.90978,-3.39301,133.5113,6.22,star G5,"HIP 17086 ;HD  22798 ;HR  1116 ;",0
58.01853,31.168578,113.8952,6.22,star A5V,"HIP 18094 ;HD  24167 ;HR  1197 ;",0
64.53378,42.141159,121.3592,6.22,star B9V,"HIP 20063 ;HD  27026 ;HR  1328 ;",0
67.541685,-13.592372,143.6782,6.22,star K0III,"HIP 20997 ;HD  28625 ;HR  1431 ;",0
75.204165,-5.753675,8.7078,6.22,star K3V,"HIP 23311 ;HD  32147 ;HR  1614 ;GL  Gl 183 ;",0
78.499785,-14.606872,76.746,6.22,star A9II/III,"HIP 24394 ;HD  34045 ;HR  1710 ;",0
79.668015,40.465124,223.7136,6.22,star K0,"HIP 24771 ;HD  34332 ;HR  1725 ;",0
85.155405,-2.825236,418.41,6.22,star B1.5V,"HIP 26713 ;HD  37744 ;HR  1950 ;",0
85.42296,-16.72583,564.9718,6.22,star B4/B5III,"HIP 26821 ;HD  37971 ;HR  1962 ;",0
86.769075,-28.638913,230.4147,6.22,star B5III,"HIP 27303 ;HD  38804 ;HR  2005 ;",0
88.2312,68.471541,141.6431,6.22,star G9III,"HIP 27795 ;HD  38645 ;HR  1994 ;",0
89.477055,1.22431,148.8095,6.22,star M0III,"HIP 28232 ;HD  40282 ;HR  2093 ;",0
94.78305,-8.586012,127.0648,6.22,star B9V,"HIP 30028 ;HD  44037 ;HR  2270 ;",0
96.98613,20.49632,142.4501,6.22,star A2Vs,"HIP 30769 ;HD  45394 ;HR  2330 ;BF  16    Gem ;",0
104.42763,-27.537505,312.5,6.22,star B2/B3V,"HIP 33492 ;HD  51823 ;HR  2611 ;",0
120.46137,8.913991,63.7755,6.22,star G0IV,"HIP 39271 ;HD  66011 ;HR  3144 ;",0
122.74536,14.629474,194.9318,6.22,star A1V,"HIP 40058 ;HD  67959 ;HR  3198 ;",0
123.96894,-30.925944,97.8474,6.22,star G6:III+...,"HIP 40476 ;HD  69445 ;HR  3251 ;",0
131.52864,-11.006768,306.7485,6.22,star K5III,"HIP 43035 ;HD  74860 ;HR  3480 ;",0
132.63429,33.285052,28.3527,6.22,star F7Vn,"HIP 43410 ;HD  75332 ;HR  3499 ;",0
146.48235,-58.793828,80.8407,6.22,star F5IV,"HIP 47913 ;HD  84850 ;HR  3887 ;",0
154.013475,-59.903411,81.6993,6.22,star A5V,"HIP 50287 ;HD  89263 ;HR  4043 ;",0
164.8245,51.882359,211.8644,6.22,star K0,"HIP 53706 ;HD  95057 ;HR  4275 ;",0
168.72552,-43.733703,244.4988,6.22,star K4III,"HIP 54929 ;HD  97866 ;HR  4364 ;",0
174.600285,-2.435901,116.6861,6.22,star G9III,"HIP 56775 ;HD  101154 ;HR  4484 ;",0
179.22189,61.549213,177.305,6.22,star G8III,"HIP 58259 ;HD  103736 ;HR  4569 ;",0
182.10306,-60.847128,862.069,6.22,star K3/K4II,"HIP 59200 ;HD  105437 ;HR  4622 ;",0
188.873445,-61.841576,47.1698,6.22,star G4IV,"HIP 61443 ;HD  109492 ;HR  4790 ;",0
189.718185,-67.193048,100000,6.22,star B1Ia,"HIP 61703 ;HD  109867 ;HR  4806 ;",0
190.393305,10.42627,62.8931,6.22,star A7Vn,"HIP 61937 ;HD  110377 ;HR  4824 ;BF  27    Vir ;",0
205.162845,28.065165,166.6667,6.22,star K3III,"HIP 66725 ;HD  119081 ;HR  5145 ;",0
214.26579,-18.5857,125.6281,6.22,star K0III,"HIP 69792 ;HD  124990 ;HR  5344 ;",0
215.778465,25.338173,36.5364,6.22,star F5V,"HIP 70310 ;HD  126141 ;HR  5387 ;",0
215.85678,-11.714043,102.6694,6.22,star G7III,"HIP 70336 ;HD  126035 ;HR  5383 ;BF  2    Lib ;",0
217.06851,36.197028,259.7403,6.22,star K0III,"HIP 70762 ;HD  127065 ;HR  5416 ;",0
225.990615,65.919714,151.0574,6.22,star A2Vs,"HIP 73706 ;HD  133994 ;HR  5629 ;",0
233.040315,16.056169,143.8849,6.22,star B9V,"HIP 76069 ;HD  138527 ;HR  5770 ;BF  12Tau2Ser ;",0
235.043115,12.052934,286.533,6.22,star G8II,"HIP 76733 ;HD  139862 ;HR  5831 ;",0
238.34556,-62.606583,193.7984,6.22,star K3III,"HIP 77817 ;HD  141585 ;HR  5884 ;",0
240.977925,-24.726312,162.8664,6.22,star K2/K3III,"HIP 78699 ;HD  143900 ;HR  5973 ;",0
250.764855,-46.070293,869.5652,6.22,star F5Iab,"HIP 81847 ;HD  150421 ;HR  6197 ;",0
262.032795,-63.03624,255.7545,6.22,star B7/B8V,"HIP 85480 ;HD  157524 ;HR  6471 ;",0
262.68153,57.876824,389.1051,6.22,star K2III,"HIP 85692 ;HD  159330 ;HR  6540 ;",0
265.84176,14.295168,120.3369,6.22,star F5II,"HIP 86732 ;HD  161149 ;HR  6604 ;",0
266.41764,31.504678,100000,6.22,star A0Ib,"HIP 86925 ;HD  161695 ;HR  6619 ;",0
267.084345,3.804215,264.5503,6.22,star B9.5V,"HIP 87150 ;HD  161941 ;HR  6633 ;",0
269.20218,45.350851,296.7359,6.22,star M6Sv,"HIP 87850 ;HD  163990 ;HR  6702 ;",0
270.000345,-20.339548,281.6901,6.22,star K0III,"HIP 88125 ;HD  164028 ;HR  6704 ;",0
270.625635,22.92323,233.6449,6.22,star B3Vn,"HIP 88346 ;HD  164900 ;HR  6741 ;BF  97    Her ;",0
271.7973,-21.443938,719.4245,6.22,star B1/B2Ib,"HIP 88760 ;HD  165516 ;HR  6762 ;",0
275.762205,16.688,116.4144,6.22,star K0,"HIP 90086 ;HD  169223 ;HR  6887 ;",0
278.25375,-39.892022,36.9822,6.22,star F5V,"HIP 90936 ;HD  170773 ;HR  6948 ;",0
280.46511,-23.833423,62.8931,6.22,star A3m...,"HIP 91689 ;HD  172546 ;HR  7011 ;BF  26    Sgr ;",0
281.349585,-56.88197,212.766,6.22,star K3III,"HIP 92021 ;HD  172781 ;HR  7022 ;",0
282.89955,28.783671,364.9635,6.22,star K1II-III,"HIP 92550 ;HD  174881 ;HR  7112 ;",0
284.598765,6.239929,56.2114,6.22,star F5IV,"HIP 93138 ;HD  176095 ;HR  7163 ;",0
287.014665,21.698927,43.122,6.22,star F3V,"HIP 93975 ;HD  178476 ;HR  7263 ;",0
290.39805,76.559596,386.1004,6.22,star C5II,"HIP 95154 ;HD  183556 ;",0
295.49007,40.254144,81.5661,6.22,star A6V,"HIP 96907 ;HD  186307 ;HR  7499 ;",0
297.83073,47.377236,62.5,6.22,star F2V,"HIP 97700 ;HD  188074 ;HR  7577 ;",0
298.573965,-23.941071,14.0489,6.22,star K3/K4V,"HIP 97944 ;HD  188088 ;HR  7578 ;GL  Gl 770 ;",0
305.063415,39.403226,180.5054,6.22,star A1V,"HIP 100268 ;HD  193702 ;HR  7784 ;",0
309.478035,18.26858,116.8224,6.22,star M6III,"HIP 101810 ;HD  196610 ;HR  7886 ;",0
309.965565,-62.907802,138.6963,6.22,star K1III,"HIP 101965 ;HD  196317 ;HR  7872 ;",0
323.862645,24.452161,197.6285,6.22,star A4V,"HIP 106605 ;HD  205541 ;HR  8258 ;",0
324.39066,-0.390562,112.8668,6.22,star A2V,"HIP 106758 ;HD  205765 ;HR  8263 ;",0
324.51177,-64.824167,180.5054,6.22,star A0/A1IV,"HIP 106818 ;HD  205417 ;HR  8249 ;",0
338.97036,-57.883752,67.0241,6.22,star F0Vn,"HIP 111548 ;HD  213884 ;HR  8593 ;",0
345.15795,0.185866,179.5332,6.22,star G4III,"HIP 113610 ;HD  217428 ;HR  8750 ;BF  3    Psc ;",0
351.787905,-50.157244,140.2525,6.22,star B9V,"HIP 115759 ;HD  220802 ;HR  8910 ;",0
358.782465,7.070972,127.0648,6.22,star B9V,"HIP 117927 ;HD  224103 ;HR  9048 ;BF  26    Psc ;",0
14.59251,-60.696239,171.2329,6.23,star Am,"HIP 4563 ;HD  5771 ;HR  281 ;",0
17.005515,32.01213,41.3907,6.23,star F5IV,"HIP 5319 ;HD  6680 ;HR  327 ;BF  78    Psc ;",0
19.26546,-66.397854,94.2507,6.23,star A0V,"HIP 5992 ;HD  7916 ;HR  380 ;",0
23.94351,14.661422,476.1905,6.23,star B9.5III,"HIP 7436 ;HD  9766 ;HR  455 ;BF  101    Psc ;",0
39.277335,32.891092,49.8753,6.23,star F8V,"HIP 12200 ;HD  16220 ;HR  761 ;",0
40.86051,-66.714252,54.3478,6.23,star F5V,"HIP 12717 ;HD  17326 ;HR  823 ;",0
43.33779,48.569955,540.5405,6.23,star G5Iab:,"HIP 13462 ;HD  17818 ;HR  849 ;",0
66.75291,2.079409,105.3741,6.23,star K1III,"HIP 20771 ;HD  28191 ;HR  1400 ;",0
81.523845,16.700161,179.5332,6.23,star B2Vn,"HIP 25410 ;HD  35532 ;HR  1798 ;BF  113    Tau ;",0
82.83705,-6.708379,714.2857,6.23,star B2V,"HIP 25869 ;HD  36430 ;HR  1848 ;",0
85.175205,31.920607,595.2381,6.23,star M2SIab,"HIP 26718 ;HD  37536 ;HR  1939 ;",0
85.83126,23.204372,253.8071,6.23,star B2.5Ve,"HIP 26964 ;HD  37967 ;HR  1961 ;",0
90.729855,32.635697,47.5511,6.23,star F4V,"HIP 28644 ;HD  40832 ;HR  2122 ;",0
91.39125,33.59905,214.5923,6.23,star B9sp...,"HIP 28861 ;HD  41269 ;HR  2139 ;",0
99.659115,1.613518,666.6667,6.23,star O9.5II,"HIP 31766 ;HD  47432 ;HR  2442 ;",0
103.481055,-24.538756,163.1321,6.23,star A0V,"HIP 33126 ;HD  50853 ;HR  2578 ;",0
104.32329,-35.507153,43.1034,6.23,star F5V,"HIP 33451 ;HD  51825 ;HR  2612 ;GL  Gl 255A ;",0
104.673885,-45.767593,120.1923,6.23,star A0V,"HIP 33590 ;HD  52362 ;HR  2626 ;",0
107.334375,-10.346565,632.9114,6.23,star O6,"HIP 34536 ;HD  54662 ;HR  2694 ;",0
107.53902,-18.685637,42.0875,6.23,star F3V,"HIP 34617 ;HD  54958 ;HR  2705 ;",0
110.577465,-2.979175,161.2903,6.23,star F5,"HIP 35737 ;HD  57708 ;HR  2807 ;",0
112.196895,15.109822,224.7191,6.23,star B9IV,"HIP 36340 ;HD  59059 ;HR  2858 ;",0
115.196595,13.771251,337.8378,6.23,star K0,"HIP 37404 ;HD  61630 ;HR  2953 ;",0
117.370035,-13.352948,348.4321,6.23,star B8/B9II,"HIP 38184 ;HD  63655 ;HR  3042 ;",0
118.92015,35.412684,58.9971,6.23,star A3p,"HIP 38723 ;HD  64491 ;HR  3083 ;",0
128.139345,53.114848,58.072,6.23,star K0IV,"HIP 41894 ;HD  71952 ;HR  3351 ;",0
148.63257,-22.487456,152.6718,6.23,star A2/A3III,"HIP 48584 ;HD  85905 ;HR  3921 ;",0
151.25769,-51.31362,175.1313,6.23,star B8/B9III,"HIP 49394 ;HD  87652 ;",0
152.066235,31.604053,61.237,6.23,star F4V,"HIP 49658 ;HD  87822 ;HR  3979 ;",0
152.82402,-7.316626,151.0574,6.23,star A2Vn,"HIP 49900 ;HD  88372 ;HR  4000 ;",0
153.331035,-27.028891,144.7178,6.23,star A9m...,"HIP 50066 ;HD  88699 ;HR  4011 ;",0
171.973785,-1.699946,161.0306,6.23,star K2III:,"HIP 55941 ;HD  99651 ;HR  4419 ;",0
173.92641,-61.28787,100000,6.23,star A0Ib,"HIP 56550 ;HD  100826 ;",0
181.486125,-35.693926,232.5581,6.23,star B7V,"HIP 59008 ;HD  105078 ;HR  4612 ;",0
181.58304,-68.651405,100000,6.23,star G3Ib,"HIP 59046 ;HD  105138 ;HR  4614 ;",0
182.88147,-51.359333,52.5762,6.23,star G6III+...,"HIP 59439 ;HD  105920 ;HR  4637 ;",0
184.631715,30.249047,59.3824,6.23,star A9.5III,"HIP 60018 ;HD  107054 ;HR  4680 ;",0
186.964785,-4.615277,73.9098,6.23,star F2III,"HIP 60813 ;HD  108506 ;HR  4746 ;",0
210.2937,27.386594,90.9918,6.23,star A7III,"HIP 68478 ;HD  122405 ;HR  5263 ;BF  11    Boo ;",0
213.305235,-26.612309,162.6016,6.23,star K0III,"HIP 69458 ;HD  124281 ;HR  5314 ;",0
213.59814,41.518757,45.7666,6.23,star K3III:,"HIP 69569 ;HD  124755 ;HR  5335 ;",0
232.588725,-41.919027,126.1034,6.23,star B9V,"HIP 75915 ;HD  137919 ;",0
233.01747,-38.622543,53.6481,6.23,star A3III,"HIP 76063 ;HD  138204 ;HR  5751 ;",0
250.70175,-62.553931,495.0495,6.23,star K3III,"HIP 81823 ;HD  150097 ;",0
289.90179,54.375987,157.9779,6.23,star A1V,"HIP 94974 ;HD  181960 ;HR  7351 ;",0
300.313755,37.098996,255.7545,6.23,star K0III,"HIP 98563 ;HD  189942 ;HR  7655 ;",0
305.12766,53.595685,606.0606,6.23,star K5,"HIP 100295 ;HD  193944 ;HR  7791 ;",0
306.596475,17.315559,310.559,6.23,star K0,"HIP 100807 ;HD  194688 ;HR  7816 ;",0
307.031415,8.437448,94.518,6.23,star G9III,"HIP 100953 ;HD  194937 ;HR  7820 ;",0
307.503,72.531703,216.9197,6.23,star K4III:,"HIP 101134 ;HD  196142 ;HR  7868 ;",0
309.805215,-2.412975,549.4505,6.23,star B7IIIn,"HIP 101921 ;HD  196712 ;HR  7890 ;",0
313.646265,-50.727341,278.5515,6.23,star B5IV,"HIP 103206 ;HD  198766 ;HR  7992 ;",0
314.07087,56.887519,292.3977,6.23,star B2.5IV,"HIP 103346 ;HD  199661 ;HR  8029 ;",0
319.12341,42.251787,221.7295,6.23,star K2,"HIP 105034 ;HD  202720 ;HR  8138 ;",0
325.806375,-19.620961,108.5776,6.23,star A0m...,"HIP 107238 ;HD  206546 ;HR  8293 ;",0
333.660585,-41.381666,22.0507,6.23,star G5V,"HIP 109821 ;HD  210918 ;HR  8477 ;GL  Gl 851.2 ;",0
339.59226,-7.897563,119.3317,6.23,star G1IV-V,"HIP 111761 ;HD  214448 ;HR  8612 ;",0
342.542055,50.676917,413.2231,6.23,star G4Ib,"HIP 112761 ;HD  216206 ;HR  8692 ;",0
345.34851,-7.061153,151.7451,6.23,star K5III,"HIP 113674 ;HD  217531 ;HR  8757 ;BF  81    Aqr ;",0
356.121105,-26.246631,68.7758,6.23,star F3/F5V,"HIP 117107 ;HD  222872 ;HR  8999 ;",0
358.336845,-24.229257,88.1057,6.23,star A5V,"HIP 117797 ;HD  223884 ;HR  9043 ;",0
0.857145,63.64052,763.3588,6.24,star B3Ia,"HIP 274 ;HD  225094 ;HR  9097 ;",0
2.21721,25.462985,138.5042,6.24,star K0III,"HIP 716 ;HD  417 ;HR  19 ;",0
3.34968,26.987545,131.406,6.24,star G0III,"HIP 1076 ;HD  895 ;HR  40 ;",0
6.590625,-18.693632,483.0918,6.24,star M1III,"HIP 2086 ;HD  2268 ;",0
17.30115,80.011579,135.318,6.24,star K0,"HIP 5412 ;HD  6473 ;HR  312 ;",0
18.2478,30.064229,116.0093,6.24,star G1V...,"HIP 5679 ;HD  7229 ;HR  356 ;",0
24.4071,-9.403782,40.3877,6.24,star F7V,"HIP 7580 ;HD  10009 ;HR  466 ;",0
30.92754,18.253238,272.4796,6.24,star K4III,"HIP 9627 ;HD  12594 ;HR  609 ;",0
32.854245,31.526398,108.2251,6.24,star A1m,"HIP 10220 ;HD  13372 ;HR  634 ;BF  5    Tri ;",0
38.47755,-51.093546,58.1058,6.24,star F6V,"HIP 11925 ;HD  16170 ;HR  755 ;",0
45.467925,5.336151,119.6172,6.24,star K0,"HIP 14104 ;HD  18832 ;HR  908 ;",0
47.087955,18.795053,234.7418,6.24,star M0III,"HIP 14586 ;HD  19460 ;HR  940 ;BF  54    Ari ;",0
63.394035,10.212458,132.2751,6.24,star B8Vn,"HIP 19720 ;HD  26676 ;HR  1307 ;",0
68.3877,18.016722,134.2282,6.24,star B9IVn,"HIP 21251 ;HD  28867 ;HR  1442 ;",0
70.93446,-41.064788,226.7574,6.24,star K3/K4III,"HIP 21998 ;HD  30202 ;HR  1518 ;",0
77.741775,-2.254114,46.7946,6.24,star G8III,"HIP 24130 ;HD  33555 ;HR  1685 ;",0
81.50985,-5.518501,204.0816,6.24,star B9.5Vn,"HIP 25401 ;HD  35640 ;HR  1806 ;",0
83.516205,-1.035726,310.559,6.24,star B2.5V,"HIP 26106 ;HD  36779 ;HR  1873 ;",0
83.84298,-4.42432,408.1633,6.24,star B2.5V,"HIP 26234 ;HD  37016 ;HR  1891 ;",0
86.511945,-4.268484,111.4827,6.24,star K1III...,"HIP 27212 ;HD  38495 ;HR  1986 ;",0
89.39574,66.096099,149.7006,6.24,star K0,"HIP 28205 ;HD  39429 ;HR  2041 ;",0
94.24461,23.740909,100000,6.24,star B3Ia,"HIP 29840 ;HD  43384 ;HR  2240 ;BF  9    Gem ;",0
94.668135,9.047183,98.8142,6.24,star K0,"HIP 29982 ;HD  43821 ;HR  2259 ;",0
96.00951,8.885014,348.4321,6.24,star B8Vn,"HIP 30448 ;HD  44783 ;HR  2300 ;",0
96.375015,-35.064153,168.3502,6.24,star K3III,"HIP 30566 ;HD  45383 ;HR  2329 ;",0
97.1169,16.238386,68.918,6.24,star G5,"HIP 30815 ;HD  45506 ;HR  2340 ;",0
103.28157,44.839941,92.6784,6.24,star A8Vn,"HIP 33056 ;HD  49949 ;HR  2532 ;",0
103.509495,-50.6116,54.1126,6.24,star K0/K1III,"HIP 33139 ;HD  51266 ;HR  2594 ;",0
111.21201,-19.012279,714.2857,6.24,star A2Ib/II,"HIP 35975 ;HD  58439 ;HR  2831 ;",0
112.71306,-5.226494,584.7953,6.24,star K0,"HIP 36526 ;HD  59669 ;HR  2876 ;",0
134.815935,-28.806017,167.2241,6.24,star G8III,"HIP 44130 ;HD  77087 ;HR  3585 ;",0
141.434085,63.940939,363.6364,6.24,star K2III,"HIP 46247 ;HD  80953 ;HR  3722 ;",0
147.625335,4.34365,44.6628,6.24,star F6V...,"HIP 48273 ;HD  85217 ;HR  3893 ;BF  4    Sex ;",0
152.485365,-12.095305,84.8176,6.24,star A5m,"HIP 49802 ;HD  88182 ;HR  3988 ;",0
155.91936,-41.953189,72.8863,6.24,star K0IV,"HIP 50903 ;HD  90170 ;HR  4087 ;",0
160.630725,-13.974514,254.4529,6.24,star K3/K4III:,"HIP 52391 ;HD  92770 ;HR  4190 ;",0
168.014865,-58.423355,242.7184,6.24,star M4III,"HIP 54708 ;HD  97451 ;",0
169.30008,-38.014367,72.6744,6.24,star A1V,"HIP 55130 ;HD  98161 ;HR  4372 ;",0
172.948155,-20.776472,38.4911,6.24,star F7V,"HIP 56245 ;HD  100219 ;HR  4440 ;",0
177.09786,-10.313105,43.0478,6.24,star F7V,"HIP 57587 ;HD  102574 ;HR  4529 ;",0
180.71526,-7.683623,223.7136,6.24,star K5,"HIP 58741 ;HD  104625 ;HR  4598 ;",0
183.877155,-41.913278,123.1527,6.24,star K0III,"HIP 59785 ;HD  106572 ;HR  4658 ;",0
186.186375,-41.384289,190.1141,6.24,star K2/K3III,"HIP 60549 ;HD  107998 ;HR  4718 ;",0
188.44755,33.384668,127.2265,6.24,star K0III,"HIP 61320 ;HD  109345 ;HR  4784 ;GL  Gl 474 ;",0
196.20099,-41.196322,364.9635,6.24,star M3/M4III,"HIP 63820 ;HD  113523 ;HR  4938 ;",0
210.98232,4.900973,59.7015,6.24,star F4V,"HIP 68707 ;HD  122797 ;HR  5275 ;",0
220.513335,61.261916,40.6669,6.24,star F2V,"HIP 71876 ;HD  129798 ;HR  5492 ;",0
236.689275,-6.120355,228.833,6.24,star K0,"HIP 77287 ;HD  140986 ;HR  5866 ;",0
245.66211,-2.07987,130.8901,6.24,star B9V,"HIP 80227 ;HD  147550 ;HR  6096 ;",0
259.148685,-74.533008,106.383,6.24,star A0V,"HIP 84510 ;HD  154972 ;HR  6373 ;",0
268.55904,11.130558,83.3333,6.24,star F5Vn,"HIP 87655 ;HD  163151 ;HR  6676 ;",0
274.532145,18.131691,202.4291,6.24,star B9V,"HIP 89684 ;HD  168270 ;HR  6852 ;",0
281.48331,-50.872715,373.1343,6.24,star B8/B9II,"HIP 92072 ;HD  173047 ;",0
282.40497,0.836197,179.5332,6.24,star A1V,"HIP 92386 ;HD  174240 ;HR  7085 ;",0
283.44291,57.486557,177.6199,6.24,star K5III:,"HIP 92731 ;HD  175823 ;HR  7153 ;",0
294.92409,-45.27855,111.7318,6.24,star Am,"HIP 96721 ;HD  185139 ;HR  7461 ;",0
295.07787,-54.41779,116.2791,6.24,star K0III,"HIP 96781 ;HD  185075 ;HR  7459 ;",0
298.09068,18.671875,100000,6.24,star O8e,"HIP 97796 ;HD  188001 ;HR  7574 ;BF  9    Sge ;",0
301.18548,63.890207,79.1766,6.24,star A2II-III,"HIP 98872 ;HD  191174 ;HR  7695 ;",0
302.764755,21.134579,149.4768,6.24,star K0,"HIP 99445 ;HD  191814 ;HR  7713 ;",0
302.837565,21.874937,100000,6.24,star B1Ib,"HIP 99479 ;HD  191877 ;HR  7716 ;",0
304.38138,29.147563,127.0648,6.24,star G9III,"HIP 100018 ;HD  193094 ;HR  7760 ;",0
306.72078,-37.402905,37.3274,6.24,star K1IV,"HIP 100852 ;HD  194433 ;HR  7808 ;",0
310.49235,17.521489,148.8095,6.24,star G8III,"HIP 102158 ;HD  197249 ;HR  7923 ;",0
312.321825,-0.563337,303.9514,6.24,star M3,"HIP 102770 ;HD  198272 ;",0
315.7626,1.532061,70.8215,6.24,star F5V,"HIP 103892 ;HD  200375 ;HR  8056 ;",0
328.64964,-3.301272,59.2066,6.24,star F5IV,"HIP 108144 ;HD  208177 ;HR  8363 ;",0
329.7291,-4.373109,36.8868,6.24,star K2V,"HIP 108506 ;HD  208801 ;HR  8382 ;",0
345.377985,57.105458,303.9514,6.24,star K2II,"HIP 113684 ;HD  217673 ;HR  8761 ;",0
349.286475,-28.438273,751.8797,6.24,star M1/M2III,"HIP 114969 ;HD  219580 ;",0
352.925175,-21.369457,76.1615,6.24,star F0V,"HIP 116118 ;HD  221357 ;HR  8932 ;BF  100    Aqr ;",0
355.169175,36.720768,43.6681,6.24,star F1V,"HIP 116824 ;HD  222451 ;HR  8977 ;",0
355.477335,57.259954,285.7143,6.24,star G8III,"HIP 116912 ;HD  222618 ;HR  8985 ;",0
0.432705,42.367144,374.5318,6.25,star B9IIIp Mn,"HIP 137 ;HD  224906 ;HR  9086 ;",0
0.739515,-20.045882,61.1621,6.25,star F6/F7V,"HIP 238 ;HD  225045 ;HR  9095 ;",0
1.2333,26.648764,200,6.25,star K4IIIb,"HIP 399 ;HD  225276 ;HR  9109 ;",0
3.7329,22.284225,140.8451,6.25,star A1p,"HIP 1193 ;HD  1048 ;HR  49 ;",0
5.606175,13.482488,153.8462,6.25,star K3III,"HIP 1772 ;HD  1796 ;HR  86 ;BF  42    Psc ;",0
15.67875,-65.456102,265.9574,6.25,star M2III,"HIP 4879 ;HD  6311 ;HR  304 ;",0
22.37724,-46.756422,310.559,6.25,star M3III,"HIP 6952 ;HD  9184 ;HR  435 ;",0
26.19234,57.089226,193.4236,6.25,star A2V,"HIP 8148 ;HD  10587 ;HR  502 ;",0
28.72407,40.702034,90.2527,6.25,star K2,"HIP 8922 ;HD  11613 ;HR  551 ;",0
33.3378,74.027721,145.5604,6.25,star G8III,"HIP 10350 ;HD  13222 ;HR  626 ;",0
36.316785,56.609823,100000,6.25,star B2Ia,"HIP 11279 ;HD  14818 ;HR  696 ;BF  10    Per ;",0
42.378075,57.084318,100000,6.25,star A5Ia,"HIP 13178 ;HD  17378 ;HR  825 ;",0
47.8197,-16.024967,165.5629,6.25,star K2III,"HIP 14814 ;HD  19887 ;HR  957 ;",0
48.751125,-26.100459,199.6008,6.25,star A1V,"HIP 15125 ;HD  20293 ;HR  980 ;",0
49.00773,34.688513,60.9385,6.25,star A1m,"HIP 15204 ;HD  20210 ;HR  976 ;",0
53.656125,-9.868261,137.3626,6.25,star A2V,"HIP 16677 ;HD  22243 ;HR  1091 ;",0
54.85455,75.739622,137.741,6.25,star G9III-IV,"HIP 17056 ;HD  21970 ;HR  1080 ;",0
62.34252,54.828862,44.4444,6.25,star F5V,"HIP 19400 ;HD  25948 ;HR  1276 ;",0
63.45765,12.753701,99.4036,6.25,star K0,"HIP 19736 ;HD  26703 ;HR  1310 ;",0
65.899215,42.427909,177.305,6.25,star A1sp...,"HIP 20498 ;HD  27650 ;HR  1371 ;",0
67.850415,40.010193,369.0037,6.25,star B8V,"HIP 21108 ;HD  28503 ;HR  1424 ;",0
67.85772,-13.644222,112.8668,6.25,star A2/A3V,"HIP 21110 ;HD  28763 ;HR  1438 ;",0
74.321625,-1.067258,84.3882,6.25,star F2,"HIP 23041 ;HD  31623 ;HR  1591 ;",0
83.62203,-0.012345,294.1176,6.25,star G5,"HIP 26149 ;HD  36840 ;",0
85.875735,-39.406908,52.7704,6.25,star F3V,"HIP 26981 ;HD  38385 ;HR  1981 ;",0
104.66214,7.6223,68.306,6.25,star A3V,"HIP 33584 ;HD  51693 ;HR  2606 ;",0
115.84242,22.399472,98.2318,6.25,star K0III,"HIP 37636 ;HD  62141 ;HR  2978 ;",0
118.62195,47.385982,246.9136,6.25,star K2III:,"HIP 38623 ;HD  64106 ;HR  3065 ;BF  25    Lyn ;",0
121.178895,-62.836347,367.6471,6.25,star B2.5Vn,"HIP 39530 ;HD  67536 ;HR  3186 ;",0
121.614225,-9.244457,307.6923,6.25,star B9V,"HIP 39675 ;HD  67159 ;HR  3174 ;",0
122.17686,13.640917,80,6.25,star F3V,"HIP 39874 ;HD  67483 ;HR  3184 ;BF  12    Cnc ;",0
128.37615,-46.970661,684.9315,6.25,star K3III,"HIP 41986 ;HD  72900 ;HR  3390 ;",0
133.11912,28.259159,271.7391,6.25,star M3III,"HIP 43575 ;HD  75716 ;HR  3521 ;BF  53    Cnc ;",0
134.494425,30.233826,55.5247,6.25,star F6V,"HIP 44031 ;HD  76572 ;HR  3563 ;BF  61    Cnc ;",0
135.52665,-39.402164,122.549,6.25,star K1IIICN...,"HIP 44367 ;HD  77580 ;HR  3602 ;",0
138.81099,-45.555498,561.7978,6.25,star B8V,"HIP 45413 ;HD  79900 ;HR  3680 ;",0
142.38507,-4.246636,55.6483,6.25,star G6IV,"HIP 46543 ;HD  82074 ;HR  3762 ;",0
143.332935,-7.190204,124.8439,6.25,star K0,"HIP 46893 ;HD  82674 ;HR  3805 ;",0
146.379015,78.134709,317.4603,6.25,star K2III,"HIP 47884 ;HD  83550 ;HR  3843 ;",0
152.14761,-15.611939,173.6111,6.25,star A0V,"HIP 49689 ;HD  88025 ;HR  3986 ;",0
155.804745,-30.162263,55.4324,6.25,star A9IV,"HIP 50868 ;HD  90071 ;HR  4083 ;",0
158.552985,-60.987629,259.0674,6.25,star K2/K3III,"HIP 51732 ;HD  91767 ;HR  4151 ;",0
160.35078,-1.741491,36.8189,6.25,star K1IV,"HIP 52316 ;HD  92588 ;HR  4182 ;BF  33    Sex ;",0
161.08365,-70.859721,103.4126,6.25,star A5IV/V,"HIP 52520 ;HD  93344 ;HR  4211 ;",0
177.78963,33.375013,65.4879,6.25,star Am,"HIP 57805 ;HD  102942 ;HR  4545 ;",0
186.7014,-48.913191,26.6099,6.25,star G5IV-V,"HIP 60729 ;HD  108309 ;HR  4734 ;",0
192.174255,48.466838,137.5516,6.25,star A6m,"HIP 62516 ;HD  111421 ;HR  4866 ;BF  11    CVn ;",0
193.45713,12.418416,60.9013,6.25,star A7III,"HIP 62933 ;HD  112097 ;HR  4900 ;BF  41    Vir ;",0
193.55457,33.53448,77.3994,6.25,star A7IV,"HIP 62972 ;HD  112171 ;HR  4904 ;",0
197.42514,38.533885,370.3704,6.25,star B7III,"HIP 64217 ;HD  114376 ;HR  4967 ;BF  15    CVn ;",0
198.10605,80.471309,207.9002,6.25,star K0Ib,"HIP 64437 ;HD  115337 ;HR  5009 ;",0
210.903195,7.54617,142.0455,6.25,star G9III,"HIP 68687 ;HD  122744 ;HR  5274 ;",0
214.136865,20.121848,32.6264,6.25,star F8V,"HIP 69751 ;HD  125040 ;HR  5346 ;",0
215.813685,1.241569,17.191,6.25,star G1V,"HIP 70319 ;HD  126053 ;HR  5384 ;GL  Gl 547 ;",0
227.356365,-63.64293,181.4882,6.25,star A0p,"HIP 74181 ;HD  133792 ;HR  5623 ;",0
240.7188,-62.54159,98.6193,6.25,star B9.5V,"HIP 78603 ;HD  143238 ;HR  5951 ;",0
242.02065,17.054382,645.1613,6.25,star K1III,"HIP 79045 ;HD  145000 ;HR  6009 ;BF  7Kap Her ;",0
247.7616,35.225066,312.5,6.25,star K5,"HIP 80888 ;HD  149084 ;HR  6157 ;",0
250.143825,-20.408649,137.741,6.25,star K0III,"HIP 81632 ;HD  150259 ;HR  6190 ;",0
250.2981,-1.000312,48.8998,6.25,star A7III,"HIP 81687 ;HD  150451 ;HR  6201 ;",0
253.54419,-1.612304,76.6284,6.25,star F0V,"HIP 82693 ;HD  152569 ;HR  6277 ;",0
259.399395,23.090627,438.5965,6.25,star K2,"HIP 84599 ;HD  156593 ;HR  6430 ;",0
261.112995,36.951929,230.4147,6.25,star G5III+...,"HIP 85181 ;HD  157910 ;HR  6491 ;",0
264.78543,2.02805,112.9944,6.25,star F4IV...,"HIP 86391 ;HD  160315 ;HR  6575 ;",0
267.5421,78.306539,261.7801,6.25,star K5,"HIP 87293 ;HD  164428 ;HR  6717 ;",0
279.88764,40.935059,271.7391,6.25,star B9V,"HIP 91491 ;HD  172671 ;HR  7017 ;",0
285.40725,-22.695364,621.118,6.25,star K3III,"HIP 93423 ;HD  176537 ;HR  7182 ;",0
285.58986,8.373539,373.1343,6.25,star K2III,"HIP 93488 ;HD  176981 ;HR  7208 ;",0
288.88842,-24.179352,27.5482,6.25,star F8V,"HIP 94645 ;HD  179949 ;HR  7291 ;",0
289.11918,-69.190825,194.5525,6.25,star A6IV/V,"HIP 94724 ;HD  179009 ;HR  7274 ;BF  Tau Pav ;",0
289.754805,37.445346,190.8397,6.25,star A0III,"HIP 94932 ;HD  181470 ;HR  7338 ;",0
290.404635,-19.234446,239.8082,6.25,star B5III,"HIP 95159 ;HD  181558 ;HR  7339 ;",0
292.325115,0.24608,196.8504,6.25,star K2,"HIP 95812 ;HD  183387 ;HR  7404 ;",0
294.893895,45.957439,126.4223,6.25,star K0III,"HIP 96706 ;HD  185955 ;HR  7487 ;",0
295.466745,50.517523,21.2134,6.25,star G5V,"HIP 96901 ;HD  186427 ;HR  7504 ;GL  Gl 765.1B ;",0
296.142465,13.302783,310.559,6.25,star B9III-IV,"HIP 97139 ;HD  186547 ;HR  7511 ;BF  48Psi Aql ;",0
297.823875,9.629887,89.6057,6.25,star A1m,"HIP 97697 ;HD  187753 ;HR  7562 ;",0
303.146355,0.867054,180.5054,6.25,star A0,"HIP 99585 ;HD  191984 ;HR  7717 ;",0
310.231755,-42.396689,164.2036,6.25,star G6III,"HIP 102057 ;HD  196748 ;",0
315.79245,-27.731594,292.3977,6.25,star K0III,"HIP 103902 ;HD  200245 ;HR  8050 ;",0
317.387475,-20.556661,51.5996,6.25,star F2IV/V,"HIP 104452 ;HD  201352 ;HR  8091 ;BF  27    Cap ;",0
323.8296,28.197607,71.1238,6.25,star F0IV,"HIP 106595 ;HD  205539 ;HR  8257 ;",0
327.034995,36.580388,177.9359,6.25,star K5,"HIP 107637 ;HD  207446 ;HR  8336 ;",0
346.94892,63.633466,409.8361,6.25,star B3V,"HIP 114212 ;HD  218537 ;HR  8808 ;",0
350.183745,44.116167,75.2445,6.25,star A5Vn,"HIP 115261 ;HD  220105 ;HR  8884 ;",0
353.42913,45.0581,183.8235,6.25,star G8II,"HIP 116292 ;HD  221661 ;HR  8941 ;",0
7.17948,-50.532859,125.3133,6.26,star K0III,"HIP 2256 ;HD  2529 ;HR  111 ;",0
8.204535,28.280241,158.4786,6.26,star G8II,"HIP 2583 ;HD  2942 ;HR  134 ;",0
20.144055,-3.24699,137.1742,6.26,star K1III,"HIP 6283 ;HD  8120 ;HR  387 ;",0
21.17466,-44.528575,259.0674,6.26,star K1II,"HIP 6595 ;HD  8681 ;HR  411 ;",0
37.569165,33.833707,119.6172,6.26,star K1III,"HIP 11651 ;HD  15464 ;HR  726 ;",0
40.06539,6.111944,40.3226,6.26,star F3V:,"HIP 12447 ;HD  16647 ;HR  783 ;",0
42.231285,69.63429,64.7668,6.26,star A3V,"HIP 13133 ;HD  17138 ;HR  815 ;",0
56.34879,-71.658132,143.2665,6.26,star B8V,"HIP 17543 ;HD  24188 ;",0
56.954265,32.195415,48.0077,6.26,star G0,"HIP 17732 ;HD  23626 ;HR  1164 ;",0
76.25253,-54.407401,253.1646,6.26,star M2III,"HIP 23653 ;HD  33116 ;HR  1667 ;",0
76.538625,-73.037673,134.9528,6.26,star A0V,"HIP 23737 ;HD  33875 ;HR  1700 ;",0
78.86523,22.284858,214.5923,6.26,star A2V,"HIP 24512 ;HD  34053 ;HR  1711 ;BF  108    Tau ;",0
81.19287,-52.316245,157.2327,6.26,star A0V,"HIP 25303 ;HD  35860 ;HR  1818 ;BF  The Pic ;",0
84.042885,-28.708015,52.7983,6.26,star A2III/IV,"HIP 26309 ;HD  37286 ;HR  1915 ;",0
84.31683,66.696692,77.7605,6.26,star A8Vn,"HIP 26410 ;HD  36496 ;HR  1853 ;",0
92.144295,-44.356212,227.2727,6.26,star B8II,"HIP 29129 ;HD  42448 ;HR  2187 ;",0
96.232515,-63.828144,224.2152,6.26,star B6V,"HIP 30524 ;HD  45796 ;HR  2360 ;",0
96.30417,7.085713,826.4463,6.26,star K1Iabv SB,"HIP 30541 ;HD  44990 ;HR  2310 ;",0
97.89561,-36.940027,220.7506,6.26,star M2/M3III,"HIP 31099 ;HD  46431 ;HR  2393 ;",0
98.077275,17.784349,80.2568,6.26,star F6V...,"HIP 31158 ;HD  46136 ;",0
99.47976,73.695636,35.9583,6.26,star F2,"HIP 31703 ;HD  45947 ;HR  2365 ;",0
100.691865,-22.44859,54.3183,6.26,star F2V,"HIP 32144 ;HD  48501 ;HR  2481 ;",0
104.35662,11.907554,943.3962,6.26,star F2Ib-II,"HIP 33465 ;HD  51330 ;HR  2597 ;",0
104.665725,-55.729122,88.3392,6.26,star K2III,"HIP 33588 ;HD  52603 ;HR  2634 ;",0
104.913555,-21.602884,393.7008,6.26,star B2III,"HIP 33666 ;HD  52273 ;HR  2623 ;",0
112.00803,-26.838974,350.8772,6.26,star K4III,"HIP 36264 ;HD  59235 ;",0
122.34606,42.430609,204.499,6.26,star K3III:,"HIP 39938 ;HD  67370 ;HR  3181 ;",0
124.56582,54.143696,258.3979,6.26,star K5,"HIP 40677 ;HD  69149 ;HR  3246 ;",0
128.437695,13.257311,105.042,6.26,star K0III,"HIP 42010 ;HD  72505 ;HR  3376 ;",0
130.586895,-55.774557,99.7009,6.26,star K2III,"HIP 42717 ;HD  74622 ;HR  3471 ;",0
133.83003,-45.04167,370.3704,6.26,star B3IV,"HIP 43807 ;HD  76566 ;HR  3562 ;",0
142.457805,-23.345342,411.5226,6.26,star K2/K3III,"HIP 46569 ;HD  82180 ;HR  3767 ;",0
143.496435,23.453919,154.5595,6.26,star K7III,"HIP 46938 ;HD  82670 ;HR  3804 ;",0
145.41036,25.912876,169.2047,6.26,star K2III:,"HIP 47550 ;HD  83821 ;HR  3853 ;BF  13    Leo ;",0
161.1132,-72.443498,32.1234,6.26,star F6V,"HIP 52535 ;HD  93372 ;HR  4213 ;",0
161.57121,-60.602872,120.3369,6.26,star A0IV,"HIP 52679 ;HD  93502 ;HR  4217 ;",0
163.338225,-58.893453,349.6503,6.26,star B5V,"HIP 53231 ;HD  94491 ;",0
169.90236,-75.142452,160.5136,6.26,star B9.5/A0V,"HIP 55308 ;HD  98672 ;HR  4387 ;",0
176.30268,-49.069843,120.048,6.26,star K1III,"HIP 57322 ;HD  102150 ;HR  4516 ;",0
179.18313,-47.072379,48.4966,6.26,star F3IV-V,"HIP 58242 ;HD  103746 ;HR  4570 ;",0
184.82997,23.034673,85.6898,6.26,star A8m,"HIP 60087 ;HD  107168 ;HR  4685 ;BF  8    Com ;",0
188.342715,-19.792549,130.8901,6.26,star F0IV/V,"HIP 61270 ;HD  109238 ;HR  4778 ;",0
189.982845,-66.511138,114.2857,6.26,star B8V,"HIP 61796 ;HD  110020 ;HR  4814 ;",0
192.58125,-48.459543,187.6173,6.26,star A0V,"HIP 62655 ;HD  111519 ;HR  4871 ;",0
193.102485,-53.829931,549.4505,6.26,star G8Ib/II,"HIP 62821 ;HD  111790 ;HR  4882 ;",0
198.361815,-18.826406,194.1748,6.26,star A0V,"HIP 64520 ;HD  114846 ;HR  4990 ;BF  54    Vir ;",0
200.1732,2.94229,135.5014,6.26,star A3V,"HIP 65119 ;HD  115995 ;HR  5031 ;",0
217.928505,60.225636,117.096,6.26,star F0III,"HIP 71040 ;HD  127929 ;HR  5437 ;",0
231.47196,19.480707,41.2541,6.26,star G0V,"HIP 75535 ;HD  137510 ;HR  5740 ;",0
233.28966,-24.490433,96.7118,6.26,star A3/5V +A9/F2,"HIP 76143 ;HD  138488 ;HR  5765 ;",0
234.047355,-33.092806,106.4963,6.26,star B8/B9V,"HIP 76395 ;HD  138923 ;HR  5790 ;",0
238.916055,18.620745,490.1961,6.26,star B8III,"HIP 77995 ;HD  142763 ;HR  5931 ;",0
243.23577,-4.220809,164.4737,6.26,star A1V,"HIP 79463 ;HD  145788 ;HR  6041 ;",0
255.44745,-58.958245,431.0345,6.26,star B2IVne,"HIP 83323 ;HD  153261 ;HR  6304 ;",0
256.721775,-26.513022,328.9474,6.26,star B8/B9II,"HIP 83740 ;HD  154481 ;HR  6354 ;",0
263.895825,-59.846115,440.5286,6.26,star B5II/III,"HIP 86088 ;HD  158895 ;HR  6525 ;",0
264.36216,-38.066364,884.9558,6.26,star G2Ib,"HIP 86246 ;HD  159633 ;HR  6557 ;",0
269.428065,-56.896252,900.9009,6.26,star B4III,"HIP 87928 ;HD  163071 ;",0
270.78702,48.464269,164.7446,6.26,star A2V,"HIP 88415 ;HD  165358 ;HR  6753 ;",0
279.964995,7.358598,147.4926,6.26,star G8III,"HIP 91523 ;HD  172424 ;HR  7010 ;",0
281.230815,54.897184,298.5075,6.26,star G5III,"HIP 91985 ;HD  173920 ;HR  7071 ;",0
287.440845,65.978513,93.4579,6.26,star A0V,"HIP 94140 ;HD  179933 ;HR  7290 ;BF  55    Dra ;",0
292.695135,36.228503,193.0502,6.26,star B9.5III,"HIP 95953 ;HD  183986 ;HR  7419 ;",0
301.89618,-55.016012,23.4302,6.26,star F8V,"HIP 99137 ;HD  190422 ;HR  7674 ;",0
305.421465,-49.999416,31.0174,6.26,star G2IV-V,"HIP 100412 ;HD  193307 ;HR  7766 ;GL  Wo 9691 ;",0
312.17808,51.910331,222.7171,6.26,star B8np,"HIP 102712 ;HD  198513 ;HR  7978 ;",0
314.90058,-19.035283,164.2036,6.26,star Ap Si,"HIP 103616 ;HD  199728 ;HR  8033 ;BF  20    Cap ;",0
315.180915,-53.73907,232.0186,6.26,star K5/M0III,"HIP 103693 ;HD  199642 ;",0
331.463415,48.231494,100000,6.26,star B2V SB,"HIP 109082 ;HD  209961 ;HR  8427 ;",0
336.41958,18.444316,194.1748,6.26,star K0,"HIP 110696 ;HD  212670 ;HR  8543 ;",0
338.31993,70.373714,125.7862,6.26,star A0V,"HIP 111325 ;HD  214019 ;HR  8598 ;",0
351.811635,1.122609,112.9944,6.26,star G7III,"HIP 115768 ;HD  220858 ;HR  8912 ;BF  9    Psc ;",0
352.383675,-4.532747,47.3037,6.26,star K3IIIvar,"HIP 115953 ;HD  221148 ;HR  8924 ;",0
354.415575,16.825495,112.7396,6.26,star A1V,"HIP 116592 ;HD  222098 ;HR  8960 ;BF  74    Peg ;",0
355.361625,49.512413,228.833,6.26,star A4V,"HIP 116876 ;HD  222570 ;HR  8981 ;",0
359.283975,-26.623446,296.7359,6.26,star K3III,"HIP 118076 ;HD  224350 ;HR  9058 ;",0
12.389295,-23.362144,234.192,6.27,star A3IV,"HIP 3858 ;HD  4772 ;HR  232 ;",0
13.448205,52.689293,88.4173,6.27,star A5m,"HIP 4212 ;HD  5128 ;HR  250 ;",0
19.129215,79.910013,72.6216,6.27,star F5Vs,"HIP 5947 ;HD  7238 ;HR  357 ;",0
21.77628,34.377552,40.7997,6.27,star F7IVsvar,"HIP 6776 ;HD  8774 ;HR  415 ;",0
23.15157,-49.727713,77.5795,6.27,star F4V,"HIP 7189 ;HD  9544 ;HR  447 ;",0
26.232615,20.083149,32.5733,6.27,star G5IV,"HIP 8159 ;HD  10697 ;HR  508 ;BF  109    Psc ;",0
31.55109,8.248114,248.139,6.27,star M4,"HIP 9809 ;HD  12872 ;HR  614 ;",0
41.742975,35.983523,139.6648,6.27,star G8III,"HIP 12982 ;HD  17228 ;HR  819 ;",0
61.48545,-8.856105,76.2777,6.27,star A3V,"HIP 19121 ;HD  25910 ;HR  1272 ;",0
72.42603,-13.769669,33.8066,6.27,star F3/F5V,"HIP 22439 ;HD  30743 ;HR  1545 ;",0
83.40924,34.72557,137.3626,6.27,star A3IV,"HIP 26071 ;HD  36499 ;HR  1854 ;",0
83.98125,27.662347,236.9668,6.27,star K0,"HIP 26291 ;HD  36859 ;HR  1878 ;",0
92.44644,-26.701086,145.9854,6.27,star G8/K0III,"HIP 29233 ;HD  42486 ;HR  2192 ;",0
94.75767,17.325259,260.4167,6.27,star B9IIIsp...,"HIP 30019 ;HD  43819 ;HR  2258 ;",0
95.942265,-15.071257,448.4305,6.27,star K2/K3III,"HIP 30420 ;HD  44891 ;HR  2303 ;",0
104.19042,-35.341334,193.7984,6.27,star K2III,"HIP 33394 ;HD  51682 ;HR  2604 ;",0
113.30484,-40.058522,235.2941,6.27,star B8IV (p Si),"HIP 36728 ;HD  60559 ;HR  2907 ;",0
114.06957,-8.311302,226.7574,6.27,star K2,"HIP 37000 ;HD  60853 ;HR  2920 ;",0
122.448735,-42.640803,294.1176,6.27,star B+...,"HIP 39974 ;HD  68242 ;HR  3205 ;",0
138.32778,-42.27329,164.7446,6.27,star K2III,"HIP 45242 ;HD  79524 ;HR  3668 ;",0
140.855715,-48.286942,775.1938,6.27,star B5V,"HIP 46045 ;HD  81347 ;",0
142.25958,-1.256913,79.1139,6.27,star F0Vn,"HIP 46504 ;HD  81980 ;HR  3758 ;",0
142.88766,-66.719026,189.0359,6.27,star K1III,"HIP 46737 ;HD  82858 ;HR  3813 ;",0
147.59847,65.593226,84.9618,6.27,star A9Vn,"HIP 48266 ;HD  84812 ;HR  3885 ;",0
149.195205,-26.549672,67.5219,6.27,star A4V,"HIP 48763 ;HD  86266 ;HR  3931 ;",0
151.31367,-36.384381,140.2525,6.27,star K1III,"HIP 49418 ;HD  87606 ;HR  3972 ;",0
161.060625,19.758834,66.9344,6.27,star A5V,"HIP 52513 ;HD  92941 ;HR  4197 ;",0
161.289405,2.48797,147.0588,6.27,star K4III,"HIP 52584 ;HD  93102 ;HR  4201 ;BF  36    Sex ;",0
168.042555,-46.266761,90.009,6.27,star A1V,"HIP 54718 ;HD  97413 ;",0
172.937295,14.364505,23.3263,6.27,star G0V,"HIP 56242 ;HD  100180 ;HR  4437 ;GL  NN 3669A ;BF  88    Leo ;",0
181.118745,85.587132,72.7273,6.27,star F6V,"HIP 58874 ;HD  104904 ;HR  4606 ;",0
183.836055,87.700115,46.9484,6.27,star F2V,"HIP 59767 ;HD  107192 ;HR  4686 ;",0
191.88927,-6.301752,70.028,6.27,star F7V,"HIP 62421 ;HD  111199 ;HR  4856 ;",0
201.83607,-49.381291,800,6.27,star B3IV,"HIP 65630 ;HD  116862 ;HR  5063 ;",0
210.88479,10.786779,16.9837,6.27,star G8V,"HIP 68682 ;HD  122742 ;HR  5273 ;GL  Gl 538 ;",0
218.410665,79.660427,137.931,6.27,star K3III,"HIP 71196 ;HD  129245 ;HR  5479 ;",0
221.30712,32.788346,248.139,6.27,star M1III,"HIP 72124 ;HD  130084 ;HR  5510 ;",0
222.96378,-18.355325,223.7136,6.27,star K0II/III,"HIP 72702 ;HD  131027 ;",0
226.558065,-36.264599,288.1844,6.27,star K5III,"HIP 73901 ;HD  133550 ;HR  5615 ;",0
228.254265,-61.74378,100000,6.27,star K4Ib,"HIP 74470 ;HD  134468 ;HR  5645 ;",0
230.168985,-67.481526,306.7485,6.27,star B3V,"HIP 75091 ;HD  135737 ;HR  5684 ;",0
241.40808,8.096248,132.9787,6.27,star A3m,"HIP 78840 ;HD  144426 ;HR  5992 ;",0
247.86783,72.612338,143.8849,6.27,star K2III,"HIP 80920 ;HD  150010 ;HR  6180 ;",0
254.26659,-19.539856,177.6199,6.27,star B7/8III,"HIP 82951 ;HD  152909 ;HR  6294 ;",0
254.37936,25.352841,169.4915,6.27,star G5III:,"HIP 82987 ;HD  153287 ;HR  6305 ;BF  57    Her ;",0
255.38772,14.949717,162.8664,6.27,star B9p CrEu,"HIP 83308 ;HD  153882 ;HR  6326 ;",0
259.877145,-50.063762,59.0319,6.27,star F2III,"HIP 84759 ;HD  156331 ;HR  6423 ;",0
270.346335,-17.156868,806.4516,6.27,star K2III,"HIP 88258 ;HD  164358 ;HR  6715 ;BF  6    Sgr ;",0
276.243585,27.394783,117.5088,6.27,star A2Vn,"HIP 90256 ;HD  169718 ;HR  6904 ;",0
277.559565,-5.724169,140.4494,6.27,star G8II-III,"HIP 90692 ;HD  170547 ;HR  6940 ;",0
280.55988,-81.808114,165.0165,6.27,star B8V,"HIP 91723 ;HD  169904 ;HR  6912 ;",0
283.25754,-9.575521,99.6016,6.27,star A7Vn,"HIP 92674 ;HD  174866 ;HR  7110 ;",0
284.309625,-43.917012,215.9827,6.27,star B9V,"HIP 93049 ;HD  175395 ;",0
288.829905,50.071127,134.5895,6.27,star G8III,"HIP 94623 ;HD  180756 ;HR  7311 ;",0
291.091965,16.937722,112.1076,6.27,star A2III-IV,"HIP 95398 ;HD  182490 ;HR  7369 ;BF  2    Sge ;",0
293.88942,-12.253114,102.7749,6.27,star K0III,"HIP 96365 ;HD  184574 ;HR  7433 ;",0
295.983225,27.135398,757.5758,6.27,star B7V + G1:III,"HIP 97091 ;HD  186518 ;HR  7508 ;",0
297.229515,-52.888109,284.9003,6.27,star K1III,"HIP 97491 ;HD  186756 ;HR  7521 ;",0
299.73507,-30.538384,58.8582,6.27,star K1III,"HIP 98351 ;HD  188981 ;HR  7617 ;",0
300.5841,64.634419,110.4972,6.27,star G7III:,"HIP 98658 ;HD  190713 ;HR  7682 ;BF  65    Dra ;",0
304.762515,-63.230744,130.719,6.27,star K0III,"HIP 100165 ;HD  192531 ;HR  7732 ;",0
305.134635,-55.050882,282.4859,6.27,star M0/M1III,"HIP 100300 ;HD  193002 ;HR  7758 ;",0
316.89018,15.658657,147.7105,6.27,star K2IV,"HIP 104281 ;HD  201196 ;HR  8088 ;",0
317.695575,-9.354074,103.6269,6.27,star K0III,"HIP 104557 ;HD  201567 ;HR  8096 ;",0
318.369945,15.982395,87.6424,6.27,star A7Vn,"HIP 104771 ;HD  202128 ;HR  8116 ;",0
323.32452,45.854014,408.1633,6.27,star K1Ibvar,"HIP 106420 ;HD  205349 ;HR  8248 ;",0
327.36195,20.462446,358.4229,6.27,star B2V,"HIP 107734 ;HD  207563 ;HR  8341 ;",0
328.075755,21.273162,274.7253,6.27,star M8III,"HIP 107956 ;HD  207932 ;HR  8350 ;",0
341.367405,19.366561,113.3787,6.27,star G6III:,"HIP 112358 ;HD  215510 ;HR  8660 ;BF  45    Peg ;",0
345.34602,-22.790891,120.7729,6.27,star A2V,"HIP 113673 ;HD  217498 ;HR  8756 ;",0
0.0795,-44.290561,81.367,6.28,star G3IV,"HIP 25 ;HD  224750 ;HR  9077 ;",0
7.23609,36.899694,162.0746,6.28,star G5III,"HIP 2270 ;HD  2507 ;HR  110 ;",0
12.23637,-46.697648,129.5337,6.28,star G8III,"HIP 3807 ;HD  4737 ;HR  229 ;",0
13.77171,48.67852,207.4689,6.28,star M2.5IIIa,"HIP 4298 ;HD  5273 ;HR  256 ;",0
15.82377,-29.525848,130.039,6.28,star G8IIICN...,"HIP 4932 ;HD  6269 ;HR  300 ;",0
16.546665,32.181485,172.7116,6.28,star K0,"HIP 5175 ;HD  6476 ;",0
20.906025,34.245887,56.6572,6.28,star G8IV,"HIP 6512 ;HD  8375 ;HR  396 ;",0
28.21137,51.474836,129.5337,6.28,star A3V,"HIP 8771 ;HD  11335 ;HR  538 ;",0
28.740225,37.12829,163.6661,6.28,star K0,"HIP 8930 ;HD  11624 ;HR  552 ;",0
38.06148,-36.427307,144.3001,6.28,star K0III,"HIP 11802 ;HD  15889 ;HR  742 ;",0
41.76492,35.55468,50.6073,6.28,star A9V,"HIP 12990 ;HD  17240 ;HR  820 ;",0
47.161635,8.471069,112.2334,6.28,star G9III,"HIP 14607 ;HD  19525 ;HR  942 ;",0
66.051075,-57.071337,27.7008,6.28,star G4V+...,"HIP 20552 ;HD  28255 ;HR  1405 ;GL  Wo 9155A ;",0
66.753615,57.58529,228.3105,6.28,star A0III,"HIP 20772 ;HD  27855 ;HR  1382 ;",0
67.77996,15.105037,167.7852,6.28,star M3III,"HIP 21082 ;HD  28595 ;",0
69.21222,-30.716779,127.3885,6.28,star Ap...,"HIP 21486 ;HD  29435 ;HR  1476 ;",0
73.273785,-72.40768,32.4465,6.28,star F8V,"HIP 22717 ;HD  31975 ;HR  1606 ;",0
84.229095,-66.560287,234.192,6.28,star B9.5V,"HIP 26368 ;HD  37935 ;HR  1960 ;",0
87.857295,32.124694,183.8235,6.28,star M3III,"HIP 27661 ;HD  39045 ;HR  2018 ;",0
88.897365,-4.788587,102.0408,6.28,star A2III,"HIP 28019 ;HD  39927 ;HR  2071 ;",0
91.28886,75.585919,240.9639,6.28,star K5,"HIP 28831 ;HD  40055 ;HR  2078 ;",0
92.66637,-45.281988,232.0186,6.28,star A0V,"HIP 29304 ;HD  42834 ;HR  2211 ;",0
92.941305,52.647186,102.9866,6.28,star A5m,"HIP 29404 ;HD  42083 ;HR  2172 ;",0
97.51254,-65.568242,96.8054,6.28,star F0III,"HIP 30973 ;HD  46730 ;HR  2408 ;",0
100.34142,16.39765,276.2431,6.28,star A1V,"HIP 32020 ;HD  47863 ;HR  2457 ;",0
100.568265,-38.398791,82.9187,6.28,star A+...,"HIP 32091 ;HD  48543 ;HR  2482 ;",0
101.047905,53.295939,78.3085,6.28,star K0,"HIP 32261 ;HD  47979 ;HR  2463 ;",0
103.89423,8.324285,85.4701,6.28,star A0V,"HIP 33297 ;HD  50931 ;HR  2584 ;",0
105.177135,-28.489574,68.6813,6.28,star F3/F5V,"HIP 33760 ;HD  52619 ;HR  2637 ;",0
113.52069,10.568076,135.5014,6.28,star A1V,"HIP 36796 ;HD  60275 ;HR  2893 ;",0
119.094675,-30.28457,341.2969,6.28,star M5/M6III,"HIP 38792 ;HD  65183 ;HR  3099 ;",0
120.38157,-55.454655,201.6129,6.28,star B4V,"HIP 39238 ;HD  66607 ;HR  3161 ;",0
120.873375,-42.948327,248.139,6.28,star G8II,"HIP 39420 ;HD  66812 ;HR  3166 ;",0
124.381875,8.86631,269.5418,6.28,star G8III,"HIP 40617 ;HD  69478 ;HR  3252 ;",0
125.820555,-38.286079,334.4482,6.28,star M2III,"HIP 41107 ;HD  70946 ;HR  3296 ;",0
126.137895,82.430759,186.2197,6.28,star A2Vn,"HIP 41208 ;HD  67934 ;HR  3197 ;",0
128.621895,-37.611169,408.1633,6.28,star M0III,"HIP 42070 ;HD  72993 ;HR  3399 ;",0
133.84533,17.231276,342.4658,6.28,star C6II,"HIP 43811 ;HD  76221 ;HR  3541 ;",0
139.885335,-55.186471,100000,6.28,star B5V,"HIP 45742 ;HD  80781 ;HR  3717 ;",0
148.241865,-27.332172,53.8503,6.28,star G1V,"HIP 48468 ;HD  85725 ;HR  3916 ;",0
153.011895,-28.605956,152.6718,6.28,star A0V,"HIP 49967 ;HD  88522 ;HR  4003 ;",0
166.523925,-51.21292,124.533,6.28,star G6IV,"HIP 54264 ;HD  96407 ;HR  4318 ;",0
172.812705,-61.278463,100000,6.28,star A3Iae,"HIP 56201 ;HD  100198 ;HR  4438 ;",0
175.43127,55.172011,267.3797,6.28,star K5,"HIP 57045 ;HD  101604 ;HR  4500 ;",0
180.175935,-21.837501,176.0563,6.28,star K2III,"HIP 58574 ;HD  104307 ;HR  4588 ;",0
188.39259,24.282984,89.0472,6.28,star A4V,"HIP 61295 ;HD  109307 ;HR  4780 ;BF  22    Com ;",0
205.08921,57.207606,91.0747,6.28,star A4p SrCrEu,"HIP 66700 ;HD  119213 ;HR  5153 ;",0
210.550755,45.753457,170.068,6.28,star K2III,"HIP 68567 ;HD  122675 ;HR  5271 ;",0
211.155945,2.297531,120.1923,6.28,star K0,"HIP 68776 ;HD  122910 ;HR  5283 ;",0
216.37146,38.393053,172.4138,6.28,star K2III:,"HIP 70517 ;HD  126597 ;HR  5402 ;",0
224.30712,-29.157678,151.5152,6.28,star B8/B9V,"HIP 73171 ;HD  131919 ;HR  5565 ;",0
228.71082,-5.502555,367.6471,6.28,star K2,"HIP 74623 ;HD  135367 ;HR  5669 ;",0
232.930875,-20.164922,87.108,6.28,star A5V,"HIP 76033 ;HD  138268 ;HR  5756 ;",0
238.66782,8.580337,78.8644,6.28,star A7Vn,"HIP 77910 ;HD  142500 ;HR  5919 ;BF  40    Ser ;",0
253.49523,-41.994327,952.381,6.28,star B1Ia,"HIP 82669 ;HD  152235 ;HR  6261 ;",0
255.46356,-18.885538,177.6199,6.28,star K1III,"HIP 83331 ;HD  153727 ;HR  6321 ;BF  29    Oph ;",0
256.27239,-45.502127,98.6193,6.28,star A2V,"HIP 83594 ;HD  154025 ;HR  6331 ;",0
259.580295,-16.311877,252.5253,6.28,star M0/M1III,"HIP 84649 ;HD  156462 ;HR  6428 ;",0
260.713695,-2.388176,19.5236,6.28,star G5IV,"HIP 85042 ;HD  157347 ;HR  6465 ;",0
265.515075,-50.510703,369.0037,6.28,star M3III,"HIP 86628 ;HD  160342 ;HR  6576 ;",0
269.23323,6.48773,194.1748,6.28,star B9III,"HIP 87866 ;HD  163641 ;HR  6690 ;",0
269.490795,-39.136523,126.7427,6.28,star A0IV/V,"HIP 87948 ;HD  163433 ;HR  6683 ;",0
270.238635,15.09355,44.5633,6.28,star G5IV,"HIP 88217 ;HD  164507 ;HR  6722 ;",0
276.17553,-7.075936,95.057,6.28,star K0,"HIP 90238 ;HD  169370 ;HR  6892 ;",0
277.0257,-26.757245,80.3859,6.28,star A3/A4V,"HIP 90510 ;HD  169938 ;HR  6914 ;",0
280.793115,70.792849,191.9386,6.28,star K2,"HIP 91811 ;HD  174205 ;HR  7082 ;",0
283.030215,41.383244,492.6108,6.28,star B9p Si,"HIP 92599 ;HD  175132 ;HR  7118 ;",0
283.11798,-26.65077,113.6364,6.28,star G8/K0III,"HIP 92635 ;HD  174630 ;HR  7103 ;",0
284.992125,22.814515,215.9827,6.28,star M4III,"HIP 93270 ;HD  176541 ;HR  7183 ;",0
286.784685,-18.738171,185.8736,6.28,star B8V,"HIP 93887 ;HD  177863 ;HR  7241 ;",0
287.828385,-29.502293,146.6276,6.28,star B8/B9V,"HIP 94272 ;HD  178840 ;HR  7270 ;",0
295.914555,57.042713,77.7605,6.28,star K2III,"HIP 97070 ;HD  186815 ;HR  7526 ;",0
304.014285,38.898012,130.8901,6.28,star A1V,"HIP 99893 ;HD  192934 ;HR  7752 ;",0
304.73322,-47.710774,300.3003,6.28,star M1III,"HIP 100151 ;HD  192827 ;HR  7745 ;",0
310.35273,-42.13378,350.8772,6.28,star M3II,"HIP 102096 ;HD  196829 ;",0
311.764845,-2.486912,239.2344,6.28,star K2,"HIP 102561 ;HD  197954 ;HR  7946 ;",0
321.06975,-69.733882,403.2258,6.28,star C5II,"HIP 105678 ;HD  203133 ;HR  8156 ;",0
324.775455,-33.678856,44.964,6.28,star G8IV,"HIP 106907 ;HD  205872 ;HR  8268 ;",0
326.12274,-38.55253,265.9574,6.28,star K1IIICN...,"HIP 107344 ;HD  206642 ;HR  8299 ;",0
326.59974,25.563504,111.2347,6.28,star K3III:,"HIP 107502 ;HD  207134 ;HR  8325 ;",0
330.549375,-17.903474,89.9281,6.28,star K0III,"HIP 108784 ;HD  209240 ;HR  8394 ;",0
332.58795,-3.894086,148.1481,6.28,star A1Vnn,"HIP 109442 ;HD  210419 ;HR  8451 ;",0
339.122085,-40.582689,68.306,6.28,star A3Vn,"HIP 111594 ;HD  214085 ;HR  8600 ;BF  Sig1Gru ;",0
339.202845,35.652419,259.7403,6.28,star K5,"HIP 111627 ;HD  214313 ;HR  8609 ;",0
340.52511,-5.101968,210.9705,6.28,star M0,"HIP 112078 ;HD  214983 ;",0
341.82987,-34.161722,109.529,6.28,star K1III,"HIP 112501 ;HD  215669 ;HR  8668 ;",0
344.38668,3.810241,114.2857,6.28,star K1III,"HIP 113360 ;HD  217019 ;HR  8730 ;",0
350.6688,20.828716,175.1313,6.28,star B9.5V,"HIP 115407 ;HD  220318 ;HR  8891 ;BF  65    Peg ;",0
359.58843,-15.847484,190.8397,6.28,star K1IIICN...,"HIP 118178 ;HD  224481 ;HR  9065 ;BF  1    Cet ;",0
19.54227,47.419706,662.2517,6.29,star K0,"HIP 6087 ;HD  7758 ;HR  376 ;",0
31.622115,0.035384,184.5018,6.29,star K0,"HIP 9827 ;HD  12923 ;HR  616 ;",0
35.965605,55.364861,934.5794,6.29,star F7Ib,"HIP 11174 ;HD  14662 ;HR  690 ;",0
39.61647,38.089141,207.4689,6.29,star B9.5V,"HIP 12305 ;HD  16350 ;HR  769 ;",0
44.30376,-29.855289,149.925,6.29,star A2/A3V:+...,"HIP 13768 ;HD  18466 ;HR  884 ;",0
48.2562,-35.943688,144.0922,6.29,star B9IV/V,"HIP 14972 ;HD  20144 ;HR  970 ;",0
51.82782,12.735289,87.6424,6.29,star A0Vs,"HIP 16095 ;HD  21379 ;HR  1039 ;",0
52.87227,49.20977,149.2537,6.29,star A0Vn,"HIP 16424 ;HD  21620 ;HR  1056 ;",0
54.12573,-78.323073,230.4147,6.29,star K2III,"HIP 16827 ;HD  23474 ;HR  1154 ;",0
54.582165,56.932713,157.2327,6.29,star B9p,"HIP 16974 ;HD  22316 ;HR  1094 ;",0
56.14116,-54.274027,76.2195,6.29,star K1III,"HIP 17464 ;HD  23697 ;HR  1168 ;",0
62.364885,59.908071,427.3504,6.29,star G8II,"HIP 19412 ;HD  25877 ;HR  1270 ;",0
75.05532,-78.300009,273.9726,6.29,star K5/M0III,"HIP 23251 ;HD  33519 ;HR  1682 ;",0
82.6806,22.462255,109.529,6.29,star K0,"HIP 25806 ;HD  36160 ;HR  1831 ;",0
86.82786,-35.674075,162.6016,6.29,star K1III,"HIP 27325 ;HD  38885 ;HR  2009 ;",0
87.73464,51.514583,87.7193,6.29,star K1III,"HIP 27625 ;HD  38765 ;HR  2003 ;",0
94.90905,-22.103119,282.4859,6.29,star K3III,"HIP 30062 ;HD  44225 ;",0
105.07515,-5.367162,28.9603,6.29,star G0III-IV,"HIP 33719 ;HD  52265 ;HR  2622 ;",0
109.381935,-6.679997,302.1148,6.29,star K2,"HIP 35301 ;HD  56614 ;HR  2765 ;",0
113.66493,-51.474517,456.621,6.29,star A1III/IV,"HIP 36856 ;HD  61031 ;HR  2925 ;",0
130.11255,19.544808,179.8561,6.29,star Am,"HIP 42556 ;HD  73731 ;HR  3429 ;BF  41Eps Cnc ;",0
132.00096,-52.850151,141.844,6.29,star B8V,"HIP 43195 ;HD  75466 ;HR  3503 ;",0
148.76397,61.116123,119.7605,6.29,star K0,"HIP 48638 ;HD  85583 ;HR  3911 ;",0
158.8533,-76.308986,142.0455,6.29,star K2III,"HIP 51835 ;HD  92209 ;HR  4170 ;",0
159.01878,-26.675479,41.2541,6.29,star F5V,"HIP 51885 ;HD  91881 ;HR  4157 ;",0
159.089235,36.326927,47.9616,6.29,star F3V,"HIP 51914 ;HD  91752 ;HR  4150 ;BF  35    LMi ;",0
161.65476,-43.192673,72.4113,6.29,star A4IV,"HIP 52709 ;HD  93453 ;",0
161.910015,-57.467411,769.2308,6.29,star M1II,"HIP 52797 ;HD  93662 ;HR  4226 ;",0
162.94542,-57.272315,170.3578,6.29,star A6III,"HIP 53100 ;HD  94275 ;",0
172.43169,56.737573,67.2043,6.29,star A4m,"HIP 56083 ;HD  99859 ;HR  4424 ;",0
174.63468,33.625829,248.139,6.29,star K2III,"HIP 56784 ;HD  101151 ;HR  4482 ;",0
174.68769,45.108416,23.2504,6.29,star G0V,"HIP 56809 ;HD  101177 ;HR  4486 ;GL  Gl 433.2A ;",0
183.922935,72.551196,147.4926,6.29,star K0III +K0III,"HIP 59796 ;HD  106677 ;HR  4665 ;",0
186.323265,-65.769853,48.4731,6.29,star G8/K0IV,"HIP 60601 ;HD  108054 ;HR  4720 ;",0
188.262,10.295671,144.9275,6.29,star G8III,"HIP 61246 ;HD  109217 ;HR  4777 ;BF  20    Vir ;",0
192.196125,24.840226,16.9319,6.29,star G7V,"HIP 62523 ;HD  111395 ;HR  4864 ;GL  Gl 486.1 ;",0
193.114575,16.122495,110.6195,6.29,star A7V,"HIP 62825 ;HD  111893 ;HR  4886 ;",0
204.92019,-39.747587,306.7485,6.29,star M3/M4III,"HIP 66645 ;HD  118781 ;HR  5135 ;",0
225.217815,22.045589,240.9639,6.29,star K0,"HIP 73464 ;HD  132879 ;HR  5592 ;",0
226.178745,-40.86133,185.1852,6.29,star M6III,"HIP 73764 ;HD  133220 ;HR  5604 ;",0
227.68692,-61.42232,24.2014,6.29,star G3IV,"HIP 74273 ;HD  134060 ;HR  5632 ;",0
230.59683,12.567521,137.5516,6.29,star A0V,"HIP 75230 ;HD  136831 ;HR  5717 ;BF  7    Ser ;",0
238.233825,17.40315,191.2046,6.29,star K0,"HIP 77782 ;HD  142244 ;HR  5909 ;",0
239.058435,-31.785882,51.8403,6.29,star F3/F5V,"HIP 78058 ;HD  142542 ;HR  5923 ;",0
244.782165,-20.218072,144.0922,6.29,star K0III,"HIP 79945 ;HD  146834 ;HR  6076 ;",0
252.650445,41.8965,114.4165,6.29,star K3III:,"HIP 82419 ;HD  152262 ;HR  6264 ;",0
253.99062,-33.506873,246.9136,6.29,star K5III,"HIP 82855 ;HD  152636 ;HR  6282 ;",0
254.06973,73.127867,90.1713,6.29,star F0V,"HIP 82880 ;HD  154099 ;HR  6335 ;",0
256.188855,-20.494703,144.7178,6.29,star B7IV/V,"HIP 83567 ;HD  154204 ;HR  6340 ;",0
256.54917,-21.564583,106.8376,6.29,star A1m...,"HIP 83684 ;HD  154418 ;HR  6350 ;",0
274.350675,-9.758578,132.626,6.29,star A8V,"HIP 89623 ;HD  167833 ;HR  6843 ;",0
274.512255,13.777038,469.4836,6.29,star B5V,"HIP 89677 ;HD  168199 ;HR  6851 ;",0
282.710385,-22.16219,70.5716,6.29,star F2IV,"HIP 92480 ;HD  174309 ;HR  7088 ;BF  30    Sgr ;",0
284.39331,-39.823195,59.9161,6.29,star A5IV/V,"HIP 93074 ;HD  175529 ;HR  7136 ;",0
286.72839,-50.323144,173.3102,6.29,star B9V,"HIP 93860 ;HD  177365 ;",0
289.91253,37.330539,25.3872,6.29,star G8V,"HIP 94981 ;HD  181655 ;HR  7345 ;GL  Gl 754.2 ;",0
292.64415,-55.110053,34.3761,6.29,star F5V,"HIP 95932 ;HD  183028 ;HR  7393 ;BF  Mu  Tel ;",0
295.809795,58.016617,44.2087,6.29,star G0V,"HIP 97033 ;HD  186760 ;HR  7522 ;GL  Gl 765.3 ;",0
305.753295,-9.65471,160,6.29,star G5II-III,"HIP 100524 ;HD  193896 ;HR  7788 ;",0
310.351095,-25.999911,173.3102,6.29,star K2III,"HIP 102094 ;HD  196947 ;HR  7910 ;",0
311.97057,52.407167,42.517,6.29,star K0V:,"HIP 102642 ;HD  198387 ;HR  7972 ;",0
320.05863,22.026186,233.1002,6.29,star B6IV,"HIP 105344 ;HD  203206 ;HR  8158 ;",0
332.98674,59.084579,117.9245,6.29,star K0III,"HIP 109585 ;HD  210905 ;HR  8476 ;",0
336.54459,-23.682447,120.6273,6.29,star A0V,"HIP 110746 ;HD  212643 ;HR  8542 ;",0
338.972415,50.070788,520.8333,6.29,star B3V,"HIP 111550 ;HD  214240 ;HR  8606 ;",0
341.06865,-60.499618,145.9854,6.29,star F3V,"HIP 112259 ;HD  215121 ;HR  8646 ;",0
349.922895,48.380935,114.9425,6.29,star K1III,"HIP 115171 ;HD  219962 ;HR  8875 ;",0
358.269825,2.090625,126.2626,6.29,star A1V,"HIP 117774 ;HD  223855 ;HR  9042 ;BF  25    Psc ;",0
14.47713,13.695865,148.5884,6.3,star G8III,"HIP 4520 ;HD  5612 ;HR  276 ;",0
30.715575,-23.886628,257.0694,6.3,star K2III,"HIP 9562 ;HD  12596 ;",0
35.548905,-43.199811,136.7989,6.3,star K0III,"HIP 11043 ;HD  14832 ;HR  698 ;",0
40.75773,48.265245,400,6.3,star G5,"HIP 12690 ;HD  16780 ;HR  792 ;",0
43.29873,16.48346,107.1811,6.3,star F5III,"HIP 13448 ;HD  17918 ;HR  856 ;",0
46.297065,-8.274247,140.4494,6.3,star K0,"HIP 14355 ;HD  19210 ;",0
48.946425,32.856712,54.7945,6.3,star F4Vwvar,"HIP 15191 ;HD  20193 ;HR  975 ;",0
49.090515,-5.730464,458.7156,6.3,star K5,"HIP 15230 ;HD  20356 ;",0
57.81612,13.046078,123.1527,6.3,star B9p Si,"HIP 18033 ;HD  24155 ;HR  1194 ;",0
72.958275,13.655155,40.7166,6.3,star F5,"HIP 22607 ;HD  30869 ;",0
75.97479,-41.74495,31.746,6.3,star F8V,"HIP 23555 ;HD  32820 ;HR  1651 ;",0
81.16011,31.223912,191.9386,6.3,star K1III...,"HIP 25290 ;HD  35238 ;HR  1775 ;",0
81.769845,-11.900964,27.0416,6.3,star F7V:,"HIP 25486 ;HD  35850 ;HR  1817 ;",0
86.81118,42.526748,180.1802,6.3,star K0,"HIP 27319 ;HD  38358 ;HR  1979 ;",0
88.565655,3.225641,140.4494,6.3,star K0,"HIP 27902 ;HD  39685 ;HR  2051 ;",0
95.35737,2.268522,92.3361,6.3,star A4.5V,"HIP 30217 ;HD  44333 ;HR  2280 ;",0
95.756115,-63.683136,337.8378,6.3,star M1III,"HIP 30352 ;HD  45461 ;HR  2337 ;",0
96.1854,-40.283979,165.8375,6.3,star B9V,"HIP 30505 ;HD  45306 ;HR  2323 ;",0
96.367395,14.721992,100000,6.3,star C5II,"HIP 30564 ;HD  44984 ;HR  2308 ;",0
98.19531,-11.166381,123.3046,6.3,star K0III:...,"HIP 31205 ;HD  46407 ;HR  2392 ;",0
100.84731,-39.193118,135.5014,6.3,star A8:+...,"HIP 32208 ;HD  48797 ;HR  2488 ;",0
103.095255,-5.316277,141.0437,6.3,star K0,"HIP 32990 ;HD  50282 ;HR  2552 ;",0
103.34334,10.99665,117.9245,6.3,star K0III,"HIP 33082 ;HD  50371 ;HR  2555 ;",0
109.2384,-30.897012,132.2751,6.3,star A9II,"HIP 35241 ;HD  56731 ;HR  2768 ;",0
111.341535,81.257456,263.8522,6.3,star A0III,"HIP 36019 ;HD  55075 ;HR  2709 ;",0
117.081255,-56.471075,100000,6.3,star K0III+...,"HIP 38087 ;HD  63926 ;HR  3056 ;",0
118.02996,3.277342,155.0388,6.3,star M5,"HIP 38406 ;HD  64052 ;HR  3061 ;",0
119.917035,-60.207351,325.7329,6.3,star B8III,"HIP 39073 ;HD  66341 ;HR  3152 ;",0
120.20043,19.816216,120.4819,6.3,star K1III,"HIP 39180 ;HD  65735 ;HR  3125 ;",0
126.69612,26.935489,84.5309,6.3,star A3V+...,"HIP 41404 ;HD  71150 ;HR  3310 ;BF  23Phi2Cnc ;",0
127.66347,-44.73732,606.0606,6.3,star B4V,"HIP 41737 ;HD  72350 ;HR  3371 ;",0
134.79471,18.134867,187.9699,6.3,star M4IIIvar,"HIP 44126 ;HD  76830 ;HR  3577 ;",0
138.838575,84.181013,94.6074,6.3,star F2III,"HIP 45421 ;HD  76990 ;HR  3581 ;",0
140.231235,-15.617826,49.8008,6.3,star F6V,"HIP 45854 ;HD  80719 ;HR  3714 ;",0
140.86386,-60.302314,662.2517,6.3,star K1/K2II/III,"HIP 46049 ;HD  81502 ;HR  3740 ;",0
141.231945,51.573896,129.199,6.3,star G2III,"HIP 46168 ;HD  81025 ;HR  3725 ;",0
149.04063,-71.3893,617.284,6.3,star B1Ib,"HIP 48715 ;HD  86606 ;HR  3944 ;",0
151.01172,-18.101406,156.0062,6.3,star B8V,"HIP 49321 ;HD  87344 ;HR  3963 ;",0
167.93232,14.400153,56.1798,6.3,star A5V,"HIP 54688 ;HD  97244 ;HR  4341 ;",0
169.116075,-45.880012,52.0021,6.3,star F3V,"HIP 55068 ;HD  98096 ;HR  4370 ;",0
172.60344,46.657533,261.0966,6.3,star K2IIICN-1,"HIP 56135 ;HD  99967 ;HR  4430 ;",0
174.169695,-37.237187,126.5823,6.3,star A1V,"HIP 56632 ;HD  100911 ;HR  4470 ;",0
181.18863,-59.253287,106.2699,6.3,star B9Vn,"HIP 58901 ;HD  104900 ;",0
181.473435,-65.546879,100000,6.3,star B8Ia-Iab,"HIP 59003 ;HD  105071 ;HR  4611 ;",0
186.956025,-16.631844,254.4529,6.3,star G5II,"HIP 60809 ;HD  108477 ;HR  4742 ;",0
205.62009,41.674282,279.3296,6.3,star G6III,"HIP 66892 ;HD  119445 ;HR  5160 ;",0
210.971205,-22.421602,85.4701,6.3,star F3IV,"HIP 68705 ;HD  122703 ;HR  5272 ;",0
220.13652,-56.440761,348.4321,6.3,star K0/K1II,"HIP 71746 ;HD  128713 ;HR  5461 ;",0
221.88375,-43.556806,231.4815,6.3,star K1III,"HIP 72338 ;HD  130073 ;HR  5509 ;",0
223.13805,-30.577253,39.1389,6.3,star G0/G1V,"HIP 72772 ;HD  131117 ;HR  5542 ;",0
229.53921,-41.061159,78.5546,6.3,star Am,"HIP 74875 ;HD  135730 ;HR  5682 ;",0
233.95497,38.373926,265.9574,6.3,star K2,"HIP 76366 ;HD  139284 ;HR  5808 ;",0
235.85358,-15.04323,122.549,6.3,star K0III,"HIP 77007 ;HD  140301 ;HR  5847 ;",0
239.37432,39.695086,122.399,6.3,star K0,"HIP 78153 ;HD  143209 ;HR  5950 ;",0
242.914995,33.342764,154.5595,6.3,star K2III,"HIP 79350 ;HD  145802 ;HR  6043 ;",0
243.556695,5.901846,109.2896,6.3,star K2III,"HIP 79581 ;HD  146084 ;HR  6057 ;",0
244.33725,-53.086385,73.8007,6.3,star A7V,"HIP 79812 ;HD  146145 ;HR  6059 ;",0
249.450045,13.687035,69.7837,6.3,star F5III-IV,"HIP 81425 ;HD  150012 ;HR  6181 ;",0
250.184985,-51.47826,49.4071,6.3,star A9V,"HIP 81650 ;HD  149989 ;",0
253.76388,-42.090831,714.2857,6.3,star O9Ia,"HIP 82783 ;HD  152424 ;",0
254.03685,-50.67479,197.6285,6.3,star B3Vnpe,"HIP 82868 ;HD  152478 ;HR  6274 ;",0
257.627655,52.408769,121.3592,6.3,star B9V,"HIP 84021 ;HD  155711 ;HR  6395 ;",0
258.069015,-38.822535,114.2857,6.3,star K1IIICN...,"HIP 84151 ;HD  155276 ;HR  6382 ;",0
262.253595,-43.973919,571.4286,6.3,star B5III,"HIP 85549 ;HD  158042 ;",0
265.171635,31.287478,130.3781,6.3,star K0III,"HIP 86506 ;HD  160822 ;HR  6591 ;",0
265.94592,-7.079608,333.3333,6.3,star B1.5V,"HIP 86768 ;HD  161056 ;HR  6601 ;",0
270.451245,-36.377864,202.0202,6.3,star B7/B8II/III,"HIP 88294 ;HD  164245 ;HR  6708 ;",0
273.885345,45.209318,22.8206,6.3,star G2V,"HIP 89474 ;HD  168009 ;HR  6847 ;GL  Gl 708.4 ;",0
274.667325,-42.288399,100000,6.3,star B0.5Ia,"HIP 89726 ;HD  167756 ;HR  6839 ;",0
274.983645,51.347823,121.5067,6.3,star K1III:,"HIP 89835 ;HD  169028 ;HR  6880 ;",0
276.477525,-33.945718,272.4796,6.3,star B7III,"HIP 90336 ;HD  169398 ;HR  6893 ;",0
280.96347,-6.818119,73.8007,6.3,star F7V,"HIP 91880 ;HD  173093 ;HR  7034 ;",0
281.16789,23.589883,43.956,6.3,star F6V,"HIP 91958 ;HD  173494 ;HR  7047 ;",0
283.300005,-51.931437,427.3504,6.3,star B4III,"HIP 92687 ;HD  174430 ;HR  7093 ;",0
286.004205,-57.959962,211.8644,6.3,star G6II/III,"HIP 93629 ;HD  176522 ;",0
287.06067,-24.657369,220.2643,6.3,star B9.5V,"HIP 93993 ;HD  178075 ;HR  7246 ;",0
290.137725,35.185957,288.1844,6.3,star B9V,"HIP 95067 ;HD  181828 ;HR  7346 ;",0
291.90165,37.941197,724.6377,6.3,star B3Ve,"HIP 95673 ;HD  183362 ;HR  7403 ;",0
293.29194,60.158691,309.5975,6.3,star K4III,"HIP 96164 ;HD  184936 ;HR  7448 ;",0
298.2552,47.80772,502.5126,6.3,star B0.5IIIn,"HIP 97845 ;HD  188439 ;HR  7600 ;",0
303.960855,-30.005278,305.8104,6.3,star K4III,"HIP 99878 ;HD  192433 ;HR  7725 ;",0
304.095015,-12.337119,135.8696,6.3,star B9IV,"HIP 99918 ;HD  192666 ;HR  7738 ;BF  3    Cap ;",0
304.098375,-36.453575,318.4713,6.3,star M4III,"HIP 99920 ;HD  192472 ;HR  7728 ;",0
310.72065,-39.55883,280.8989,6.3,star K1III,"HIP 102230 ;HD  197093 ;HR  7915 ;",0
311.66082,46.531692,132.4503,6.3,star A3V,"HIP 102530 ;HD  198151 ;HR  7958 ;",0
321.08679,-46.614706,101.0101,6.3,star A5m...,"HIP 105685 ;HD  203548 ;HR  8177 ;",0
332.715435,30.553001,129.7017,6.3,star A8IV,"HIP 109493 ;HD  210594 ;HR  8460 ;",0
337.08117,64.085155,112.6126,6.3,star K0,"HIP 110919 ;HD  213242 ;HR  8568 ;",0
339.270195,12.576816,312.5,6.3,star K5,"HIP 111649 ;HD  214298 ;HR  8608 ;",0
339.934065,-28.325661,112.4859,6.3,star K0/K1III,"HIP 111879 ;HD  214599 ;HR  8619 ;",0
345.102645,-25.626846,120.3369,6.3,star K1III,"HIP 113593 ;HD  217358 ;HR  8746 ;",0
355.682745,16.335719,112.7396,6.3,star K0,"HIP 116972 ;HD  222683 ;",0
40.822755,3.237385,25.1383,6.3,star dF3,"GL  Gl 106.1B ;",0
0.96513,66.712183,265.9574,6.31,star M4,"HIP 302 ;HD  225136 ;HR  9099 ;",0
16.78938,53.498185,512.8205,6.31,star K0,"HIP 5251 ;HD  6540 ;HR  318 ;",0
20.080995,77.570682,126.4223,6.31,star G5III...,"HIP 6261 ;HD  7732 ;HR  375 ;",0
23.326155,8.208738,147.929,6.31,star K0,"HIP 7243 ;HD  9496 ;",0
32.532255,53.843091,176.0563,6.31,star G8III,"HIP 10115 ;HD  13137 ;HR  621 ;",0
43.211415,-9.441236,97.6562,6.31,star A7IV,"HIP 13421 ;HD  17943 ;HR  859 ;",0
57.924,68.507486,313.4796,6.31,star B9IVp,"HIP 18067 ;HD  23662 ;HR  1166 ;",0
59.126265,71.821606,59.2066,6.31,star A5m,"HIP 18438 ;HD  24164 ;HR  1196 ;",0
60.153705,17.29666,196.8504,6.31,star A0V,"HIP 18717 ;HD  25175 ;HR  1237 ;",0
61.652565,54.008663,80.8407,6.31,star K0III-IV,"HIP 19172 ;HD  25602 ;HR  1255 ;",0
63.716955,37.54267,154.5595,6.31,star G5,"HIP 19810 ;HD  26702 ;",0
63.94284,15.400695,45.4133,6.31,star F5Vvar,"HIP 19877 ;HD  26911 ;HR  1319 ;BF  48    Tau ;",0
64.9059,10.121437,210.9705,6.31,star K0,"HIP 20188 ;HD  27386 ;HR  1349 ;",0
75.16587,-2.066032,49.6032,6.31,star A8IV,"HIP 23296 ;HD  32115 ;HR  1613 ;",0
85.788825,-1.613248,161.2903,6.31,star K4III,"HIP 26953 ;HD  38099 ;HR  1970 ;",0
95.810325,-31.790312,105.3741,6.31,star G8III,"HIP 30376 ;HD  44956 ;HR  2307 ;",0
97.849995,-32.868548,314.4654,6.31,star M4III,"HIP 31086 ;HD  46347 ;",0
102.433335,-24.076066,245.7002,6.31,star A0/A1V,"HIP 32744 ;HD  49891 ;HR  2528 ;",0
102.67626,-8.040996,99.9001,6.31,star A2p SrCrEu,"HIP 32838 ;HD  49976 ;HR  2534 ;",0
103.81332,45.826408,137.741,6.31,star K0III-IV,"HIP 33271 ;HD  50384 ;HR  2556 ;",0
104.25039,-8.179295,434.7826,6.31,star A2V+...,"HIP 33420 ;HD  51424 ;HR  2599 ;",0
107.0553,33.832388,191.2046,6.31,star K1,"HIP 34428 ;HD  53899 ;HR  2673 ;",0
109.807035,-33.727166,225.2252,6.31,star K2/K3III,"HIP 35463 ;HD  57299 ;HR  2794 ;",0
116.63925,-37.772569,176.0563,6.31,star K3III,"HIP 37939 ;HD  63291 ;",0
116.910525,-15.990688,578.0347,6.31,star K3Iab/b,"HIP 38031 ;HD  63302 ;HR  3026 ;",0
120.525555,-37.050043,246.3054,6.31,star M3III,"HIP 39299 ;HD  66435 ;HR  3155 ;",0
122.23686,-11.33965,291.5452,6.31,star A0Vn,"HIP 39898 ;HD  67725 ;HR  3189 ;",0
124.81284,-10.165754,105.9322,6.31,star F3IIIp,"HIP 40766 ;HD  69997 ;HR  3265 ;",0
127.852905,-39.06411,460.8295,6.31,star B5V,"HIP 41806 ;HD  72436 ;HR  3373 ;",0
128.222025,69.319901,167.2241,6.31,star K0,"HIP 41927 ;HD  71553 ;HR  3332 ;",0
129.203205,74.723677,75.7002,6.31,star A2m,"HIP 42249 ;HD  71973 ;HR  3352 ;",0
138.357585,-38.616471,212.766,6.31,star A0V,"HIP 45259 ;HD  79523 ;HR  3667 ;",0
141.28278,-43.976603,224.2152,6.31,star M5III,"HIP 46194 ;HD  81575 ;",0
141.385425,16.585588,85.2515,6.31,star G9III:,"HIP 46232 ;HD  81361 ;HR  3736 ;",0
144.94755,-10.570271,307.6923,6.31,star A0Vn,"HIP 47427 ;HD  83650 ;HR  3846 ;BF  37    Hya ;",0
151.293285,52.371302,118.624,6.31,star A5IV,"HIP 49408 ;HD  87243 ;HR  3958 ;",0
152.14332,83.918372,404.8583,6.31,star K0,"HIP 49688 ;HD  86321 ;HR  3934 ;",0
154.65774,-36.804572,163.9344,6.31,star K2/K3III,"HIP 50492 ;HD  89442 ;HR  4053 ;",0
154.997835,-9.059004,53.8793,6.31,star F1IV,"HIP 50584 ;HD  89565 ;HR  4060 ;",0
163.15038,-0.201657,274.7253,6.31,star K5III,"HIP 53167 ;HD  94237 ;HR  4245 ;",0
166.61472,-50.956725,117.096,6.31,star K2II,"HIP 54291 ;HD  96484 ;HR  4321 ;",0
178.459485,0.552114,143.2665,6.31,star F0V,"HIP 58002 ;HD  103313 ;HR  4555 ;",0
186.276555,63.802781,176.6784,6.31,star G8III,"HIP 60589 ;HD  108150 ;HR  4727 ;",0
190.52097,-69.407554,625,6.31,star F7Ib,"HIP 61981 ;HD  110311 ;HR  4820 ;",0
191.75961,5.950373,265.9574,6.31,star A0spe...,"HIP 62376 ;HD  111133 ;HR  4854 ;",0
193.022685,-48.094286,160.5136,6.31,star A0IV,"HIP 62799 ;HD  111775 ;HR  4880 ;",0
194.388045,-22.753499,118.9061,6.31,star K0III,"HIP 63243 ;HD  112519 ;HR  4918 ;",0
198.03504,24.258027,131.7523,6.31,star K1III,"HIP 64417 ;HD  114724 ;HR  4984 ;",0
201.776625,-49.143709,436.6812,6.31,star A0III/IV,"HIP 65606 ;HD  116836 ;HR  5061 ;",0
205.09698,50.519413,25.3293,6.31,star F7.7V,"HIP 66704 ;HD  119124 ;HR  5148 ;GL  Gl 521.2A ;",0
209.04363,32.032598,67.3401,6.31,star F4IV-V,"HIP 68065 ;HD  121682 ;HR  5245 ;",0
213.911055,-45.000756,21.2179,6.31,star F9V,"HIP 69671 ;HD  124580 ;HR  5325 ;GL  Gl 540.3 ;",0
228.382785,22.983399,87.4126,6.31,star A2V,"HIP 74505 ;HD  135263 ;HR  5665 ;",0
238.956825,58.911774,145.1379,6.31,star A0V,"HIP 78017 ;HD  143187 ;HR  5949 ;",0
239.2662,-48.162186,48.4496,6.31,star F1IV,"HIP 78117 ;HD  142529 ;HR  5921 ;",0
239.62833,-37.503878,114.6789,6.31,star K0III,"HIP 78236 ;HD  142889 ;HR  5935 ;",0
247.180965,51.407738,129.8701,6.31,star G9III,"HIP 80710 ;HD  148880 ;HR  6150 ;",0
259.238535,89.037708,271.7391,6.31,star M1III,"HIP 84535 ;HD  183030 ;HR  7394 ;BF  Lam UMi ;",0
259.998135,-5.917509,49.6771,6.31,star G9V,"HIP 84801 ;HD  156826 ;HR  6439 ;GL  Gl 668.1 ;",0
267.11598,-26.974945,371.7472,6.31,star B3Vn,"HIP 87163 ;HD  161756 ;HR  6621 ;",0
271.72281,50.822823,127.7139,6.31,star K0III,"HIP 88732 ;HD  166207 ;HR  6790 ;",0
276.93231,-26.634845,78.125,6.31,star A7V,"HIP 90478 ;HD  169851 ;HR  6909 ;",0
278.346195,-38.720033,47.2144,6.31,star B8,"HIP 90969 ;HD  170867 ;HR  6953 ;BF  Kap2CrA ;",0
279.287745,16.198295,93.4579,6.31,star G8IV,"HIP 91279 ;HD  171994 ;HR  6995 ;",0
281.0331,-36.718335,107.0664,6.31,star K0III,"HIP 91901 ;HD  172875 ;HR  7026 ;",0
285.389655,-15.282617,164.7446,6.31,star K0III,"HIP 93418 ;HD  176593 ;HR  7186 ;",0
289.71981,9.61807,143.0615,6.31,star G9III,"HIP 94916 ;HD  181122 ;HR  7325 ;",0
290.768535,-7.400615,133.3333,6.31,star K0,"HIP 95281 ;HD  182038 ;HR  7353 ;",0
291.343305,20.271727,147.0588,6.31,star A0V,"HIP 95487 ;HD  182761 ;HR  7384 ;",0
291.891285,14.282481,252.5253,6.31,star B4III,"HIP 95664 ;HD  183144 ;HR  7396 ;",0
295.51218,-9.193654,112.8668,6.31,star K2,"HIP 96917 ;HD  185966 ;",0
300.36156,-40.814336,99.9001,6.31,star A2/A3V,"HIP 98579 ;HD  189388 ;HR  7639 ;",0
327.420915,-12.722865,138.3126,6.31,star A1/A2III,"HIP 107750 ;HD  207503 ;HR  8337 ;",0
331.87485,18.000709,306.7485,6.31,star M1,"HIP 109212 ;HD  210090 ;HR  8436 ;",0
337.2885,58.4041,271.0027,6.31,star A0,"HIP 110988 ;HD  213307 ;",0
341.984145,-25.912028,134.2282,6.31,star G8III,"HIP 112567 ;HD  215782 ;HR  8674 ;",0
344.321655,-4.810095,119.0476,6.31,star G9III,"HIP 113345 ;HD  216953 ;HR  8727 ;",0
344.793135,52.65453,220.7506,6.31,star K2,"HIP 113501 ;HD  217314 ;HR  8744 ;",0
359.12478,-24.737218,150.3759,6.31,star G8III/IV,"HIP 118029 ;HD  224283 ;HR  9054 ;",0
1.265925,-0.503035,138.8889,6.32,star G9III:,"HIP 417 ;HD  6 ;HR  2 ;",0
2.2599,-54.001931,128.3697,6.32,star G4IV...,"HIP 730 ;HD  469 ;HR  23 ;",0
8.978355,13.207067,37.5657,6.32,star F7V,"HIP 2832 ;HD  3268 ;HR  145 ;",0
25.95894,32.192015,129.7017,6.32,star G8III-IV SB,"HIP 8086 ;HD  10588 ;HR  503 ;",0
26.11053,46.139692,192.3077,6.32,star K5III,"HIP 8127 ;HD  10597 ;HR  504 ;",0
32.52,-43.815574,111.9821,6.32,star G8III,"HIP 10111 ;HD  13423 ;HR  636 ;",0
40.62057,10.741725,127.0648,6.32,star A2V,"HIP 12647 ;HD  16861 ;HR  797 ;",0
44.909595,-32.507198,125.1564,6.32,star A0V,"HIP 13947 ;HD  18735 ;HR  903 ;",0
48.109995,47.725875,190.1141,6.32,star K5III,"HIP 14914 ;HD  19735 ;HR  949 ;",0
59.62149,38.840254,130.2083,6.32,star K1III:,"HIP 18565 ;HD  24843 ;HR  1226 ;",0
63.87,6.186858,21.3311,6.32,star G0IV...,"HIP 19859 ;HD  26923 ;HR  1322 ;",0
72.02913,55.602611,52.356,6.32,star F0,"HIP 22300 ;HD  30144 ;HR  1515 ;",0
76.108965,-35.705109,98.3284,6.32,star F2IV/V,"HIP 23596 ;HD  32846 ;HR  1653 ;BF  Gam2Cae ;",0
83.739315,-61.176048,95.3289,6.32,star G5IV,"HIP 26190 ;HD  37501 ;HR  1936 ;",0
87.6201,-52.767879,214.5923,6.32,star K0/K1III,"HIP 27583 ;HD  39547 ;HR  2044 ;",0
91.260765,37.964272,182.8154,6.32,star K0III+...,"HIP 28820 ;HD  41162 ;HR  2137 ;",0
91.284285,59.39321,132.4503,6.32,star K1III-IV,"HIP 28829 ;HD  40827 ;HR  2121 ;",0
95.272635,-11.817324,232.5581,6.32,star K5,"HIP 30190 ;HD  44394 ;",0
95.358015,17.763503,131.406,6.32,star G9:III:,"HIP 30218 ;HD  44234 ;HR  2277 ;",0
96.677745,-14.603429,169.7793,6.32,star K0/K1III,"HIP 30669 ;HD  45420 ;",0
97.17675,-41.074877,74.5712,6.32,star F2/F3V,"HIP 30849 ;HD  45983 ;HR  2368 ;",0
98.87841,-22.109053,134.4086,6.32,star K0III,"HIP 31469 ;HD  47012 ;",0
102.654,-25.778394,483.0918,6.32,star B2III/IV,"HIP 32827 ;HD  50093 ;HR  2544 ;",0
103.30581,38.438013,69.541,6.32,star F5V:,"HIP 33064 ;HD  50037 ;HR  2541 ;BF  60    Aur ;",0
103.61118,-42.365571,502.5126,6.32,star C3II,"HIP 33189 ;HD  51208 ;HR  2591 ;",0
105.034515,-20.158425,436.6812,6.32,star B3V,"HIP 33703 ;HD  52348 ;HR  2625 ;",0
108.48891,-30.339791,529.1005,6.32,star B2III,"HIP 34954 ;HD  55985 ;HR  2743 ;",0
110.99307,-35.837824,198.8072,6.32,star B5V,"HIP 35893 ;HD  58420 ;HR  2829 ;",0
111.42909,-31.73872,341.2969,6.32,star B2/B3III,"HIP 36045 ;HD  58766 ;HR  2847 ;",0
117.367875,-44.751157,106.6098,6.32,star K0III,"HIP 38183 ;HD  63948 ;HR  3057 ;",0
120.43233,25.089465,145.9854,6.32,star A1V,"HIP 39263 ;HD  65856 ;HR  3132 ;BF  4Ome2Cnc ;",0
122.102685,-63.800821,250.6266,6.32,star B6V,"HIP 39843 ;HD  68423 ;HR  3217 ;",0
124.346385,-16.285111,273.9726,6.32,star A1V,"HIP 40604 ;HD  69665 ;HR  3257 ;BF  21    Pup ;",0
126.903285,45.652987,22.2519,6.32,star G5V,"HIP 41484 ;HD  71148 ;HR  3309 ;GL  Gl 307.1 ;",0
129.66789,-19.736904,361.0108,6.32,star M1III,"HIP 42394 ;HD  73603 ;HR  3425 ;",0
138.85395,-15.024908,111.6071,6.32,star A0V,"HIP 45424 ;HD  79752 ;HR  3675 ;",0
138.894675,-57.577742,337.8378,6.32,star G8II,"HIP 45437 ;HD  80126 ;HR  3693 ;",0
143.97036,14.379588,209.6436,6.32,star A1V,"HIP 47096 ;HD  83023 ;HR  3818 ;BF  7    Leo ;",0
149.2254,-27.475154,158.9825,6.32,star A4V,"HIP 48776 ;HD  86301 ;HR  3933 ;",0
157.476795,65.626233,101.2146,6.32,star K2III:,"HIP 51401 ;HD  90633 ;HR  4106 ;BF  35    UMa ;",0
161.095485,-59.99332,598.8024,6.32,star B0Ib:,"HIP 52526 ;HD  93206 ;",0
174.255075,-32.988184,71.1238,6.32,star F5V,"HIP 56657 ;HD  100953 ;HR  4473 ;",0
175.15419,-62.568102,100000,6.32,star O9.5Ib,"HIP 56961 ;HD  101545 ;",0
175.256505,-83.099937,110.4972,6.32,star K0III,"HIP 56996 ;HD  101782 ;HR  4507 ;",0
180.257235,-1.768166,157.9779,6.32,star G8III:,"HIP 58603 ;HD  104356 ;HR  4591 ;",0
185.172405,27.054545,91.8274,6.32,star F3V + F3V,"HIP 60197 ;HD  107398 ;HR  4698 ;",0
186.409485,-86.150613,224.2152,6.32,star K0III,"HIP 60638 ;HD  107739 ;HR  4709 ;",0
193.051065,17.073943,598.8024,6.32,star M0III,"HIP 62807 ;HD  111862 ;HR  4884 ;BF  32    Com ;",0
197.309325,-9.538098,127.8772,6.32,star K0,"HIP 64181 ;HD  114203 ;HR  4959 ;",0
197.97114,-63.302992,100000,6.32,star F0II,"HIP 64395 ;HD  114461 ;HR  4972 ;",0
203.62071,-48.272162,303.9514,6.32,star B8III,"HIP 66236 ;HD  117919 ;HR  5103 ;",0
204.800115,-75.683788,236.4066,6.32,star B8IV,"HIP 66607 ;HD  118285 ;HR  5115 ;",0
210.76698,-17.367012,111.8568,6.32,star K2/K3III,"HIP 68643 ;HD  122577 ;",0
214.455015,48.002004,70.5219,6.32,star F5,"HIP 69862 ;HD  125406 ;HR  5363 ;",0
218.548725,32.534477,40.568,6.32,star F5V,"HIP 71243 ;HD  128093 ;HR  5445 ;",0
228.13005,-48.218992,129.7017,6.32,star K2III,"HIP 74418 ;HD  134597 ;HR  5650 ;",0
232.33797,62.099529,215.5172,6.32,star K5,"HIP 75822 ;HD  138524 ;HR  5768 ;",0
234.565875,-28.206666,205.3388,6.32,star K1III,"HIP 76567 ;HD  139290 ;HR  5809 ;",0
236.41461,0.891039,194.1748,6.32,star K0III,"HIP 77186 ;HD  140815 ;HR  5861 ;",0
239.06013,-14.399402,61.8047,6.32,star F6V,"HIP 78059 ;HD  142640 ;HR  5927 ;",0
241.76406,-14.071292,27.1076,6.32,star G5V,"HIP 78955 ;HD  144585 ;HR  5996 ;",0
241.9662,-24.462349,119.4743,6.32,star B8IV/V,"HIP 79031 ;HD  144661 ;HR  5998 ;",0
243.663525,-18.535649,77.101,6.32,star K1III,"HIP 79605 ;HD  145997 ;HR  6053 ;",0
246.22563,-45.349499,90.0901,6.32,star A2/A3V,"HIP 80421 ;HD  147614 ;HR  6099 ;",0
252.59271,-2.654356,60.9385,6.32,star F1III-IV,"HIP 82405 ;HD  151900 ;HR  6248 ;",0
259.1226,60.670614,150.8296,6.32,star K1.5IIIb,"HIP 84496 ;HD  156947 ;HR  6448 ;",0
263.570295,-48.526787,124.3781,6.32,star G6/G8III,"HIP 85975 ;HD  158907 ;",0
269.3097,23.995889,28.2486,6.32,star G2V,"HIP 87895 ;HD  163840 ;HR  6697 ;GL  NN 4039A ;",0
271.530945,-0.446128,215.0538,6.32,star G8IIp,"HIP 88671 ;HD  165462 ;HR  6757 ;",0
271.776225,49.710441,221.2389,6.32,star A2V,"HIP 88754 ;HD  166228 ;HR  6792 ;",0
274.50399,-68.229257,186.9159,6.32,star B9V,"HIP 89674 ;HD  166841 ;HR  6808 ;",0
275.758785,-10.218983,102.5641,6.32,star B9.5V,"HIP 90083 ;HD  169009 ;HR  6878 ;",0
280.729575,-19.284209,310.559,6.32,star M4III,"HIP 91781 ;HD  172816 ;HR  7023 ;",0
284.74749,50.809143,131.7523,6.32,star G8III,"HIP 93197 ;HD  176707 ;HR  7196 ;",0
286.446375,29.921674,446.4286,6.32,star M0III,"HIP 93770 ;HD  178003 ;HR  7244 ;",0
289.65777,49.569456,136.0544,6.32,star K1III,"HIP 94890 ;HD  181597 ;HR  7341 ;",0
293.874195,-7.460283,117.3709,6.32,star K0,"HIP 96356 ;HD  184573 ;HR  7432 ;",0
299.6742,70.366949,138.1215,6.32,star G8III,"HIP 98333 ;HD  190252 ;HR  7666 ;",0
301.22253,68.027159,331.1258,6.32,star M3IIIa,"HIP 98890 ;HD  191372 ;HR  7704 ;",0
304.371075,42.72206,588.2353,6.32,star K4II:,"HIP 100016 ;HD  193217 ;HR  7762 ;",0
306.433815,10.055999,230.4147,6.32,star K5IIIvar,"HIP 100762 ;HD  194526 ;HR  7810 ;",0
309.38241,31.57254,261.7801,6.32,star B8IIIn,"HIP 101765 ;HD  196606 ;HR  7885 ;BF  48    Cyg ;",0
312.45108,7.864185,153.3742,6.32,star A1Vs,"HIP 102819 ;HD  198391 ;HR  7974 ;BF  14    Del ;",0
313.254795,-23.783203,107.7586,6.32,star K0III,"HIP 103071 ;HD  198732 ;HR  7989 ;",0
315.931155,46.86315,80,6.32,star F0IVn,"HIP 103949 ;HD  200753 ;HR  8074 ;",0
319.50198,-64.68158,157.9779,6.32,star B8V,"HIP 105148 ;HD  202299 ;HR  8125 ;",0
323.57151,-42.924679,114.5475,6.32,star K1IIICN...,"HIP 106500 ;HD  205096 ;HR  8241 ;",0
329.46276,74.996714,347.2222,6.32,star K5,"HIP 108420 ;HD  209258 ;HR  8395 ;",0
340.199805,-3.554239,34.5662,6.32,star F6V,"HIP 111965 ;HD  214810 ;HR  8629 ;",0
348.559875,50.617891,123.6094,6.32,star A0V,"HIP 114714 ;HD  219290 ;HR  8837 ;",0
349.864215,34.793183,305.8104,6.32,star B8III,"HIP 115148 ;HD  219927 ;HR  8873 ;",0
356.505165,-40.182565,67.4764,6.32,star A7V,"HIP 117219 ;HD  223011 ;HR  9001 ;",0
0.60069,8.956824,122.8501,6.33,star A6V,"HIP 186 ;HD  224995 ;HR  9092 ;BF  31    Psc ;",0
4.6773,-43.235571,112.4859,6.33,star K2III,"HIP 1502 ;HD  1483 ;HR  73 ;",0
18.520425,28.529575,408.1633,6.33,star M2S SB,"HIP 5772 ;HD  7351 ;HR  363 ;",0
20.27175,64.658131,78.125,6.33,star A2Vnn,"HIP 6312 ;HD  8003 ;HR  384 ;BF  35    Cas ;",0
25.33884,-79.1482,120.7729,6.33,star G6/G8III,"HIP 7879 ;HD  10859 ;HR  516 ;BF  Tau1Hyi ;",0
25.743,61.421073,446.4286,6.33,star B7II,"HIP 8020 ;HD  10362 ;HR  488 ;",0
25.81863,45.322649,57.7701,6.33,star K2IV,"HIP 8044 ;HD  10486 ;HR  495 ;",0
26.94903,-37.159483,157.2327,6.33,star K0III,"HIP 8369 ;HD  11050 ;HR  528 ;",0
26.95005,46.22975,58.8582,6.33,star F6V,"HIP 8370 ;HD  10874 ;HR  518 ;",0
34.743825,-25.945687,12.6695,6.33,star G8V,"HIP 10798 ;HD  14412 ;HR  683 ;GL  Gl 95 ;",0
47.016015,52.213511,227.2727,6.33,star B5V,"HIP 14566 ;HD  19268 ;HR  930 ;",0
51.54909,-41.63694,140.2525,6.33,star A1V,"HIP 16015 ;HD  21473 ;HR  1049 ;",0
63.21606,68.501154,115.6069,6.33,star K0,"HIP 19673 ;HD  26101 ;HR  1282 ;",0
68.92734,19.881791,133.8688,6.33,star G5II-III+..,"HIP 21408 ;HD  29104 ;HR  1455 ;",0
71.600685,-2.954532,99.108,6.33,star A2V,"HIP 22189 ;HD  30321 ;HR  1522 ;",0
74.064915,24.592218,42.6985,6.33,star F0,"HIP 22949 ;HD  31362 ;HR  1575 ;",0
76.95753,-12.592658,257.0694,6.33,star M1III,"HIP 23874 ;HD  33162 ;",0
78.446895,0.560423,307.6923,6.33,star M0V,"HIP 24377 ;HD  33946 ;HR  1703 ;",0
79.89702,-1.411892,219.2982,6.33,star B1.5Vn,"HIP 24847 ;HD  34748 ;HR  1748 ;",0
81.15042,2.353165,462.963,6.33,star B4IVn,"HIP 25288 ;HD  35407 ;HR  1786 ;",0
82.586475,-7.434811,729.927,6.33,star B2IV-V,"HIP 25786 ;HD  36285 ;HR  1840 ;",0
94.57026,46.360443,121.2121,6.33,star K2III,"HIP 29949 ;HD  43380 ;HR  2239 ;BF  43    Aur ;",0
96.4464,-3.889032,287.3563,6.33,star G9III,"HIP 30595 ;HD  45168 ;HR  2317 ;",0
103.251255,-26.957632,279.3296,6.33,star M6III,"HIP 33040 ;HD  50648 ;HR  2567 ;",0
110.26293,42.655913,215.0538,6.33,star K0,"HIP 35623 ;HD  56941 ;HR  2775 ;",0
113.84025,-74.274957,358.4229,6.33,star B9,"HIP 36914 ;HD  62153 ;HR  2979 ;",0
116.77401,-39.330996,200.4008,6.33,star Ap Si,"HIP 37982 ;HD  63401 ;HR  3032 ;",0
119.815725,-73.244171,130.039,6.33,star A3III,"HIP 39041 ;HD  66920 ;HR  3171 ;",0
126.818415,-31.672734,184.5018,6.33,star G8III,"HIP 41449 ;HD  71622 ;HR  3336 ;",0
129.03213,15.313632,77.7605,6.33,star F0IV,"HIP 42187 ;HD  72943 ;HR  3394 ;",0
130.97637,-68.21158,285.7143,6.33,star K3III:,"HIP 42850 ;HD  75116 ;HR  3491 ;",0
131.705175,-34.622945,384.6154,6.33,star B3V,"HIP 43114 ;HD  75112 ;HR  3490 ;",0
139.42623,-54.494829,268.0965,6.33,star K3III,"HIP 45603 ;HD  80435 ;HR  3700 ;",0
141.954765,-71.781101,56.9152,6.33,star F3/F5V,"HIP 46407 ;HD  82458 ;",0
143.890845,-19.583394,87.6424,6.33,star A0V,"HIP 47070 ;HD  83104 ;HR  3822 ;",0
145.554075,-66.91482,160,6.33,star A0V,"HIP 47591 ;HD  84416 ;",0
153.485685,-40.310774,139.8601,6.33,star G8III,"HIP 50122 ;HD  88836 ;HR  4019 ;",0
156.0549,2.368018,94.0734,6.33,star G9V,"HIP 50939 ;HD  90125 ;HR  4085 ;",0
156.653805,-0.988055,250.6266,6.33,star K0,"HIP 51117 ;HD  90473 ;",0
159.84519,-64.111788,146.1988,6.33,star B8V,"HIP 52160 ;HD  92536 ;",0
168.41706,41.088837,114.0251,6.33,star K2III,"HIP 54842 ;HD  97501 ;HR  4351 ;",0
171.60651,33.450608,56.8505,6.33,star F6IV,"HIP 55821 ;HD  99373 ;HR  4412 ;",0
184.206135,86.435819,39.5257,6.33,star F4V,"HIP 59879 ;HD  107113 ;HR  4683 ;",0
185.484435,47.182202,97.561,6.33,star K2III,"HIP 60305 ;HD  107610 ;",0
186.601605,71.929827,123.3046,6.33,star G8III:,"HIP 60699 ;HD  108399 ;HR  4740 ;",0
189.5184,3.282444,170.9402,6.33,star A1V,"HIP 61637 ;HD  109860 ;HR  4805 ;",0
191.107995,80.621024,143.6782,6.33,star A5m,"HIP 62170 ;HD  111112 ;HR  4852 ;",0
194.3028,-12.066947,243.9024,6.33,star K5,"HIP 63220 ;HD  112495 ;",0
206.73801,6.350375,31.6656,6.33,star G0V,"HIP 67246 ;HD  120066 ;HR  5183 ;",0
214.94889,38.794052,132.2751,6.33,star A2V,"HIP 70029 ;HD  125642 ;HR  5373 ;",0
216.55611,-42.318597,98.1354,6.33,star K3III,"HIP 70580 ;HD  126386 ;HR  5398 ;",0
221.49066,-15.459541,444.4444,6.33,star K2III,"HIP 72194 ;HD  129978 ;HR  5503 ;BF  5    Lib ;",0
227.081415,50.054955,139.0821,6.33,star K0III,"HIP 74083 ;HD  134493 ;HR  5648 ;",0
229.87521,32.514903,86.9565,6.33,star A2m,"HIP 75000 ;HD  136403 ;HR  5702 ;",0
234.839055,-23.150224,99.8004,6.33,star B9.5V,"HIP 76666 ;HD  139518 ;HR  5819 ;",0
240.33147,-31.889137,215.9827,6.33,star K4III,"HIP 78486 ;HD  143404 ;HR  5956 ;",0
242.26209,57.937883,123.6094,6.33,star A1V,"HIP 79125 ;HD  145674 ;HR  6036 ;",0
249.46998,78.918667,134.2282,6.33,star G9III,"HIP 81428 ;HD  151623 ;HR  6238 ;GL  Gl 635.1 ;",0
249.913035,-9.554589,40.0641,6.33,star F3V,"HIP 81580 ;HD  150177 ;HR  6189 ;",0
253.07397,-67.681633,134.9528,6.33,star K2III,"HIP 82539 ;HD  151404 ;HR  6231 ;",0
254.007675,-16.806263,42.0168,6.33,star K0/K1III/IV,"HIP 82861 ;HD  152781 ;HR  6284 ;",0
255.495735,8.450669,121.2121,6.33,star A4V,"HIP 83342 ;HD  153914 ;HR  6329 ;",0
259.05582,-26.546147,5.9705,6.33,star K5V,"HIP 84478 ;HD  156026 ;GL  Gl 664 ;",0
260.6634,-37.804637,100000,6.33,star B4Ia+...,"HIP 85020 ;HD  157038 ;HR  6450 ;",0
264.166665,69.57073,45.683,6.33,star F9V,"HIP 86184 ;HD  160933 ;HR  6598 ;",0
267.997695,-1.236806,110.8647,6.33,star K0,"HIP 87428 ;HD  162596 ;HR  6659 ;",0
269.36244,11.044543,114.9425,6.33,star A1V,"HIP 87910 ;HD  163772 ;HR  6696 ;",0
272.8116,-19.841958,101.5228,6.33,star A2V,"HIP 89114 ;HD  166393 ;HR  6798 ;",0
283.38834,75.787372,246.3054,6.33,star A1V,"HIP 92717 ;HD  176795 ;HR  7199 ;",0
290.53974,-42.016026,101.2146,6.33,star K1III,"HIP 95211 ;HD  181401 ;HR  7334 ;",0
291.02292,-68.371082,210.5263,6.33,star K2III,"HIP 95369 ;HD  181019 ;HR  7320 ;",0
294.0348,22.585763,204.918,6.33,star B9sp...,"HIP 96417 ;HD  184961 ;HR  7452 ;",0
294.956085,-23.4277,98.7167,6.33,star A0V,"HIP 96729 ;HD  185404 ;HR  7470 ;BF  53    Sgr ;",0
295.553385,12.193261,215.5172,6.33,star B9III,"HIP 96931 ;HD  186122 ;HR  7493 ;BF  46    Aql ;",0
299.64315,38.105693,440.5286,6.33,star B5IV,"HIP 98320 ;HD  189432 ;HR  7642 ;",0
312.47769,46.661337,492.6108,6.33,star B4V,"HIP 102827 ;HD  198625 ;HR  7983 ;",0
315.75747,14.730026,245.7002,6.33,star M1III,"HIP 103891 ;HD  200430 ;HR  8057 ;",0
321.102345,10.174252,113.6364,6.33,star F5III,"HIP 105695 ;HD  203842 ;HR  8191 ;",0
325.140435,-55.737977,221.2389,6.33,star K0III-IV,"HIP 107030 ;HD  205935 ;HR  8271 ;",0
329.555445,-5.424922,53.9374,6.33,star F5IV,"HIP 108453 ;HD  208703 ;HR  8376 ;",0
337.893135,29.542758,119.7605,6.33,star A5m,"HIP 111191 ;HD  213534 ;HR  8584 ;",0
339.945885,19.681125,205.7613,6.33,star A2V,"HIP 111884 ;HD  214698 ;HR  8624 ;BF  41    Peg ;",0
341.846805,58.483031,308.642,6.33,star B9.5IV,"HIP 112508 ;HD  215907 ;HR  8677 ;",0
343.297395,40.167361,304.878,6.33,star B7III-IV,"HIP 113009 ;HD  216538 ;HR  8706 ;",0
346.78932,-49.606135,398.4064,6.33,star K4III,"HIP 114159 ;HD  218255 ;HR  8791 ;",0
349.417005,-11.712942,121.3592,6.33,star A1/A2IV/V,"HIP 115015 ;HD  219659 ;HR  8856 ;",0
350.883105,0.291325,206.6116,6.33,star K2,"HIP 115476 ;HD  220406 ;HR  8897 ;",0
357.224745,59.97897,117.3709,6.33,star A0V,"HIP 117450 ;HD  223386 ;HR  9019 ;",0
2.46711,-62.296794,132.2751,6.34,star A6V,"HIP 798 ;HD  565 ;",0
3.77895,31.535725,286.533,6.34,star K5,"HIP 1208 ;HD  1075 ;HR  52 ;",0
21.44295,70.979887,145.1379,6.34,star A0Vnn,"HIP 6685 ;HD  8424 ;HR  398 ;",0
21.536475,34.5797,36.062,6.34,star F7V,"HIP 6702 ;HD  8673 ;HR  410 ;",0
25.14552,8.760769,54.7046,6.34,star F2,"HIP 7819 ;HD  10262 ;",0
36.243285,-2.780031,273.9726,6.34,star A0III,"HIP 11261 ;HD  15004 ;HR  704 ;BF  71    Cet ;",0
61.444635,-20.512563,88.574,6.34,star G8/K0III,"HIP 19111 ;HD  25944 ;HR  1274 ;",0
64.08729,-60.948482,126.2626,6.34,star Ap EuCr(Sr),"HIP 19917 ;HD  27463 ;HR  1357 ;",0
65.99901,24.300992,278.5515,6.34,star B3V,"HIP 20533 ;HD  27778 ;HR  1378 ;BF  62    Tau ;",0
69.006975,-3.611641,251.2563,6.34,star B7III,"HIP 21428 ;HD  29227 ;HR  1462 ;",0
71.42694,23.627996,210.5263,6.34,star B5III,"HIP 22128 ;HD  30122 ;HR  1512 ;",0
74.54547,-2.212738,133.3333,6.34,star A2V,"HIP 23092 ;HD  31739 ;HR  1596 ;",0
80.08629,-34.698856,160.5136,6.34,star F0/F2IV,"HIP 24909 ;HD  35046 ;HR  1766 ;",0
80.879445,5.323086,84.7458,6.34,star A2V,"HIP 25205 ;HD  35242 ;HR  1777 ;",0
86.118315,-20.126573,25.5428,6.34,star F8/G0V,"HIP 27075 ;HD  38382 ;HR  1980 ;",0
88.55844,-29.147206,53.9084,6.34,star F3V,"HIP 27901 ;HD  39891 ;HR  2068 ;",0
92.0964,41.055726,127.8772,6.34,star G9III,"HIP 29114 ;HD  41636 ;HR  2153 ;",0
104.834055,7.316967,293.2551,6.34,star B7III,"HIP 33644 ;HD  51892 ;HR  2613 ;",0
106.502025,-30.655711,257.732,6.34,star B3V,"HIP 34248 ;HD  54031 ;HR  2680 ;",0
108.451605,-22.905778,436.6812,6.34,star B2IV,"HIP 34940 ;HD  55856 ;HR  2733 ;",0
108.94707,-23.74028,253.8071,6.34,star A0V,"HIP 35132 ;HD  56341 ;HR  2755 ;",0
114.320535,-23.775399,775.1938,6.34,star F0Ib,"HIP 37089 ;HD  61227 ;HR  2933 ;",0
114.32415,40.025383,266.6667,6.34,star M1,"HIP 37091 ;HD  60654 ;HR  2915 ;",0
117.416565,-14.085359,282.4859,6.34,star K5III,"HIP 38206 ;HD  63696 ;",0
117.83475,-43.095232,602.4096,6.34,star B2IV-V,"HIP 38355 ;HD  64287 ;HR  3074 ;",0
120.25326,23.583093,87.9507,6.34,star K1III-IV,"HIP 39194 ;HD  65757 ;HR  3127 ;",0
120.47994,35.413069,250.6266,6.34,star K0,"HIP 39279 ;HD  65801 ;HR  3130 ;",0
120.608205,-6.337135,114.8106,6.34,star G0III,"HIP 39326 ;HD  66242 ;HR  3150 ;",0
121.67337,-48.497389,384.6154,6.34,star B3III,"HIP 39691 ;HD  67621 ;",0
127.873245,-54.39401,157.4803,6.34,star K3III,"HIP 41813 ;HD  72650 ;HR  3382 ;",0
129.74958,52.925079,226.2443,6.34,star K0,"HIP 42415 ;HD  73131 ;HR  3405 ;",0
130.181415,-57.54549,67.1592,6.34,star A3V,"HIP 42579 ;HD  74341 ;HR  3455 ;",0
133.10076,5.340311,309.5975,6.34,star A5V,"HIP 43570 ;HD  75811 ;HR  3526 ;",0
137.981805,5.468629,50.7357,6.34,star A9IVe...,"HIP 45150 ;HD  79066 ;HR  3649 ;",0
148.04994,0.07561,139.0821,6.34,star G9III,"HIP 48413 ;HD  85505 ;HR  3907 ;",0
149.48685,45.414298,121.2121,6.34,star K0III,"HIP 48861 ;HD  86166 ;HR  3929 ;",0
152.006895,-37.333445,135.318,6.34,star K0III,"HIP 49645 ;HD  88013 ;HR  3984 ;",0
152.745705,40.661608,192.6782,6.34,star K3III:,"HIP 49870 ;HD  88161 ;HR  3987 ;",0
155.543535,-58.265572,110.9878,6.34,star G6III,"HIP 50785 ;HD  90074 ;",0
155.961015,-57.953933,268.8172,6.34,star K5Ib-II,"HIP 50916 ;HD  90289 ;HR  4091 ;",0
161.593785,57.365914,214.5923,6.34,star M1III,"HIP 52685 ;HD  93132 ;HR  4202 ;BF  41    UMa ;",0
161.70036,-69.209786,763.3588,6.34,star A2IV,"HIP 52730 ;HD  93649 ;",0
163.387095,-15.445825,73.8007,6.34,star K2III,"HIP 53259 ;HD  94386 ;HR  4252 ;",0
165.902235,-13.43492,165.5629,6.34,star G8III,"HIP 54048 ;HD  95870 ;HR  4308 ;",0
167.873175,-71.436189,173.913,6.34,star K2/K3III,"HIP 54673 ;HD  97472 ;HR  4349 ;",0
177.84126,-12.187811,45.0653,6.34,star F1III-IV,"HIP 57819 ;HD  102990 ;HR  4547 ;",0
179.856765,-62.830948,100000,6.34,star A9Ib-II,"HIP 58469 ;HD  104111 ;",0
182.44617,74.661368,74.0192,6.34,star F6IV,"HIP 59291 ;HD  105678 ;HR  4627 ;",0
182.93709,57.054408,271.7391,6.34,star K5III,"HIP 59458 ;HD  106002 ;HR  4641 ;BF  68    UMa ;",0
183.303945,-34.125272,358.4229,6.34,star M4/M5Ib/II:,"HIP 59588 ;HD  106198 ;HR  4647 ;",0
183.40335,-33.792919,128.3697,6.34,star A0V,"HIP 59622 ;HD  106257 ;HR  4651 ;",0
183.48531,-78.573934,111.9821,6.34,star K2/K3IIICN.,"HIP 59647 ;HD  106248 ;HR  4649 ;",0
191.112945,44.103004,98.4252,6.34,star F6IV,"HIP 62172 ;HD  110834 ;HR  4843 ;",0
197.115975,-67.796762,281.6901,6.34,star M1III,"HIP 64117 ;HD  113919 ;",0
199.70136,-79.976017,147.0588,6.34,star B9.5/A0V,"HIP 64951 ;HD  115088 ;",0
200.5164,43.903379,118.9061,6.34,star A7m,"HIP 65230 ;HD  116303 ;HR  5045 ;",0
201.998625,52.745588,97.561,6.34,star F0,"HIP 65678 ;HD  117242 ;HR  5076 ;",0
207.90213,-36.433279,57.971,6.34,star F6V,"HIP 67648 ;HD  120672 ;HR  5208 ;",0
210.46119,68.678675,230.4147,6.34,star K5,"HIP 68537 ;HD  122909 ;HR  5282 ;",0
212.234415,-59.276712,381.6794,6.34,star B5IV,"HIP 69122 ;HD  123335 ;HR  5292 ;",0
220.49895,-77.011452,179.8561,6.34,star B9III,"HIP 71870 ;HD  128294 ;",0
221.978955,-12.840007,112.7396,6.34,star K0III,"HIP 72373 ;HD  130325 ;HR  5518 ;",0
224.53668,-48.863011,23.8493,6.34,star G5V,"HIP 73241 ;HD  131923 ;HR  5566 ;GL  Gl 570.1 ;",0
230.19591,-2.413331,35.0508,6.34,star K0V,"HIP 75101 ;HD  136442 ;HR  5706 ;",0
253.64982,-30.58734,208.7683,6.34,star A5IIIm...,"HIP 82731 ;HD  152431 ;HR  6273 ;",0
256.720665,-1.656186,90.4977,6.34,star A9V,"HIP 83738 ;HD  154660 ;HR  6361 ;",0
256.944525,40.516054,135.318,6.34,star A2IV,"HIP 83816 ;HD  155102 ;HR  6376 ;",0
257.9385,7.894762,136.0544,6.34,star K0III,"HIP 84113 ;HD  155500 ;HR  6390 ;",0
261.140835,15.606048,153.3742,6.34,star B9V,"HIP 85187 ;HD  157741 ;HR  6482 ;",0
261.154335,-18.445762,250,6.34,star B8V,"HIP 85195 ;HD  157546 ;HR  6473 ;",0
265.295805,15.178376,170.3578,6.34,star A1V,"HIP 86546 ;HD  160765 ;HR  6589 ;",0
271.16754,23.941999,61.5764,6.34,star F0IV-V,"HIP 88528 ;HD  165373 ;HR  6754 ;",0
272.14056,14.284716,156.4945,6.34,star A5m,"HIP 88862 ;HD  166095 ;HR  6784 ;",0
281.504775,-19.606357,222.7171,6.34,star M2/M3III,"HIP 92079 ;HD  173425 ;HR  7045 ;",0
287.46498,-0.428114,287.3563,6.34,star B5Vn,"HIP 94149 ;HD  178744 ;HR  7269 ;",0
287.757945,-39.004705,283.2861,6.34,star B7II/III,"HIP 94243 ;HD  178628 ;HR  7268 ;",0
290.701455,9.91315,37.5657,6.34,star F6V,"HIP 95253 ;HD  182101 ;HR  7354 ;",0
292.33707,20.279737,355.8719,6.34,star B5Vn,"HIP 95818 ;HD  183537 ;HR  7409 ;BF  7    Vul ;",0
296.686095,68.437998,175.1313,6.34,star F0III,"HIP 97326 ;HD  187764 ;HR  7563 ;",0
302.15949,10.725867,543.4783,6.34,star B3IV,"HIP 99234 ;HD  191263 ;HR  7700 ;",0
302.99124,-12.392403,143.8849,6.34,star K0III,"HIP 99529 ;HD  191753 ;HR  7712 ;BF  1Xi 1Cap ;",0
309.15972,-63.120963,50.813,6.34,star F2V,"HIP 101684 ;HD  195772 ;",0
310.80702,57.113996,100000,6.34,star B2III,"HIP 102258 ;HD  197770 ;HR  7940 ;",0
311.58849,52.995297,136.612,6.34,star K0,"HIP 102499 ;HD  198181 ;HR  7962 ;",0
315.96723,41.628175,96.3391,6.34,star F3IV,"HIP 103963 ;HD  200723 ;HR  8071 ;",0
316.189065,2.269771,121.0654,6.34,star G5,"HIP 104048 ;HD  200663 ;HR  8068 ;",0
331.790175,58.840718,208.3333,6.34,star G6III,"HIP 109190 ;HD  210220 ;HR  8442 ;",0
342.49677,-32.805457,68.8705,6.34,star F0V,"HIP 112746 ;HD  216042 ;HR  8680 ;",0
348.266625,29.441525,116.5501,6.34,star G8III,"HIP 114607 ;HD  219110 ;HR  8831 ;",0
349.785675,-79.472409,142.6534,6.34,star K0III,"HIP 115129 ;HD  219572 ;HR  8849 ;",0
352.00287,-35.544485,172.7116,6.34,star K2III,"HIP 115833 ;HD  220929 ;HR  8914 ;",0
358.58919,-27.042907,81.2348,6.34,star A2V+...,"HIP 117860 ;HD  223991 ;HR  9044 ;",0
3.79401,27.28344,135.1351,6.35,star A1Vn,"HIP 1215 ;HD  1083 ;HR  53 ;",0
4.057905,76.950755,192.3077,6.35,star B9Vn,"HIP 1296 ;HD  1141 ;HR  55 ;",0
4.92318,40.729461,175.1313,6.35,star K1III,"HIP 1575 ;HD  1527 ;HR  75 ;",0
16.45512,4.908372,40.6339,6.35,star F4V...,"HIP 5141 ;HD  6479 ;HR  313 ;BF  77    Psc ;",0
20.62701,-19.081208,61.5006,6.35,star F5/F6V,"HIP 6427 ;HD  8350 ;HR  394 ;",0
25.05462,53.868278,214.1328,6.35,star K5III,"HIP 7786 ;HD  10110 ;HR  470 ;",0
25.573725,58.627739,598.8024,6.35,star B8III,"HIP 7963 ;HD  10293 ;HR  482 ;",0
27.330885,-31.072463,154.0832,6.35,star K2/K3III,"HIP 8480 ;HD  11183 ;HR  532 ;",0
33.6582,28.691185,64.2261,6.35,star K1III,"HIP 10446 ;HD  13747 ;",0
37.01817,-64.299768,119.1895,6.35,star A0V,"HIP 11479 ;HD  15646 ;HR  734 ;",0
40.834305,-40.527905,182.4818,6.35,star B9V,"HIP 12708 ;HD  17098 ;HR  814 ;",0
40.963515,25.638343,104.2753,6.35,star A3V,"HIP 12744 ;HD  16955 ;HR  803 ;",0
43.21677,52.997353,307.6923,6.35,star B8III,"HIP 13424 ;HD  17743 ;HR  846 ;",0
55.04766,-15.226534,199.6008,6.35,star G8/K0III+..,"HIP 17136 ;HD  22905 ;HR  1120 ;",0
58.39365,25.682883,161.0306,6.35,star A2V,"HIP 18201 ;HD  24368 ;",0
59.918715,10.330402,40.032,6.35,star F5V,"HIP 18658 ;HD  25102 ;HR  1233 ;",0
67.987275,36.742688,116.0093,6.35,star G5,"HIP 21144 ;HD  28591 ;",0
71.95656,-30.020372,131.7523,6.35,star K0III,"HIP 22280 ;HD  30608 ;HR  1539 ;BF  Zet Cae ;",0
80.247225,27.957262,166.113,6.35,star B9IV,"HIP 24984 ;HD  34762 ;HR  1750 ;",0
82.14489,13.678979,93.5454,6.35,star A4V,"HIP 25638 ;HD  35909 ;HR  1819 ;",0
85.36218,-33.400741,153.6098,6.35,star B9.5V,"HIP 26796 ;HD  38056 ;HR  1966 ;",0
85.516605,22.660325,99.7009,6.35,star K2,"HIP 26853 ;HD  37784 ;HR  1954 ;",0
87.84624,-64.033566,346.0208,6.35,star G8III,"HIP 27660 ;HD  39963 ;HR  2073 ;",0
89.140695,28.942266,100000,6.35,star A2II,"HIP 28117 ;HD  39866 ;HR  2066 ;",0
91.11858,-45.036603,26.5675,6.35,star G0IV-V,"HIP 28764 ;HD  41700 ;HR  2157 ;GL  Wo 9200 ;",0
96.18228,25.048714,245.098,6.35,star K2III,"HIP 30501 ;HD  44780 ;",0
96.21987,16.05713,141.0437,6.35,star G9III,"HIP 30517 ;HD  44867 ;HR  2302 ;",0
96.68688,-7.511936,75.4148,6.35,star A0Vn,"HIP 30675 ;HD  45380 ;HR  2328 ;",0
99.171105,-22.614732,322.5806,6.35,star B3V,"HIP 31593 ;HD  47247 ;HR  2433 ;",0
99.99117,44.014114,212.3142,6.35,star K1III,"HIP 31889 ;HD  47270 ;HR  2434 ;",0
101.847735,18.193452,176.6784,6.35,star A2V,"HIP 32539 ;HD  49059 ;HR  2499 ;",0
113.0928,-35.961188,196.4637,6.35,star B8V,"HIP 36657 ;HD  60312 ;HR  2895 ;",0
119.31789,1.127029,61.9579,6.35,star F6V,"HIP 38870 ;HD  65123 ;HR  3098 ;",0
119.80128,-49.976851,100000,6.35,star B2IV-V,"HIP 39035 ;HD  66005 ;HR  3142 ;",0
121.135995,-25.699737,259.0674,6.35,star K5/M0III,"HIP 39514 ;HD  66885 ;",0
121.791435,43.260365,193.4236,6.35,star A1V,"HIP 39722 ;HD  66824 ;HR  3167 ;BF  28    Lyn ;",0
128.25045,24.08479,170.3578,6.35,star G9III,"HIP 41940 ;HD  72324 ;HR  3369 ;BF  32Ups2Cnc ;",0
128.85399,2.743449,160.5136,6.35,star G9III,"HIP 42142 ;HD  72908 ;HR  3392 ;",0
129.80508,-60.317289,136.9863,6.35,star A0V,"HIP 42440 ;HD  74148 ;HR  3443 ;",0
131.91831,-41.736792,29.146,6.35,star G0Ia0:,"HIP 43177 ;HD  75289 ;HR  3497 ;",0
133.274745,59.05614,60.5694,6.35,star F5IV-V,"HIP 43624 ;HD  75487 ;HR  3506 ;",0
154.92516,-65.137238,436.6812,6.35,star K2II,"HIP 50562 ;HD  89805 ;",0
160.323,-59.676916,100000,6.35,star WN7 + A(SB1),"HIP 52308 ;HD  92740 ;HR  4188 ;",0
161.87754,-69.437733,427.3504,6.35,star B2IV,"HIP 52785 ;HD  93739 ;",0
165.239115,-15.792682,145.1379,6.35,star K0III,"HIP 53849 ;HD  95441 ;HR  4297 ;",0
168.06162,-32.433793,281.6901,6.35,star M2/M3III,"HIP 54725 ;HD  97393 ;HR  4346 ;",0
169.642665,-79.668651,61.1247,6.35,star A8IIIm...,"HIP 55225 ;HD  98617 ;HR  4385 ;",0
171.458565,3.86011,55.9284,6.35,star F3IV,"HIP 55791 ;HD  99329 ;HR  4410 ;BF  80    Leo ;",0
175.114305,57.970404,156.0062,6.35,star B9p...,"HIP 56944 ;HD  101391 ;HR  4493 ;",0
186.87015,-58.316445,264.5503,6.35,star K4III,"HIP 60780 ;HD  108395 ;",0
189.692835,40.874662,67.8426,6.35,star A7Vn,"HIP 61692 ;HD  109980 ;HR  4811 ;BF  9    CVn ;",0
211.112415,-14.971708,125.9446,6.35,star K1III+...,"HIP 68763 ;HD  122837 ;HR  5277 ;",0
213.10236,-24.363352,171.2329,6.35,star K2III,"HIP 69398 ;HD  124162 ;HR  5309 ;",0
214.779825,-27.141147,277.0083,6.35,star K5III,"HIP 69977 ;HD  125279 ;",0
225.16134,47.277441,169.7793,6.35,star B9p SiSrCr,"HIP 73454 ;HD  133029 ;HR  5597 ;",0
226.646475,36.456063,29.8329,6.35,star F8V,"HIP 73941 ;HD  134044 ;HR  5630 ;",0
235.064715,-31.213771,253.8071,6.35,star K3III,"HIP 76739 ;HD  139613 ;HR  5822 ;",0
241.43565,-6.291129,87.3362,6.35,star F2IV,"HIP 78849 ;HD  144362 ;HR  5989 ;",0
246.88446,2.870633,238.0952,6.35,star K5,"HIP 80610 ;HD  148390 ;",0
247.662585,77.446514,115.6069,6.35,star K1III,"HIP 80850 ;HD  150275 ;HR  6191 ;",0
253.114245,-40.723153,180.5054,6.35,star B9p Si,"HIP 82554 ;HD  151965 ;",0
253.81662,13.61991,77.5795,6.35,star F5II,"HIP 82798 ;HD  152830 ;HR  6290 ;",0
254.42628,24.38126,151.2859,6.35,star K0III,"HIP 83007 ;HD  153312 ;HR  6307 ;",0
255.96942,19.690513,229.8851,6.35,star A...,"HIP 83493 ;HD  154301 ;HR  6343 ;",0
257.22717,-3.882991,34.9284,6.35,star G8IV-V,"HIP 83906 ;HD  154962 ;HR  6372 ;",0
260.38935,16.731229,306.7485,6.35,star M2III,"HIP 84938 ;HD  157257 ;HR  6463 ;",0
273.99138,-3.617992,134.7709,6.35,star A4V,"HIP 89512 ;HD  167564 ;HR  6830 ;",0
275.94987,53.300837,101.1122,6.35,star A3m,"HIP 90146 ;HD  169885 ;HR  6911 ;",0
280.594275,-64.643044,205.7613,6.35,star A5V,"HIP 91733 ;HD  172021 ;HR  6996 ;",0
281.32773,-21.001615,61.1247,6.35,star F5/F6V,"HIP 92016 ;HD  173282 ;HR  7038 ;",0
284.541825,-83.422198,169.4915,6.35,star B9/B9.5V,"HIP 93117 ;HD  172226 ;",0
285.10338,-24.942171,181.8182,6.35,star K0III,"HIP 93315 ;HD  176246 ;HR  7168 ;",0
285.52932,52.261058,214.1328,6.35,star G8III:...,"HIP 93466 ;HD  177483 ;HR  7229 ;",0
287.879085,26.735871,43.4972,6.35,star F5V,"HIP 94290 ;HD  179422 ;HR  7280 ;",0
293.44179,5.465708,202.4291,6.35,star M8V,"HIP 96204 ;HD  184313 ;",0
304.739745,39.004184,100000,6.35,star K5Ib,"HIP 100155 ;HD  193469 ;",0
306.506655,13.911612,364.9635,6.35,star K5,"HIP 100781 ;HD  194578 ;",0
307.73667,-29.112666,209.205,6.35,star A5V,"HIP 101211 ;HD  195206 ;HR  7832 ;",0
308.218155,-24.943829,114.1553,6.35,star A0V,"HIP 101384 ;HD  195549 ;HR  7842 ;",0
313.35399,-30.718954,174.5201,6.35,star K1III,"HIP 103103 ;HD  198751 ;HR  7991 ;",0
321.09639,24.528393,146.6276,6.35,star K0III,"HIP 105689 ;HD  203886 ;HR  8197 ;",0
323.477025,-82.683084,217.3913,6.35,star B3IV,"HIP 106474 ;HD  203532 ;HR  8176 ;",0
338.195445,15.863263,183.1502,6.35,star K0,"HIP 111296 ;HD  213644 ;HR  8587 ;",0
342.32274,-70.347982,105.4852,6.35,star A2V,"HIP 112694 ;HD  215729 ;HR  8672 ;",0
344.677605,7.340074,90.0901,6.35,star A1V,"HIP 113465 ;HD  217186 ;HR  8738 ;",0
349.32861,75.299025,183.8235,6.35,star A2Vs,"HIP 114984 ;HD  219841 ;HR  8867 ;",0
349.929765,-33.708052,181.8182,6.35,star K2III,"HIP 115178 ;HD  219912 ;HR  8871 ;",0
352.36245,-1.791213,279.3296,6.35,star K0,"HIP 115945 ;HD  221147 ;",0
354.12714,32.904215,72.0461,6.35,star F6V,"HIP 116505 ;HD  221970 ;HR  8955 ;",0
0.181785,45.253334,187.9699,6.36,star B9p SiEu,"HIP 63 ;HD  224801 ;HR  9080 ;",0
16.803825,-23.996334,68.7758,6.36,star A3III,"HIP 5259 ;HD  6668 ;HR  325 ;",0
19.350495,31.744617,85.1064,6.36,star K0,"HIP 6025 ;HD  7724 ;HR  374 ;",0
20.83896,58.142994,58.8235,6.36,star F4V,"HIP 6486 ;HD  8272 ;HR  391 ;",0
29.472315,-65.4247,169.7793,6.36,star G8II/III,"HIP 9149 ;HD  12270 ;HR  584 ;",0
34.85319,-41.848367,192.6782,6.36,star K2III,"HIP 10832 ;HD  14509 ;HR  686 ;",0
38.866245,39.66438,198.0198,6.36,star B9MNp...,"HIP 12057 ;HD  16004 ;HR  746 ;",0
42.699165,-39.932224,88.1057,6.36,star A0V,"HIP 13271 ;HD  17864 ;HR  853 ;",0
47.772015,-13.264284,327.8689,6.36,star F6III,"HIP 14797 ;HD  19850 ;",0
50.56785,-25.587802,114.4165,6.36,star A1V,"HIP 15700 ;HD  20980 ;HR  1018 ;",0
61.036275,-16.588728,154.5595,6.36,star K2/K3III/IV,"HIP 18990 ;HD  25700 ;HR  1263 ;",0
63.398835,-40.357763,291.5452,6.36,star K3III,"HIP 19721 ;HD  26927 ;HR  1323 ;",0
64.762035,-33.904617,102.0408,6.36,star A+...,"HIP 20138 ;HD  27490 ;HR  1359 ;",0
72.651615,70.941528,207.0393,6.36,star A0IV,"HIP 22508 ;HD  30085 ;HR  1510 ;",0
73.743165,19.485388,64.3501,6.36,star F3IV,"HIP 22850 ;HD  31236 ;HR  1566 ;",0
78.648075,76.472761,132.626,6.36,star A0V,"HIP 24440 ;HD  32781 ;HR  1650 ;",0
81.81417,2.3412,124.533,6.36,star K0,"HIP 25505 ;HD  35775 ;",0
84.44085,33.559167,154.0832,6.36,star K0,"HIP 26463 ;HD  37138 ;HR  1904 ;",0
90.42345,22.401001,240.9639,6.36,star B8V,"HIP 28561 ;HD  40724 ;HR  2116 ;",0
92.33415,-18.126385,152.6718,6.36,star B9Vn...,"HIP 29178 ;HD  42327 ;HR  2182 ;",0
98.97516,-36.088632,39.604,6.36,star F6V,"HIP 31509 ;HD  47230 ;HR  2431 ;",0
99.213645,-41.557141,483.0918,6.36,star K0II,"HIP 31603 ;HD  47475 ;HR  2445 ;",0
100.49679,6.345425,854.7009,6.36,star O6,"HIP 32067 ;HD  48099 ;HR  2467 ;",0
100.90308,-73.118208,136.7989,6.36,star G8III,"HIP 32222 ;HD  49947 ;HR  2531 ;",0
103.978215,-31.790179,294.9853,6.36,star B3V,"HIP 33330 ;HD  51411 ;HR  2598 ;",0
104.531475,-27.164381,854.7009,6.36,star B2V,"HIP 33532 ;HD  51925 ;HR  2614 ;",0
108.491685,71.816584,129.8701,6.36,star K0,"HIP 34956 ;HD  54070 ;HR  2681 ;",0
110.5716,59.901996,73.8007,6.36,star A8m,"HIP 35735 ;HD  56820 ;HR  2772 ;BF  47    Cam ;",0
112.16625,27.552938,114.5475,6.36,star K2III,"HIP 36325 ;HD  58898 ;",0
118.151835,55.209443,113.5074,6.36,star A0Vn,"HIP 38449 ;HD  63586 ;HR  3039 ;",0
118.75179,-52.58333,361.0108,6.36,star B8III,"HIP 38667 ;HD  65189 ;HR  3100 ;",0
119.568975,43.977374,129.199,6.36,star K0,"HIP 38959 ;HD  64958 ;HR  3094 ;",0
122.15685,-37.681221,840.3361,6.36,star B3V,"HIP 39866 ;HD  67888 ;HR  3195 ;",0
127.40163,-55.190936,193.4236,6.36,star G0V,"HIP 41653 ;HD  72322 ;HR  3368 ;",0
128.24376,-34.634039,127.0648,6.36,star G8III,"HIP 41939 ;HD  72688 ;HR  3385 ;",0
128.257755,-45.752906,581.3953,6.36,star B5III,"HIP 41941 ;HD  72798 ;",0
132.756105,15.350651,38.3142,6.36,star G2IV,"HIP 43454 ;HD  75528 ;HR  3510 ;BF  54    Cnc ;",0
133.725165,-58.239658,218.3406,6.36,star B5V,"HIP 43763 ;HD  76640 ;HR  3568 ;",0
138.210915,-60.916769,173.3102,6.36,star B9V,"HIP 45214 ;HD  79699 ;",0
145.679595,48.431,139.2758,6.36,star A1V,"HIP 47633 ;HD  83869 ;HR  3854 ;",0
147.463965,-36.268463,152.9052,6.36,star K0III,"HIP 48219 ;HD  85296 ;HR  3897 ;",0
151.4205,15.757506,100,6.36,star F2Vn,"HIP 49445 ;HD  87500 ;HR  3969 ;",0
153.537345,-23.813946,363.6364,6.36,star M1III,"HIP 50142 ;HD  88806 ;",0
155.923995,29.615856,114.9425,6.36,star G8III,"HIP 50904 ;HD  89993 ;HR  4078 ;",0
160.21476,-35.741718,277.0083,6.36,star G8/K0III+..,"HIP 52273 ;HD  92589 ;HR  4183 ;",0
163.11942,-79.559437,621.118,6.36,star K2II/III,"HIP 53151 ;HD  94717 ;HR  4268 ;",0
164.143455,25.500244,78.4929,6.36,star K0,"HIP 53492 ;HD  94747 ;HR  4270 ;BF  50    LMi ;",0
164.45079,-59.73219,100000,6.36,star G3Ia,"HIP 53589 ;HD  95109 ;HR  4276 ;",0
179.79453,-45.83222,121.8027,6.36,star B8/B9V,"HIP 58452 ;HD  104080 ;",0
184.43442,15.1447,175.4386,6.36,star K4III,"HIP 59941 ;HD  106926 ;HR  4676 ;",0
185.810835,-67.631546,49.8008,6.36,star K0IV-V,"HIP 60417 ;HD  107773 ;HR  4710 ;",0
186.925335,8.610344,156.4945,6.36,star G8III,"HIP 60804 ;HD  108471 ;HR  4741 ;",0
199.37439,-0.676065,81.4332,6.36,star F0V,"HIP 64838 ;HD  115488 ;HR  5014 ;",0
203.39958,-65.63269,111.4827,6.36,star A0V,"HIP 66152 ;HD  117651 ;HR  5093 ;",0
209.95533,-3.549788,77.5194,6.36,star F8V,"HIP 68380 ;HD  122106 ;HR  5258 ;",0
210.40338,17.668391,387.5969,6.36,star G5,"HIP 68516 ;HD  122443 ;",0
213.588795,-5.947717,42.8633,6.36,star F9V,"HIP 69564 ;HD  124553 ;HR  5322 ;",0
216.41574,-66.172922,132.626,6.36,star A1V,"HIP 70528 ;HD  125990 ;HR  5382 ;",0
216.70782,-39.873989,147.2754,6.36,star B9V,"HIP 70626 ;HD  126475 ;HR  5400 ;",0
217.403235,41.795911,23.7417,6.36,star G5V,"HIP 70873 ;HD  127334 ;HR  5423 ;GL  NN 3852 ;",0
224.148975,-39.416023,114.4165,6.36,star A0/A1V,"HIP 73116 ;HD  131752 ;HR  5561 ;",0
228.49662,-61.342977,260.4167,6.36,star B5V,"HIP 74552 ;HD  134657 ;",0
230.278665,24.95802,182.4818,6.36,star K0,"HIP 75125 ;HD  136643 ;HR  5711 ;",0
233.5869,-39.34921,107.6426,6.36,star B9V,"HIP 76234 ;HD  138564 ;HR  5773 ;",0
243.13404,75.210681,200.4008,6.36,star K2IV,"HIP 79420 ;HD  147142 ;HR  6082 ;BF  20    UMi ;",0
249.17892,15.497455,126.2626,6.36,star B9sp...,"HIP 81337 ;HD  149822 ;HR  6176 ;",0
253.080195,-41.854514,100000,6.36,star WN...,"HIP 82543 ;HD  151932 ;HR  6249 ;",0
254.459085,42.512451,200.8032,6.36,star K3III,"HIP 83013 ;HD  153472 ;HR  6313 ;",0
259.585455,-32.553107,319.4888,6.36,star B5III,"HIP 84650 ;HD  156325 ;HR  6422 ;",0
260.140485,48.188791,39.6511,6.36,star F6Vawvar,"HIP 84855 ;HD  157373 ;HR  6467 ;",0
260.423175,-24.906103,172.7116,6.36,star K3III,"HIP 84947 ;HD  156992 ;",0
262.447275,-5.919479,78.9889,6.36,star K0III,"HIP 85622 ;HD  158463 ;HR  6512 ;",0
263.428245,14.841598,184.5018,6.36,star M4IIIa,"HIP 85934 ;HD  159354 ;HR  6543 ;",0
265.156455,43.470666,130.8901,6.36,star K2,"HIP 86501 ;HD  160950 ;HR  6599 ;",0
265.95171,-13.508699,43.9947,6.36,star F0V,"HIP 86769 ;HD  161023 ;HR  6600 ;",0
269.100945,-65.721739,35.6888,6.36,star F8V,"HIP 87822 ;HD  162521 ;GL  NN 4033 ;",0
270.06531,0.629483,135.318,6.36,star A3spe...,"HIP 88148 ;HD  164258 ;HR  6709 ;",0
270.220245,6.268294,480.7692,6.36,star B2IV,"HIP 88213 ;HD  164432 ;HR  6719 ;",0
272.2926,30.469531,123.4568,6.36,star K1III:,"HIP 88929 ;HD  166411 ;HR  6799 ;",0
273.17757,41.14684,164.7446,6.36,star K0III,"HIP 89246 ;HD  167304 ;HR  6824 ;",0
274.34892,-28.288975,30.4878,6.36,star F8V,"HIP 89620 ;HD  167665 ;HR  6836 ;",0
276.014955,-3.583157,61.9195,6.36,star F6III-IV,"HIP 90174 ;HD  169268 ;HR  6890 ;",0
277.303635,-43.845939,132.2751,6.36,star G8III,"HIP 90597 ;HD  169943 ;HR  6915 ;",0
278.086065,-14.644268,82.1693,6.36,star A4/A5IV/V,"HIP 90884 ;HD  170902 ;HR  6956 ;",0
278.34462,-5.911718,123.7624,6.36,star A0Vn,"HIP 90967 ;HD  171149 ;HR  6963 ;",0
278.998515,-29.699104,219.2982,6.36,star K1III,"HIP 91172 ;HD  171416 ;HR  6972 ;",0
279.90366,5.264287,343.6426,6.36,star F8Ib-II,"HIP 91499 ;HD  172365 ;HR  7008 ;",0
289.54071,-53.387086,45.0653,6.36,star F7V,"HIP 94858 ;HD  180134 ;HR  7297 ;",0
294.70413,3.381522,100000,6.36,star B3III,"HIP 96630 ;HD  185423 ;HR  7471 ;",0
296.204385,40.716803,251.2563,6.36,star M3III,"HIP 97151 ;HD  186776 ;HR  7523 ;",0
302.780925,-57.524239,160,6.36,star A1V,"HIP 99453 ;HD  191095 ;HR  7691 ;",0
303.930195,50.232903,111.2347,6.36,star A2Vn,"HIP 99870 ;HD  192983 ;HR  7755 ;",0
308.94921,-44.337606,142.0455,6.36,star K1III,"HIP 101623 ;HD  195902 ;",0
310.048875,-23.773867,14.3823,6.36,star G8/K0V,"HIP 101997 ;HD  196761 ;HR  7898 ;GL  Gl 796 ;",0
313.2807,29.649097,122.6994,6.36,star K2,"HIP 103079 ;HD  198976 ;HR  7999 ;",0
315.36675,-68.209593,79.7448,6.36,star A2V,"HIP 103752 ;HD  199475 ;HR  8019 ;",0
319.07136,44.238222,414.9378,6.36,star K0III+...,"HIP 105017 ;HD  202710 ;",0
324.058275,30.055422,110.8647,6.36,star G8III-IV,"HIP 106661 ;HD  205688 ;HR  8261 ;",0
328.572585,19.718121,102.9866,6.36,star K0III+...,"HIP 108119 ;HD  208202 ;HR  8364 ;",0
330.505725,10.973806,598.8024,6.36,star B5IIIn,"HIP 108766 ;HD  209288 ;HR  8397 ;",0
331.143825,32.941744,284.9003,6.36,star G5Ia,"HIP 108969 ;HD  209693 ;HR  8412 ;",0
332.37066,-23.659109,176.6784,6.36,star G8III,"HIP 109375 ;HD  210244 ;",0
332.5638,72.111265,157.9779,6.36,star B9MNp...,"HIP 109434 ;HD  210873 ;HR  8473 ;",0
332.59182,14.629858,135.6852,6.36,star K0III,"HIP 109445 ;HD  210461 ;HR  8456 ;",0
337.572285,-14.585734,193.4236,6.36,star B8II,"HIP 111086 ;HD  213236 ;HR  8567 ;BF  56    Aqr ;",0
340.380435,30.965861,299.4012,6.36,star K5,"HIP 112032 ;HD  214979 ;HR  8638 ;",0
342.088905,-61.684364,133.1558,6.36,star K0III,"HIP 112603 ;HD  215682 ;HR  8669 ;",0
343.877475,-20.139404,212.766,6.36,star K4/K5III,"HIP 113204 ;HD  216727 ;",0
348.65202,24.102898,176.0563,6.36,star K2III,"HIP 114742 ;HD  219310 ;HR  8839 ;",0
357.29961,58.963202,77.1605,6.36,star F2IV,"HIP 117472 ;HD  223421 ;HR  9020 ;",0
358.102995,75.544588,10.8909,6.36,star K3V,"HIP 117712 ;HD  223778 ;HR  9038 ;GL  Gl 909A ;",0
20.495745,76.238804,76.0456,6.37,star F0IVn,"HIP 6378 ;HD  7925 ;HR  381 ;",0
22.42839,-25.617749,168.9189,6.37,star K1III,"HIP 6971 ;HD  9151 ;",0
27.4536,-38.402797,27.3523,6.37,star F6V,"HIP 8514 ;HD  11262 ;HR  535 ;",0
29.039175,-49.836446,200.4008,6.37,star B8/B9V,"HIP 9022 ;HD  11965 ;",0
29.61117,-33.066787,129.7017,6.37,star K0III,"HIP 9207 ;HD  12135 ;HR  576 ;",0
33.990495,47.811937,110.8647,6.37,star G9III-IV,"HIP 10562 ;HD  13818 ;HR  653 ;",0
46.169355,15.856023,161.5509,6.37,star K3III,"HIP 14318 ;HD  19080 ;HR  924 ;",0
47.64744,-23.738548,90.6618,6.37,star K0III,"HIP 14757 ;HD  19826 ;HR  953 ;",0
50.91246,4.882105,373.1343,6.37,star G5III,"HIP 15807 ;HD  21018 ;HR  1023 ;",0
52.580805,71.863897,262.4672,6.37,star M2III,"HIP 16319 ;HD  21179 ;HR  1032 ;",0
53.421825,57.868725,66.9344,6.37,star F7V,"HIP 16602 ;HD  21794 ;HR  1071 ;",0
59.115255,-13.597531,100000,6.37,star M1III,"HIP 18428 ;HD  24834 ;",0
61.839165,-64.222291,23.6295,6.37,star G3V,"HIP 19233 ;HD  26491 ;HR  1294 ;GL  Gl 162.1 ;",0
66.50562,4.373451,217.8649,6.37,star K0,"HIP 20698 ;HD  28086 ;",0
68.020035,5.410035,43.4972,6.37,star F5V,"HIP 21152 ;HD  28736 ;HR  1436 ;",0
68.658915,-24.0405,113.1222,6.37,star K1III,"HIP 21324 ;HD  29163 ;",0
77.435505,64.91949,39.8248,6.37,star F3V:,"HIP 24017 ;HD  32715 ;HR  1647 ;",0
79.82265,-18.519919,263.1579,6.37,star B5IV/V,"HIP 24825 ;HD  34798 ;HR  1753 ;",0
89.143485,-23.21531,137.1742,6.37,star K0III,"HIP 28118 ;HD  40235 ;HR  2090 ;",0
92.757375,18.130465,338.9831,6.37,star K1II,"HIP 29326 ;HD  42351 ;HR  2184 ;",0
93.43875,-23.861938,16.7224,6.37,star G5V,"HIP 29568 ;HD  43162 ;HR  2225 ;GL  NN 3389 ;",0
93.97488,1.169078,96.2464,6.37,star F5IV:,"HIP 29746 ;HD  43358 ;HR  2236 ;",0
96.182895,-28.780112,21.8818,6.37,star G2V,"HIP 30503 ;HD  45184 ;HR  2318 ;GL  NN 3394 ;",0
101.05218,36.109258,281.6901,6.37,star A2V,"HIP 32268 ;HD  48272 ;HR  2471 ;",0
102.91407,3.041991,105.042,6.37,star A2Vs,"HIP 32931 ;HD  50062 ;HR  2543 ;",0
106.28745,47.775044,413.2231,6.37,star B9IIIn,"HIP 34168 ;HD  52860 ;HR  2645 ;",0
113.98326,43.030959,140.647,6.37,star F0,"HIP 36965 ;HD  60335 ;HR  2898 ;",0
114.559875,24.360441,42.6076,6.37,star F0,"HIP 37165 ;HD  61035 ;HR  2926 ;",0
116.182785,-66.071933,194.1748,6.37,star G6/G8III,"HIP 37773 ;HD  63513 ;HR  3036 ;",0
117.92037,-12.819405,75.4717,6.37,star F3IV,"HIP 38372 ;HD  64077 ;HR  3063 ;BF  8    Pup ;",0
119.8065,-49.973772,100000,6.37,star B2IV-V,"HIP 39038 ;HD  66006 ;HR  3143 ;",0
122.181585,-20.363173,581.3953,6.37,star A3III,"HIP 39876 ;HD  67751 ;HR  3190 ;",0
130.99908,4.334558,303.9514,6.37,star B9.5III-IV,"HIP 42854 ;HD  74393 ;HR  3458 ;",0
136.531755,-64.499849,165.8375,6.37,star K3III,"HIP 44665 ;HD  78632 ;HR  3632 ;",0
137.802975,80.828909,75.5287,6.37,star F2,"HIP 45097 ;HD  77246 ;",0
145.083615,-10.769185,225.7336,6.37,star A2V,"HIP 47454 ;HD  83731 ;HR  3848 ;",0
157.15218,45.212211,369.0037,6.37,star K0,"HIP 51290 ;HD  90602 ;HR  4103 ;",0
163.05705,1.024973,273.9726,6.37,star A3V,"HIP 53141 ;HD  94180 ;HR  4244 ;",0
177.73059,12.279037,51.5996,6.37,star A5m,"HIP 57779 ;HD  102910 ;HR  4543 ;",0
181.49922,-3.131591,178.2531,6.37,star G8III:,"HIP 59010 ;HD  105089 ;HR  4613 ;",0
187.519905,-13.393184,24.6488,6.37,star G1/G2V,"HIP 60994 ;HD  108799 ;HR  4758 ;GL  Gl 469.2A ;",0
198.857115,-69.679284,89.1266,6.37,star K2/K3III,"HIP 64682 ;HD  114912 ;HR  4994 ;",0
200.76084,-48.562791,649.3506,6.37,star B6IV,"HIP 65303 ;HD  116226 ;HR  5039 ;",0
203.5911,38.789265,69.8324,6.37,star F0IV,"HIP 66223 ;HD  118156 ;HR  5108 ;",0
219.85221,-49.055319,55.1876,6.37,star F3IV,"HIP 71658 ;HD  128617 ;HR  5458 ;",0
257.52615,-61.675456,380.2281,6.37,star B8II/III,"HIP 83984 ;HD  154555 ;HR  6356 ;",0
260.380155,28.758101,158.9825,6.37,star G0III,"HIP 84934 ;HD  157358 ;HR  6466 ;",0
262.00974,-8.208374,97.371,6.37,star F5IV,"HIP 85474 ;HD  158170 ;HR  6504 ;",0
264.08925,27.566639,236.4066,6.37,star M1II,"HIP 86153 ;HD  159968 ;",0
265.272855,24.513254,161.8123,6.37,star K1III+...,"HIP 86537 ;HD  160835 ;HR  6592 ;",0
268.003755,46.643574,108.2251,6.37,star K0III,"HIP 87434 ;HD  163075 ;HR  6674 ;",0
271.361505,-81.486568,251.8892,6.37,star K3/K4III,"HIP 88599 ;HD  162337 ;HR  6646 ;",0
276.48012,14.966232,117.9245,6.37,star B9V,"HIP 90337 ;HD  169820 ;HR  6906 ;",0
282.68979,10.976392,386.1004,6.37,star K5III+...,"HIP 92475 ;HD  174569 ;HR  7099 ;",0
284.86158,-18.566433,334.4482,6.37,star G5/G6II,"HIP 93234 ;HD  176123 ;HR  7164 ;",0
285.77916,-19.103024,80.2568,6.37,star F5V,"HIP 93543 ;HD  176903 ;HR  7205 ;",0
290.891685,33.221966,15.7604,6.37,star G8V,"HIP 95319 ;HD  182488 ;HR  7368 ;GL  Gl 758 ;",0
292.339005,-7.044086,275.4821,6.37,star F5-G1I-II,"HIP 95820 ;HD  183344 ;HR  7402 ;",0
292.80648,55.731836,363.6364,6.37,star K2II-IIIcomp,"HIP 96003 ;HD  184398 ;HR  7428 ;",0
293.85471,2.913605,39.984,6.37,star F6IV,"HIP 96351 ;HD  184663 ;HR  7438 ;",0
294.065355,14.39107,119.0476,6.37,star K0II-III,"HIP 96428 ;HD  184944 ;HR  7449 ;",0
294.85557,16.571121,100000,6.37,star M0Iab-Ib SB,"HIP 96688 ;HD  185622 ;HR  7475 ;",0
294.96729,-66.685505,103.3058,6.37,star A0Vn,"HIP 96734 ;HD  184586 ;HR  7435 ;",0
295.794855,38.671713,387.5969,6.37,star K0,"HIP 97029 ;HD  186506 ;",0
301.360605,15.500412,126.2626,6.37,star M2  comp,"HIP 98954 ;HD  190658 ;HR  7680 ;",0
307.99254,25.804977,87.0322,6.37,star Am,"HIP 101300 ;HD  195692 ;HR  7849 ;",0
315.858615,50.351914,111.8568,6.37,star K0,"HIP 103929 ;HD  200740 ;HR  8072 ;",0
327.905205,65.75271,87.5657,6.37,star Am+...,"HIP 107893 ;HD  208132 ;HR  8361 ;",0
332.17767,-33.125691,78.0031,6.37,star A2III/IV,"HIP 109306 ;HD  210111 ;HR  8437 ;",0
338.96661,56.070574,111.7318,6.37,star A3V,"HIP 111543 ;HD  214279 ;HR  8607 ;",0
341.393715,30.442557,59.988,6.37,star K1III-IV,"HIP 112368 ;HD  215549 ;",0
343.52352,-19.175149,130.8901,6.37,star K5III,"HIP 113080 ;HD  216553 ;",0
345.688125,44.05875,325.7329,6.37,star B2V,"HIP 113802 ;HD  217811 ;HR  8768 ;",0
351.03696,41.612874,293.2551,6.37,star M0,"HIP 115530 ;HD  220524 ;",0
352.021635,-11.449752,125.4705,6.37,star G6/G8III,"HIP 115839 ;HD  220957 ;HR  8917 ;",0
1.08465,-29.268822,124.8439,6.38,star A1V,"HIP 345 ;HD  225200 ;HR  9102 ;",0
9.948705,82.493762,33.2557,6.38,star F6V:,"HIP 3132 ;HD  3440 ;HR  158 ;",0
12.738945,51.508032,67.2948,6.38,star F2IV,"HIP 3965 ;HD  4818 ;HR  238 ;",0
24.63261,45.399706,160.5136,6.38,star B9pe...,"HIP 7651 ;HD  9996 ;HR  465 ;",0
26.504385,-27.348831,43.4972,6.38,star F2V,"HIP 8233 ;HD  10863 ;HR  517 ;",0
32.139825,44.459429,125.9446,6.38,star G8III,"HIP 9983 ;HD  13013 ;HR  619 ;",0
32.871645,57.645543,100000,6.38,star B5Ia,"HIP 10227 ;HD  13267 ;HR  627 ;BF  5    Per ;",0
42.984315,-30.81452,32.5415,6.38,star F6V,"HIP 13363 ;HD  17926 ;HR  858 ;",0
45.87564,28.269906,45.977,6.38,star F0V,"HIP 14232 ;HD  18928 ;HR  916 ;",0
46.947255,47.308709,82.1018,6.38,star A3Vnn,"HIP 14544 ;HD  19279 ;HR  933 ;",0
52.97352,-25.614149,71.9424,6.38,star A3IV/V,"HIP 16449 ;HD  21997 ;HR  1082 ;",0
65.78232,-35.544815,282.4859,6.38,star K1III,"HIP 20467 ;HD  27941 ;HR  1386 ;",0
66.32964,-44.160897,36.8868,6.38,star F6V,"HIP 20630 ;HD  28246 ;HR  1404 ;",0
67.21662,30.361492,51.5996,6.38,star F7V,"HIP 20904 ;HD  28271 ;HR  1406 ;",0
77.05524,-15.095354,208.7683,6.38,star K1III + F/G,"HIP 23908 ;HD  33238 ;",0
82.68783,39.825916,175.4386,6.38,star G9III,"HIP 25810 ;HD  36041 ;HR  1825 ;",0
85.92138,-45.832864,85.034,6.38,star F0IIIn,"HIP 27001 ;HD  38458 ;HR  1984 ;",0
87.39219,-44.875394,100000,6.38,star K1III,"HIP 27512 ;HD  39312 ;HR  2032 ;",0
90.722895,43.378334,106.9519,6.38,star K0,"HIP 28642 ;HD  40722 ;HR  2115 ;",0
97.905975,15.903501,134.9528,6.38,star A8V,"HIP 31105 ;HD  46031 ;HR  2371 ;BF  19    Gem ;",0
109.264155,26.689485,77.2201,6.38,star G7IV,"HIP 35253 ;HD  56176 ;",0
111.61578,10.608067,79.6813,6.38,star A2IV,"HIP 36123 ;HD  58552 ;HR  2836 ;",0
112.21419,-64.509804,221.7295,6.38,star K5III,"HIP 36346 ;HD  60150 ;HR  2888 ;",0
112.786605,11.202979,227.7904,6.38,star K0,"HIP 36553 ;HD  59603 ;",0
114.437595,-38.010425,174.216,6.38,star K4III,"HIP 37128 ;HD  61453 ;HR  2945 ;",0
116.938365,-16.014483,432.9004,6.38,star K5II/III,"HIP 38037 ;HD  63323 ;HR  3027 ;",0
117.722625,0.079556,162.8664,6.38,star K2III,"HIP 38306 ;HD  63838 ;",0
123.421125,-33.569528,120.3369,6.38,star K2III,"HIP 40291 ;HD  69002 ;HR  3238 ;",0
128.139,-15.030143,83.682,6.38,star A7IV/V,"HIP 41893 ;HD  72462 ;HR  3374 ;",0
128.215035,-31.500853,12.2085,6.38,star K0V,"HIP 41926 ;HD  72673 ;HR  3384 ;GL  Gl 309 ;",0
132.46818,-39.141603,76.0456,6.38,star A2/A3II/III,"HIP 43354 ;HD  75654 ;HR  3517 ;",0
132.958485,-44.150931,515.4639,6.38,star B3V,"HIP 43520 ;HD  76004 ;",0
138.33978,-29.664369,286.533,6.38,star K5III,"HIP 45249 ;HD  79456 ;",0
153.35322,-33.031722,22.8467,6.38,star G0V,"HIP 50075 ;HD  88742 ;HR  4013 ;GL  Gl 385.1 ;",0
154.884765,-5.106148,91.659,6.38,star K0,"HIP 50552 ;HD  89490 ;HR  4059 ;",0
161.523675,6.373183,99.6016,6.38,star K1III:,"HIP 52660 ;HD  93244 ;HR  4207 ;",0
165.273735,63.42111,89.3655,6.38,star A2m,"HIP 53860 ;HD  95256 ;HR  4286 ;",0
173.484585,36.815614,139.2758,6.38,star K0III,"HIP 56410 ;HD  100470 ;HR  4452 ;",0
175.727535,-79.306389,54.6747,6.38,star K0III/IV,"HIP 57137 ;HD  101917 ;HR  4509 ;",0
178.68594,-66.376198,43.535,6.38,star F2IV,"HIP 58085 ;HD  103482 ;",0
184.873095,28.156916,54.4662,6.38,star F8Vs,"HIP 60098 ;HD  107213 ;HR  4688 ;BF  9    Com ;",0
188.496495,-49.90981,65.1466,6.38,star F5IV-V,"HIP 61328 ;HD  109312 ;HR  4782 ;",0
190.994445,-36.349153,242.7184,6.38,star B8/B9V,"HIP 62128 ;HD  110653 ;HR  4838 ;",0
213.670665,21.873392,59.8802,6.38,star A7V,"HIP 69592 ;HD  124713 ;HR  5333 ;",0
214.10124,39.744711,50,6.38,star F2IV,"HIP 69735 ;HD  125111 ;HR  5347 ;",0
220.46349,-30.933156,353.3569,6.38,star Asp...,"HIP 71853 ;HD  129161 ;HR  5474 ;",0
223.725195,-69.860956,256.4103,6.38,star B5V,"HIP 72983 ;HD  130942 ;",0
225.535725,-7.575299,203.666,6.38,star A3,"HIP 73571 ;HD  132953 ;",0
232.300485,16.395618,129.8701,6.38,star G8III-IV,"HIP 75810 ;HD  138085 ;",0
240.51867,-51.120771,197.6285,6.38,star B5V,"HIP 78540 ;HD  143321 ;",0
252.037005,13.590296,220.7506,6.38,star G5III,"HIP 82241 ;HD  151627 ;HR  6239 ;",0
254.3835,13.884113,61.1247,6.38,star K0V,"HIP 82989 ;HD  153226 ;HR  6301 ;",0
256.540185,9.733868,275.4821,6.38,star K5,"HIP 83677 ;HD  154610 ;HR  6358 ;",0
256.554375,10.453878,119.0476,6.38,star G8III-IV,"HIP 83688 ;HD  154619 ;HR  6359 ;",0
261.50361,26.878734,194.5525,6.38,star A5IV,"HIP 85313 ;HD  158067 ;HR  6499 ;",0
262.356705,-38.51692,117.5088,6.38,star A1V,"HIP 85589 ;HD  158156 ;HR  6503 ;",0
265.77315,44.08432,319.4888,6.38,star K4III,"HIP 86713 ;HD  161369 ;HR  6612 ;",0
271.25334,41.94629,54.7046,6.38,star F0V,"HIP 88565 ;HD  165645 ;HR  6767 ;",0
272.40612,38.457777,11.0241,6.38,star K2V,"HIP 88972 ;HD  166620 ;HR  6806 ;GL  Gl 706 ;",0
272.43075,-13.934435,253.1646,6.38,star K1II,"HIP 88981 ;HD  166103 ;HR  6785 ;",0
272.489895,-59.040182,200,6.38,star K4III,"HIP 89006 ;HD  165497 ;HR  6760 ;",0
291.61032,62.557145,210.084,6.38,star K5III,"HIP 95576 ;HD  183611 ;HR  7413 ;",0
296.415225,36.091022,300.3003,6.38,star B9.5V,"HIP 97228 ;HD  186901 ;HR  7529 ;",0
299.72061,-68.762583,105.7082,6.38,star A2V,"HIP 98346 ;HD  188164 ;HR  7588 ;",0
301.272555,-11.599413,724.6377,6.38,star F1III,"HIP 98910 ;HD  190390 ;HR  7671 ;",0
305.51274,41.132137,403.2258,6.38,star G5II+...,"HIP 100434 ;HD  194069 ;HR  7795 ;",0
306.597795,56.638698,189.0359,6.38,star B9V,"HIP 100808 ;HD  195066 ;HR  7827 ;",0
309.467595,-25.10922,47.5285,6.38,star A9V,"HIP 101808 ;HD  196385 ;HR  7877 ;",0
311.949495,3.306467,144.9275,6.38,star A0Vn,"HIP 102631 ;HD  198070 ;HR  7954 ;",0
313.27332,-11.573659,44.1501,6.38,star G1V,"HIP 103077 ;HD  198802 ;HR  7994 ;",0
318.42696,64.403952,42.7533,6.38,star G2IV+...,"HIP 104788 ;HD  202582 ;HR  8133 ;",0
318.654375,0.092256,289.8551,6.38,star M1III,"HIP 104872 ;HD  202259 ;HR  8121 ;",0
321.03303,-22.747101,137.741,6.38,star K0III,"HIP 105662 ;HD  203639 ;HR  8184 ;",0
321.21531,-3.398357,63.5728,6.38,star F0III,"HIP 105729 ;HD  203843 ;HR  8192 ;BF  20    Aqr ;",0
327.554085,-16.844914,217.8649,6.38,star K3III,"HIP 107797 ;HD  207552 ;HR  8340 ;",0
331.264425,14.815918,165.5629,6.38,star M2.5III:,"HIP 109009 ;HD  209709 ;",0
331.55649,56.343396,197.6285,6.38,star A0III,"HIP 109124 ;HD  210071 ;HR  8434 ;",0
334.12353,27.80403,119.9041,6.38,star G9III,"HIP 109977 ;HD  211432 ;HR  8503 ;",0
335.46195,42.078156,170.3578,6.38,star B5V,"HIP 110408 ;HD  212222 ;HR  8528 ;",0
339.572505,45.182935,169.7793,6.38,star G2III+...,"HIP 111753 ;HD  214558 ;HR  8617 ;",0
344.598585,-1.410209,104.1667,6.38,star F0V,"HIP 113433 ;HD  217131 ;HR  8735 ;",0
346.77093,35.636491,197.2387,6.38,star K0,"HIP 114152 ;HD  218365 ;",0
350.619075,25.918483,467.2897,6.38,star K3III,"HIP 115389 ;HD  220288 ;",0
354.512625,-15.095108,118.4834,6.38,star K0III,"HIP 116624 ;HD  222125 ;",0
5.715765,-12.209438,20.8638,6.39,star G3V,"HIP 1803 ;HD  1835 ;HR  88 ;GL  Gl 17.3 ;BF  9    Cet ;",0
8.73069,13.371137,109.6491,6.39,star K0,"HIP 2734 ;HD  3166 ;HR  141 ;",0
11.659695,69.325408,40.7498,6.39,star F3V,"HIP 3641 ;HD  4295 ;HR  200 ;",0
12.82635,3.38502,137.931,6.39,star K0III,"HIP 3992 ;HD  4928 ;HR  243 ;",0
14.22936,68.775657,64.8929,6.39,star F0m,"HIP 4446 ;HD  5357 ;HR  261 ;",0
19.55787,57.803166,348.4321,6.39,star M5,"HIP 6093 ;HD  7733 ;",0
23.03157,34.799962,255.7545,6.39,star B7IIIMNp...,"HIP 7147 ;HD  9298 ;HR  438 ;",0
23.96895,41.07642,120.048,6.39,star K1III,"HIP 7444 ;HD  9712 ;HR  452 ;",0
24.181365,7.831529,282.4859,6.39,star M0,"HIP 7505 ;HD  9889 ;",0
31.71687,-19.138869,89.7666,6.39,star K1III,"HIP 9862 ;HD  13004 ;",0
36.3603,-66.494026,230.9469,6.39,star M5III,"HIP 11293 ;HD  15379 ;HR  722 ;",0
51.482655,-35.920885,107.8749,6.39,star A1IV,"HIP 15987 ;HD  21423 ;HR  1042 ;BF  Chi1For ;",0
53.63994,-31.874801,353.3569,6.39,star K3III,"HIP 16672 ;HD  22322 ;HR  1095 ;",0
60.311805,36.989477,121.2121,6.39,star A0V,"HIP 18769 ;HD  25152 ;HR  1234 ;",0
64.465995,80.535783,319.4888,6.39,star K0,"HIP 20039 ;HD  25904 ;",0
80.169525,66.746878,118.2033,6.39,star G5,"HIP 24955 ;HD  34200 ;",0
82.237125,-3.307429,244.4988,6.39,star A0Vn,"HIP 25667 ;HD  36058 ;HR  1826 ;",0
91.12128,51.573395,134.9528,6.39,star A7III,"HIP 28765 ;HD  40873 ;HR  2123 ;",0
94.09914,17.181607,294.1176,6.39,star K5II,"HIP 29798 ;HD  43335 ;HR  2235 ;",0
96.46803,11.125884,123.1527,6.39,star A0,"HIP 30602 ;HD  45090 ;",0
98.361135,-20.923961,98.8142,6.39,star K0III+...,"HIP 31266 ;HD  46602 ;HR  2403 ;",0
99.403725,10.853293,152.439,6.39,star K0,"HIP 31662 ;HD  47156 ;HR  2426 ;",0
103.53579,-5.852188,163.6661,6.39,star A6Vn,"HIP 33154 ;HD  50700 ;HR  2570 ;",0
105.20727,-33.46553,118.0638,6.39,star G8II/III,"HIP 33774 ;HD  52703 ;HR  2641 ;",0
111.67173,11.008833,409.8361,6.39,star B7II-III,"HIP 36141 ;HD  58599 ;HR  2840 ;",0
114.006705,-55.887708,177.305,6.39,star K1/K2IIICN.,"HIP 36977 ;HD  61394 ;HR  2941 ;",0
116.686305,-12.675313,227.7904,6.39,star B9III,"HIP 37951 ;HD  63112 ;HR  3019 ;",0
123.587475,13.048296,364.9635,6.39,star G8III,"HIP 40354 ;HD  68776 ;HR  3231 ;",0
127.7943,-47.86662,364.9635,6.39,star B2.5V,"HIP 41781 ;HD  72485 ;HR  3375 ;",0
130.02675,20.007788,186.5672,6.39,star K0III,"HIP 42516 ;HD  73665 ;HR  3427 ;BF  39    Cnc ;",0
133.170075,-52.128906,124.0695,6.39,star A0V,"HIP 43593 ;HD  76230 ;HR  3542 ;",0
133.98294,-23.818303,71.6332,6.39,star A4V,"HIP 43853 ;HD  76512 ;HR  3559 ;",0
135.419865,39.713518,76.1615,6.39,star A9Vn,"HIP 44331 ;HD  77093 ;HR  3586 ;",0
135.772245,-53.550372,260.4167,6.39,star B6V,"HIP 44423 ;HD  77907 ;HR  3611 ;",0
136.862145,22.980872,58.1734,6.39,star F5V,"HIP 44768 ;HD  78175 ;HR  3617 ;",0
144.484425,73.080394,71.0227,6.39,star F2V+...,"HIP 47260 ;HD  82685 ;HR  3806 ;",0
145.672305,-35.501709,337.8378,6.39,star Asp...,"HIP 47627 ;HD  84224 ;HR  3867 ;",0
149.02224,-40.824546,224.2152,6.39,star M1III,"HIP 48706 ;HD  86211 ;HR  3930 ;",0
149.09124,-51.336158,100000,6.39,star B2IV-V,"HIP 48730 ;HD  86352 ;HR  3935 ;",0
155.886075,-3.642854,425.5319,6.39,star K5,"HIP 50893 ;HD  90057 ;",0
166.601205,-64.839972,134.5895,6.39,star A3V,"HIP 54289 ;HD  96568 ;HR  4326 ;",0
168.145005,-21.749339,189.7533,6.39,star K3III,"HIP 54749 ;HD  97428 ;HR  4348 ;",0
180.935175,5.55775,70.1262,6.39,star F5,"HIP 58809 ;HD  104755 ;",0
185.903115,-39.30236,114.0251,6.39,star F2V,"HIP 60454 ;HD  107833 ;HR  4713 ;",0
185.949285,-30.335415,229.3578,6.39,star K5III,"HIP 60468 ;HD  107869 ;",0
189.75909,22.659497,133.1558,6.39,star K1III,"HIP 61719 ;HD  109996 ;HR  4812 ;",0
189.820245,35.951959,134.5895,6.39,star A0p SrCrEu,"HIP 61748 ;HD  110066 ;HR  4816 ;",0
190.76733,61.155421,164.2036,6.39,star K0,"HIP 62046 ;HD  110678 ;HR  4840 ;",0
207.74706,68.3153,102.3541,6.39,star K2IV,"HIP 67589 ;HD  121146 ;HR  5227 ;",0
211.060665,-5.381416,100.9082,6.39,star K0,"HIP 68739 ;HD  122815 ;HR  5276 ;",0
211.604835,-59.715905,100000,6.39,star B0Ia,"HIP 68902 ;HD  122879 ;HR  5281 ;",0
212.059515,-63.20795,112.4859,6.39,star G8/K0III,"HIP 69065 ;HD  123151 ;HR  5289 ;",0
216.00825,27.413177,609.7561,6.39,star K4III,"HIP 70385 ;HD  126307 ;",0
217.73592,-40.845122,282.4859,6.39,star K3III,"HIP 70966 ;HD  127152 ;HR  5417 ;",0
218.33445,36.959023,75.0188,6.39,star F8IVw,"HIP 71168 ;HD  127986 ;HR  5441 ;",0
218.82108,-60.015644,171.5266,6.39,star K2III,"HIP 71333 ;HD  127724 ;HR  5432 ;",0
219.028635,23.250359,116.6861,6.39,star K0,"HIP 71406 ;HD  128402 ;HR  5454 ;",0
220.86726,-62.966671,100000,6.39,star B3V:,"HIP 72000 ;HD  129092 ;",0
224.15976,-62.364417,561.7978,6.39,star B5V,"HIP 73118 ;HD  131491 ;",0
232.70496,-71.654136,395.2569,6.39,star B3V,"HIP 75959 ;HD  137366 ;",0
232.842945,36.616599,74.7943,6.39,star F6III,"HIP 76006 ;HD  138525 ;HR  5769 ;",0
238.053375,-29.886552,77.4593,6.39,star K0III,"HIP 77729 ;HD  141832 ;HR  5893 ;",0
241.49922,-6.139754,146.8429,6.39,star K0,"HIP 78870 ;HD  144390 ;HR  5990 ;",0
243.02727,39.055524,214.1328,6.39,star K0,"HIP 79385 ;HD  145957 ;",0
244.540815,68.554545,181.4882,6.39,star K0,"HIP 79867 ;HD  147662 ;HR  6101 ;",0
268.611405,75.171307,160.5136,6.39,star K0,"HIP 87670 ;HD  164780 ;HR  6735 ;",0
272.49984,-32.719635,107.7586,6.39,star K0III,"HIP 89010 ;HD  165978 ;HR  6777 ;",0
275.279775,49.725466,170.9402,6.39,star K1III,"HIP 89943 ;HD  169221 ;HR  6886 ;",0
281.954955,-77.868249,41.4079,6.39,star G2V,"HIP 92233 ;HD  171990 ;HR  6994 ;",0
285.451545,33.621257,260.4167,6.39,star B5IV,"HIP 93437 ;HD  177109 ;HR  7212 ;",0
288.11682,-21.658382,138.3126,6.39,star K0III,"HIP 94372 ;HD  179201 ;HR  7276 ;",0
293.75514,52.502018,105.8201,6.39,star K0,"HIP 96316 ;HD  185114 ;",0
296.159055,34.414164,297.619,6.39,star M1III,"HIP 97142 ;HD  186702 ;HR  7520 ;",0
299.006805,-81.34984,227.2727,6.39,star K3/K4III,"HIP 98086 ;HD  186154 ;HR  7494 ;",0
300.70338,31.958832,286.533,6.39,star K1III,"HIP 98701 ;HD  190227 ;",0
302.0271,16.66439,485.4369,6.39,star M3III,"HIP 99176 ;HD  191178 ;HR  7696 ;",0
302.791995,-8.842344,714.2857,6.39,star B1V,"HIP 99457 ;HD  191639 ;HR  7709 ;",0
306.782385,34.329069,100000,6.39,star F1II,"HIP 100866 ;HD  194951 ;HR  7823 ;",0
309.96615,11.249649,33.5233,6.39,star F8IV:,"HIP 101966 ;HD  196885 ;HR  7907 ;",0
320.25594,40.345066,27.0124,6.39,star F8V,"HIP 105406 ;HD  203454 ;HR  8170 ;",0
322.10349,8.195645,235.2941,6.39,star M1,"HIP 106021 ;HD  204445 ;HR  8219 ;",0
322.25049,-53.705912,117.9245,6.39,star K2IIICN...,"HIP 106065 ;HD  204228 ;HR  8211 ;",0
323.816475,-23.454313,111.9821,6.39,star K1III,"HIP 106590 ;HD  205342 ;HR  8247 ;",0
329.09994,21.239858,403.2258,6.39,star K5V,"HIP 108296 ;HD  208527 ;HR  8372 ;",0
330.469335,-77.662544,99.7009,6.39,star A5IV/V,"HIP 108759 ;HD  208500 ;HR  8370 ;",0
330.609375,-16.964836,270.2703,6.39,star A0/1V + K1/2,"HIP 108797 ;HD  209278 ;HR  8396 ;BF  29    Aqr ;",0
333.18279,-4.720679,89.0472,6.39,star F7V,"HIP 109647 ;HD  210763 ;HR  8467 ;",0
334.517805,-0.237656,41.9815,6.39,star F3V,"HIP 110091 ;HD  211575 ;HR  8507 ;",0
337.92216,-10.905561,71.582,6.39,star A8III,"HIP 111200 ;HD  213464 ;HR  8583 ;BF  58    Aqr ;",0
338.95335,-17.460424,149.2537,6.39,star K4III,"HIP 111539 ;HD  214028 ;",0
340.76799,47.168755,775.1938,6.39,star A1V+...,"HIP 112170 ;HD  215242 ;HR  8652 ;",0
343.64844,16.941834,418.41,6.39,star S51,"HIP 113131 ;HD  216672 ;HR  8714 ;",0
346.323465,1.307127,117.2333,6.39,star G9III,"HIP 114005 ;HD  218103 ;HR  8785 ;",0
350.05989,61.970129,324.6753,6.39,star K1V,"HIP 115218 ;HD  220074 ;HR  8881 ;",0
352.75476,-6.288082,460.8295,6.39,star K0,"HIP 116060 ;HD  221308 ;HR  8928 ;",0
352.989855,-1.085885,206.6116,6.39,star K1III,"HIP 116146 ;HD  221409 ;HR  8934 ;BF  13    Psc ;",0
6.993615,19.514039,172.117,6.4,star K0,"HIP 2213 ;HD  2410 ;",0
9.325905,-54.393819,146.8429,6.4,star K0II/IIICN,"HIP 2937 ;HD  3488 ;HR  162 ;",0
15.128805,70.982988,109.4092,6.4,star A4IV,"HIP 4709 ;HD  5715 ;HR  278 ;",0
17.549775,-8.906135,118.624,6.4,star K0III,"HIP 5485 ;HD  6976 ;HR  346 ;BF  32    Cet ;",0
18.29097,61.706188,201.6129,6.4,star B9V,"HIP 5688 ;HD  7157 ;HR  354 ;",0
30.617775,-29.665642,147.0588,6.4,star A3III,"HIP 9521 ;HD  12563 ;HR  606 ;",0
32.346285,17.224196,37.5375,6.4,star F5V,"HIP 10050 ;HD  13201 ;HR  624 ;",0
35.480985,57.242916,100000,6.4,star A1Ia,"HIP 11020 ;HD  14433 ;",0
39.50313,7.695276,73.8007,6.4,star F6IV,"HIP 12272 ;HD  16399 ;HR  770 ;",0
41.07963,17.763928,103.5197,6.4,star K2III,"HIP 12784 ;HD  17017 ;HR  808 ;BF  36    Ari ;",0
49.4169,31.127048,26.6809,6.4,star G0,"HIP 15323 ;HD  20367 ;",0
50.188335,-26.606506,49.95,6.4,star F7V,"HIP 15585 ;HD  20853 ;HR  1013 ;",0
50.38929,-47.776661,145.9854,6.4,star K0III,"HIP 15655 ;HD  21011 ;HR  1021 ;",0
54.449295,15.430552,74.7384,6.4,star A5IV,"HIP 16924 ;HD  22522 ;HR  1102 ;",0
55.63626,-85.261964,152.9052,6.4,star B9V,"HIP 17328 ;HD  25887 ;HR  1271 ;",0
69.330255,-41.872944,118.7648,6.4,star A3Vs...,"HIP 21525 ;HD  29559 ;",0
73.29078,52.841155,137.3626,6.4,star A2V,"HIP 22720 ;HD  30752 ;HR  1546 ;",0
77.685795,-25.910463,232.0186,6.4,star K1III/IV,"HIP 24114 ;HD  33667 ;HR  1694 ;",0
80.110035,-5.367528,281.6901,6.4,star B8III,"HIP 24925 ;HD  34880 ;HR  1759 ;",0
83.899605,-3.25284,476.1905,6.4,star B3IV,"HIP 26263 ;HD  37055 ;HR  1900 ;",0
84.817605,-17.849408,473.9336,6.4,star B4,"HIP 26602 ;HD  37643 ;HR  1944 ;",0
85.3374,29.487418,186.2197,6.4,star B8IV,"HIP 26781 ;HD  37646 ;HR  1945 ;",0
88.165275,39.574705,188.6792,6.4,star A2V,"HIP 27777 ;HD  39182 ;HR  2025 ;",0
94.46559,-52.733031,366.3004,6.4,star K2/K3III,"HIP 29913 ;HD  44267 ;HR  2278 ;",0
96.49512,-7.894983,173.6111,6.4,star A4V,"HIP 30608 ;HD  45239 ;HR  2321 ;",0
104.86638,25.914171,366.3004,6.4,star B8III,"HIP 33650 ;HD  51688 ;HR  2605 ;BF  40    Gem ;",0
106.5051,59.80185,118.9061,6.4,star G8III:,"HIP 34250 ;HD  52708 ;HR  2642 ;",0
110.55588,38.995944,191.5709,6.4,star K0,"HIP 35725 ;HD  57263 ;HR  2792 ;",0
113.353455,37.187897,147.2754,6.4,star K0,"HIP 36740 ;HD  59826 ;",0
114.030885,-22.160505,187.2659,6.4,star K1II,"HIP 36986 ;HD  60951 ;HR  2923 ;",0
114.850815,-16.847292,279.3296,6.4,star K3III,"HIP 37289 ;HD  61589 ;",0
115.542585,-58.630918,384.6154,6.4,star B2.5V,"HIP 37530 ;HD  62758 ;HR  3006 ;",0
116.05857,12.860071,208.3333,6.4,star K0,"HIP 37723 ;HD  62407 ;HR  2987 ;",0
121.4568,-0.57332,149.4768,6.4,star K0,"HIP 39625 ;HD  66950 ;HR  3172 ;",0
123.214815,-37.92447,181.8182,6.4,star A3V,"HIP 40220 ;HD  68862 ;HR  3233 ;",0
125.53971,74.820364,143.472,6.4,star K0III...,"HIP 41011 ;HD  69054 ;",0
128.62377,-27.098161,251.8892,6.4,star K3III,"HIP 42071 ;HD  72913 ;",0
139.463985,11.501146,197.6285,6.4,star A2IV,"HIP 45614 ;HD  80064 ;HR  3689 ;",0
139.94973,-34.103339,183.8235,6.4,star B8V,"HIP 45754 ;HD  80590 ;HR  3710 ;",0
140.348355,45.370101,203.252,6.4,star K0,"HIP 45888 ;HD  80461 ;",0
144.46461,-9.424446,130.039,6.4,star A1V,"HIP 47249 ;HD  83373 ;HR  3832 ;BF  34    Hya ;",0
144.93807,-62.942923,215.0538,6.4,star B8/B9III/IV,"HIP 47422 ;HD  84046 ;",0
151.898835,-48.26082,354.6099,6.4,star B3III,"HIP 49619 ;HD  88015 ;",0
162.20778,65.132491,120.7729,6.4,star A1V,"HIP 52877 ;HD  93427 ;HR  4215 ;",0
163.86342,-43.020528,100.1001,6.4,star A0V,"HIP 53411 ;HD  94724 ;",0
166.68345,17.737364,293.2551,6.4,star K5,"HIP 54319 ;HD  96372 ;",0
168.045465,68.27187,90.7441,6.4,star A3V,"HIP 54721 ;HD  97138 ;HR  4340 ;",0
172.72089,47.928918,99.2063,6.4,star G9IV,"HIP 56170 ;HD  100030 ;HR  4435 ;",0
174.75183,-24.721093,63.0915,6.4,star G6/G8V,"HIP 56830 ;HD  101259 ;HR  4489 ;GL  NN 3679 ;",0
182.631795,16.809271,224.2152,6.4,star A4V,"HIP 59352 ;HD  105778 ;HR  4632 ;BF  3    Com ;",0
189.19425,-50.335394,102.0408,6.4,star A0V,"HIP 61557 ;HD  109675 ;",0
201.811095,-40.162665,123.7624,6.4,star G8/K0III,"HIP 65621 ;HD  116873 ;HR  5065 ;",0
202.42827,-23.281331,124.2236,6.4,star M6/M7e,"HIP 65835 ;HD  117287 ;HR  5080 ;",0
206.79528,-62.589714,740.7407,6.4,star A7V,"HIP 67261 ;HD  119796 ;HR  5171 ;",0
213.838815,-53.509941,315.4574,6.4,star K3III,"HIP 69655 ;HD  124454 ;HR  5319 ;",0
217.216305,-47.992086,131.5789,6.4,star Ap...,"HIP 70809 ;HD  126759 ;",0
220.47597,21.123551,142.2475,6.4,star G8III,"HIP 71857 ;HD  129430 ;HR  5483 ;",0
226.73322,-52.029779,452.4887,6.4,star B3III,"HIP 73966 ;HD  133518 ;",0
233.351325,-40.490852,155.521,6.4,star K0III,"HIP 76165 ;HD  138395 ;",0
239.979735,-78.027277,87.9507,6.4,star F3IV,"HIP 78360 ;HD  141846 ;",0
241.025835,-59.176182,813.0081,6.4,star K1II/III,"HIP 78710 ;HD  143548 ;",0
243.439575,-24.422092,143.6782,6.4,star B6IV,"HIP 79530 ;HD  145792 ;HR  6042 ;",0
244.24563,-53.696234,70.922,6.4,star G5V,"HIP 79787 ;HD  146059 ;",0
244.246665,-20.104088,188.3239,6.4,star G8III,"HIP 79788 ;HD  146436 ;",0
250.31973,1.245444,299.4012,6.4,star K0,"HIP 81691 ;HD  150493 ;",0
254.1054,65.039124,69.9301,6.4,star F1V,"HIP 82898 ;HD  153697 ;HR  6319 ;BF  20    Dra ;",0
255.27927,-56.555077,200.4008,6.4,star Ap...,"HIP 83269 ;HD  153201 ;",0
264.03375,28.185091,133.5113,6.4,star K5,"HIP 86130 ;HD  159926 ;HR  6564 ;",0
265.82379,-27.883981,462.963,6.4,star F0III/IV,"HIP 86725 ;HD  160839 ;HR  6593 ;",0
271.951545,-64.550177,152.6718,6.4,star K2/K3III,"HIP 88815 ;HD  164871 ;HR  6740 ;",0
278.372745,-58.708784,48.2859,6.4,star G5IV,"HIP 90981 ;HD  170525 ;HR  6939 ;",0
280.42692,-14.564244,100000,6.4,star F2/F3Ib/II,"HIP 91677 ;HD  172594 ;HR  7014 ;",0
281.40861,79.942673,89.2857,6.4,star A8V,"HIP 92040 ;HD  175938 ;HR  7160 ;",0
289.712265,0.339024,127.0648,6.4,star K0II-III:..,"HIP 94913 ;HD  181053 ;HR  7321 ;BF  24    Aql ;",0
290.945535,20.264356,421.9409,6.4,star B9.5V,"HIP 95340 ;HD  182422 ;HR  7364 ;",0
309.03474,25.882648,195.6947,6.4,star A5III,"HIP 101641 ;HD  196362 ;HR  7874 ;BF  26    Vul ;",0
319.725825,-28.76582,110.1322,6.4,star K0IV,"HIP 105228 ;HD  202773 ;HR  8142 ;",0
320.319165,-49.938248,110.1322,6.4,star K3III,"HIP 105425 ;HD  203010 ;HR  8152 ;",0
326.30166,52.267577,100000,6.4,star K5Ib,"HIP 107398 ;HD  207119 ;",0
335.164665,50.980814,423.7288,6.4,star K2,"HIP 110316 ;HD  212071 ;HR  8519 ;",0
340.809435,-6.962937,114.1553,6.4,star A0Vn,"HIP 112179 ;HD  215143 ;HR  8647 ;BF  67    Aqr ;",0
343.812075,-36.388579,179.8561,6.4,star K2III,"HIP 113189 ;HD  216666 ;HR  8713 ;",0
353.88363,-7.464431,144.3001,6.4,star G5III:,"HIP 116428 ;HD  221835 ;HR  8951 ;",0
355.63095,61.679363,134.9528,6.4,star K2III,"HIP 116962 ;HD  222682 ;HR  8990 ;",0
8.80989,-3.593069,21.0482,6.4,star G1 V,"GL  Gl 23B ;",0
9.335685,-24.766593,15.5328,6.4,star G8 V,"GL  Gl 25B ;",0
195.940125,-20.583353,28.6615,6.4,star ,"GL  Gl 496B ;",0
317.339055,-73.175927,18.7336,6.4,star ,"GL  Gl 818.1B ;",0
2.13693,63.20404,369.0037,6.41,star G3II,"HIP 695 ;HD  371 ;",0
8.3301,70.981843,151.7451,6.41,star A0Vn,"HIP 2628 ;HD  2904 ;HR  129 ;",0
8.43255,-35.002078,33.1126,6.41,star F8/G0V,"HIP 2663 ;HD  3074 ;",0
11.67693,59.574539,934.5794,6.41,star G0Ib,"HIP 3649 ;HD  4362 ;HR  207 ;",0
16.75053,56.934972,99.108,6.41,star K2III...,"HIP 5240 ;HD  6497 ;HR  316 ;",0
17.530725,-57.694419,125.6281,6.41,star G6II/III,"HIP 5477 ;HD  7082 ;HR  350 ;",0
23.71488,-23.699681,220.7506,6.41,star K2III,"HIP 7363 ;HD  9731 ;",0
44.385945,-38.190925,119.9041,6.41,star A0Vn,"HIP 13789 ;HD  18546 ;HR  893 ;",0
47.33388,20.761123,150.6024,6.41,star K2,"HIP 14649 ;HD  19549 ;",0
49.381395,65.658367,168.9189,6.41,star A3V,"HIP 15309 ;HD  20104 ;HR  967 ;",0
52.26585,3.248704,148.5884,6.41,star G5,"HIP 16226 ;HD  21585 ;",0
52.95432,49.401093,100000,6.41,star B9III,"HIP 16447 ;HD  21661 ;HR  1059 ;",0
54.500745,42.582843,210.5263,6.41,star B8Vn,"HIP 16938 ;HD  22402 ;HR  1097 ;",0
63.00114,-17.274732,110.1322,6.41,star K0III,"HIP 19601 ;HD  26625 ;",0
67.03944,-41.959833,364.9635,6.41,star M1III,"HIP 20856 ;HD  28552 ;HR  1429 ;",0
81.661785,6.868658,92.1659,6.41,star A0Vn,"HIP 25453 ;HD  35656 ;HR  1807 ;",0
82.00389,33.763703,33.8524,6.41,star F5,"HIP 25580 ;HD  35681 ;",0
82.006125,1.298251,395.2569,6.41,star B2V,"HIP 25582 ;HD  35912 ;HR  1820 ;",0
85.41807,-2.896457,80.7103,6.41,star A9IV-V,"HIP 26820 ;HD  37904 ;HR  1959 ;",0
90.53886,-60.09683,294.1176,6.41,star M4III,"HIP 28596 ;HD  41586 ;HR  2151 ;",0
95.29965,29.540816,106.7236,6.41,star A1Vs,"HIP 30200 ;HD  44092 ;HR  2272 ;",0
95.82705,3.764489,325.7329,6.41,star B3V,"HIP 30382 ;HD  44700 ;HR  2292 ;",0
103.189305,-59.341195,145.3488,6.41,star A3m...,"HIP 33012 ;HD  51210 ;HR  2592 ;",0
104.682075,-30.998037,232.5581,6.41,star B3V,"HIP 33591 ;HD  52140 ;HR  2621 ;",0
115.34052,-44.632168,350.8772,6.41,star B7IV/V,"HIP 37461 ;HD  62318 ;HR  2984 ;",0
120.1839,-2.881917,709.2199,6.41,star B2.5Ve,"HIP 39172 ;HD  65875 ;HR  3135 ;",0
128.6331,-32.598744,67.2948,6.41,star G5V,"HIP 42075 ;HD  72954 ;HR  3397 ;",0
131.336535,-2.601062,61.7665,6.41,star F2+...,"HIP 42951 ;HD  74688 ;HR  3472 ;",0
132.68802,18.832183,289.0173,6.41,star A2Vs,"HIP 43427 ;HD  75469 ;HR  3504 ;",0
133.16124,-36.545342,352.1127,6.41,star G8III+...,"HIP 43590 ;HD  76072 ;HR  3534 ;",0
140.88243,25.18284,142.2475,6.41,star G5III-IV,"HIP 46058 ;HD  80956 ;HR  3723 ;",0
144.40632,60.213682,97.6562,6.41,star G5,"HIP 47231 ;HD  82969 ;",0
150.7059,-62.156667,100000,6.41,star K3Ib,"HIP 49223 ;HD  87438 ;HR  3967 ;",0
157.663515,-61.356474,225.7336,6.41,star M2III,"HIP 51461 ;HD  91270 ;HR  4128 ;",0
165.106515,51.502101,175.7469,6.41,star G9III,"HIP 53798 ;HD  95233 ;HR  4283 ;",0
168.13494,35.81408,21.925,6.41,star G0V,"HIP 54745 ;HD  97334 ;HR  4345 ;GL  Gl 417 ;",0
170.01729,-71.994337,257.0694,6.41,star B4V,"HIP 55350 ;HD  98695 ;HR  4389 ;",0
180.61896,-71.488981,132.8021,6.41,star K1III,"HIP 58706 ;HD  104570 ;HR  4596 ;",0
186.11169,25.582404,90.2527,6.41,star F0V,"HIP 60525 ;HD  108007 ;HR  4719 ;",0
188.13672,-21.212116,115.2074,6.41,star K0III,"HIP 61208 ;HD  109132 ;",0
190.86816,-58.902742,170.068,6.41,star K0/K1III,"HIP 62084 ;HD  110532 ;HR  4835 ;",0
204.53178,-58.414646,158.4786,6.41,star K1III,"HIP 66521 ;HD  118384 ;HR  5122 ;",0
213.720915,3.335878,247.5248,6.41,star M4III,"HIP 69614 ;HD  124681 ;HR  5331 ;",0
215.813985,-47.41696,478.4689,6.41,star G5Ib,"HIP 70320 ;HD  125809 ;",0
223.347285,15.705167,47.6417,6.41,star F6III,"HIP 72846 ;HD  131473 ;HR  5550 ;",0
226.70442,-16.484361,114.4165,6.41,star A1V,"HIP 73953 ;HD  133800 ;",0
236.24826,-50.785463,121.8027,6.41,star A3V,"HIP 77138 ;HD  140274 ;",0
236.85645,-40.19421,102.2495,6.41,star G8III/IVp..,"HIP 77350 ;HD  140861 ;HR  5862 ;",0
237.00747,31.735615,314.4654,6.41,star K5,"HIP 77397 ;HD  141456 ;HR  5877 ;",0
243.620355,-21.107636,108.6957,6.41,star B9V,"HIP 79599 ;HD  145964 ;HR  6051 ;",0
245.7354,32.333013,179.5332,6.41,star A4Vn,"HIP 80247 ;HD  147835 ;HR  6110 ;",0
254.76072,69.186248,88.2613,6.41,star K0,"HIP 83114 ;HD  154319 ;HR  6345 ;",0
255.571275,31.88412,105.1525,6.41,star K0,"HIP 83365 ;HD  154126 ;HR  6336 ;",0
266.780385,-38.112164,149.0313,6.41,star A0V,"HIP 87042 ;HD  161390 ;HR  6613 ;",0
267.47088,-61.714704,245.7002,6.41,star B9IV,"HIP 87264 ;HD  161475 ;",0
268.49223,-34.831053,261.7801,6.41,star Ap...,"HIP 87624 ;HD  162725 ;HR  6663 ;",0
270.810675,19.613157,116.8224,6.41,star A0V,"HIP 88429 ;HD  165029 ;HR  6744 ;",0
275.98866,38.73921,287.3563,6.41,star K2,"HIP 90163 ;HD  169646 ;HR  6901 ;",0
278.028705,3.659603,303.9514,6.41,star A0sp...,"HIP 90858 ;HD  170973 ;HR  6958 ;",0
280.42212,31.617612,309.5975,6.41,star B8V,"HIP 91675 ;HD  172958 ;HR  7030 ;",0
306.173985,1.368563,234.7418,6.41,star K5,"HIP 100672 ;HD  194263 ;",0
307.181625,-15.741499,197.6285,6.41,star G8III,"HIP 101011 ;HD  194918 ;HR  7819 ;",0
308.77632,-71.188779,239.2344,6.41,star K2III,"HIP 101570 ;HD  195190 ;",0
311.83653,45.579934,353.3569,6.41,star K3III,"HIP 102585 ;HD  198237 ;HR  7966 ;",0
313.527375,-27.925239,314.4654,6.41,star M1III,"HIP 103168 ;HD  198853 ;HR  7997 ;",0
316.173495,2.942274,151.0574,6.41,star K0,"HIP 104041 ;HD  200661 ;HR  8067 ;",0
319.30641,-13.278989,194.1748,6.41,star A1V,"HIP 105079 ;HD  202606 ;HR  8134 ;",0
322.39374,6.581379,193.4236,6.41,star K0,"HIP 106103 ;HD  204603 ;",0
323.678205,1.829161,276.2431,6.41,star M3,"HIP 106544 ;HD  205358 ;",0
328.981815,-30.60592,129.8701,6.41,star G8III,"HIP 108259 ;HD  208285 ;HR  8365 ;",0
329.29623,66.156153,529.1005,6.41,star B2V,"HIP 108364 ;HD  208947 ;HR  8384 ;",0
332.067855,49.79699,357.1429,6.41,star K5III,"HIP 109272 ;HD  210289 ;HR  8445 ;",0
335.15109,-57.509783,357.1429,6.41,star K3/K4III,"HIP 110311 ;HD  211726 ;HR  8509 ;",0
337.506165,-12.915116,79.6813,6.41,star F2/F3IV/V,"HIP 111066 ;HD  213198 ;HR  8565 ;",0
337.527135,49.356412,111.2347,6.41,star K2III SB,"HIP 111072 ;HD  213389 ;HR  8575 ;",0
338.077935,54.037032,212.3142,6.41,star G8III,"HIP 111247 ;HD  213720 ;HR  8589 ;",0
346.793535,59.727394,418.41,6.41,star B2.5IV,"HIP 114163 ;HD  218440 ;HR  8803 ;",0
348.59049,29.771831,104.3841,6.41,star F6IVw,"HIP 114725 ;HD  219291 ;HR  8838 ;",0
350.143905,62.213264,657.8947,6.41,star K2III,"HIP 115245 ;HD  220130 ;HR  8886 ;",0
352.9293,28.403489,129.0323,6.41,star A1p Sr(CrEu),"HIP 116119 ;HD  221394 ;HR  8933 ;",0
353.120955,23.843609,197.2387,6.41,star K5,"HIP 116187 ;HD  221493 ;",0
357.162675,64.87645,168.6341,6.41,star A0sp...,"HIP 117430 ;HD  223358 ;HR  9017 ;",0
21.61395,-0.399034,250,6.42,star K0IV,"HIP 6717 ;HD  8779 ;HR  416 ;",0
21.861135,41.101158,53.2198,6.42,star Am...,"HIP 6794 ;HD  8801 ;HR  418 ;",0
27.9075,-6.874143,167.5042,6.42,star K0,"HIP 8664 ;HD  11365 ;",0
29.290035,-10.242427,32.8515,6.42,star G5,"HIP 9094 ;HD  11964 ;GL  Gl 81.1A ;",0
47.53683,27.819766,165.0165,6.42,star A0V,"HIP 14719 ;HD  19600 ;HR  945 ;",0
53.1624,44.855759,370.3704,6.42,star B2IV,"HIP 16516 ;HD  21803 ;HR  1072 ;",0
53.21463,-61.016872,143.472,6.42,star K0III,"HIP 16531 ;HD  22382 ;HR  1096 ;",0
66.060345,12.157987,190.1141,6.42,star K0,"HIP 20558 ;HD  27860 ;",0
72.73554,-53.459698,38.5356,6.42,star F0IV,"HIP 22534 ;HD  31204 ;HR  1564 ;BF  Iot Pic ;",0
74.037375,7.904696,59.9161,6.42,star F5,"HIP 22938 ;HD  31423 ;",0
75.967185,-14.370231,568.1818,6.42,star B2IV,"HIP 23551 ;HD  32612 ;HR  1640 ;",0
77.90964,29.90358,321.5434,6.42,star M2III,"HIP 24193 ;HD  33463 ;",0
79.171005,1.947328,166.6667,6.42,star A0V,"HIP 24607 ;HD  34317 ;HR  1724 ;",0
83.434725,-54.902289,55.7103,6.42,star F8V,"HIP 26079 ;HD  37226 ;HR  1912 ;",0
84.86295,21.762929,175.7469,6.42,star A1Vn,"HIP 26616 ;HD  37439 ;HR  1929 ;",0
89.940945,55.320857,101.3171,6.42,star A5m,"HIP 28385 ;HD  40062 ;HR  2079 ;",0
91.663245,63.453838,118.4834,6.42,star K0,"HIP 28951 ;HD  40956 ;HR  2126 ;",0
96.53979,-3.515691,173.0104,6.42,star G5,"HIP 30627 ;HD  45215 ;",0
102.88572,-48.292754,207.4689,6.42,star K2/K3III,"HIP 32918 ;HD  50621 ;HR  2563 ;",0
108.830865,-0.161283,138.5042,6.42,star G5III,"HIP 35080 ;HD  56003 ;HR  2744 ;BF  24    Mon ;",0
110.508555,-8.979377,100000,6.42,star O9V,"HIP 35707 ;HD  57682 ;HR  2806 ;",0
112.21932,46.314618,112.6126,6.42,star K0,"HIP 36351 ;HD  58681 ;",0
115.928835,-38.201879,199.6008,6.42,star B8IV,"HIP 37666 ;HD  62712 ;HR  3001 ;",0
117.384645,12.81425,180.1802,6.42,star K0,"HIP 38196 ;HD  63475 ;",0
119.52456,7.21353,231.4815,6.42,star A0V,"HIP 38945 ;HD  65241 ;HR  3103 ;",0
122.757015,-37.292372,980.3922,6.42,star B0III,"HIP 40063 ;HD  68450 ;HR  3219 ;",0
124.442295,-36.067591,961.5385,6.42,star M0III + A3/5,"HIP 40639 ;HD  69904 ;",0
124.56009,15.67792,143.8849,6.42,star K0,"HIP 40675 ;HD  69629 ;",0
125.683605,60.631236,119.9041,6.42,star K0III,"HIP 41060 ;HD  69976 ;HR  3263 ;",0
127.121475,-2.517126,74.5712,6.42,star A5m,"HIP 41564 ;HD  71663 ;HR  3337 ;",0
130.09203,19.669938,218.3406,6.42,star K0III,"HIP 42549 ;HD  73710 ;HR  3428 ;",0
130.737495,-35.943301,132.1004,6.42,star A0V,"HIP 42775 ;HD  74475 ;HR  3463 ;",0
132.060945,-28.6388,213.6752,6.42,star M5III,"HIP 43215 ;HD  75306 ;",0
132.156045,-1.044836,170.9402,6.42,star K0,"HIP 43246 ;HD  75217 ;",0
133.461495,-40.447542,373.1343,6.42,star K0II/III+..,"HIP 43673 ;HD  76304 ;HR  3548 ;",0
139.98234,74.016601,128.2051,6.42,star G8III,"HIP 45764 ;HD  79517 ;HR  3666 ;",0
147.840075,-6.181928,41.7711,6.42,star F8V,"HIP 48351 ;HD  85380 ;HR  3901 ;",0
150.3,-56.096559,222.7171,6.42,star B8,"HIP 49092 ;HD  87122 ;",0
151.09737,-39.975858,165.8375,6.42,star K1III,"HIP 49343 ;HD  87477 ;HR  3968 ;",0
153.338295,-61.658829,293.2551,6.42,star B2V,"HIP 50067 ;HD  88907 ;HR  4022 ;",0
154.744755,46.760778,216.9197,6.42,star K1III,"HIP 50509 ;HD  89268 ;HR  4044 ;",0
154.75296,24.712138,366.3004,6.42,star K0,"HIP 50516 ;HD  89344 ;HR  4048 ;",0
157.01607,48.784901,22.9095,6.42,star G1V,"HIP 51248 ;HD  90508 ;HR  4098 ;GL  Gl 392A ;",0
157.07613,-63.164565,357.1429,6.42,star B2/B3III:ne,"HIP 51265 ;HD  90966 ;",0
157.26543,-65.176244,204.0816,6.42,star M1III,"HIP 51327 ;HD  91094 ;",0
159.467775,34.078623,442.4779,6.42,star K0,"HIP 52032 ;HD  92000 ;",0
162.370035,63.810029,276.2431,6.42,star K0,"HIP 52929 ;HD  93551 ;",0
168.928155,-57.355882,193.7984,6.42,star A3V,"HIP 55003 ;HD  98025 ;",0
178.2423,37.718679,9.0917,6.42,star G8Vp,"Groombridge 1830 ;HIP 57939 ;HD  103095 ;HR  4550 ;GL  Gl 451A ;",0
179.529945,32.273907,47.0367,6.42,star A9V,"HIP 58369 ;HD  103928 ;HR  4574 ;",0
179.726565,-25.908857,322.5806,6.42,star A1IV/V,"HIP 58436 ;HD  104039 ;HR  4579 ;",0
191.96421,3.572716,178.8909,6.42,star M4III,"HIP 62443 ;HD  111239 ;HR  4858 ;BF  35    Vir ;",0
193.38381,19.481061,44.8029,6.42,star G5IV,"HIP 62904 ;HD  112060 ;",0
202.19091,50.718569,78.9889,6.42,star F0IV,"HIP 65754 ;HD  117361 ;HR  5083 ;",0
202.312155,-1.364428,154.0832,6.42,star K0III,"HIP 65796 ;HD  117267 ;HR  5078 ;",0
206.30598,10.325305,128.866,6.42,star K2,"HIP 67104 ;HD  119784 ;",0
206.560515,-54.683368,104.9318,6.42,star A1V,"HIP 67199 ;HD  119727 ;",0
209.49531,-25.998079,196.4637,6.42,star K1III,"HIP 68224 ;HD  121758 ;",0
212.880015,1.362399,44.4444,6.42,star F7V,"HIP 69340 ;HD  124115 ;HR  5307 ;",0
214.971675,-6.746167,101.626,6.42,star G5,"HIP 70038 ;HD  125490 ;",0
216.092355,-82.84825,296.7359,6.42,star B8V,"HIP 70418 ;HD  124639 ;HR  5327 ;",0
240.29466,-63.776538,425.5319,6.42,star F8II,"HIP 78476 ;HD  142941 ;HR  5939 ;",0
248.85954,17.057342,159.7444,6.42,star A2V,"HIP 81231 ;HD  149632 ;HR  6169 ;",0
258.615225,-39.76665,100000,6.42,star K0Ia,"HIP 84332 ;HD  155603 ;HR  6392 ;",0
260.65815,-35.910699,36.6435,6.42,star F8V,"HIP 85019 ;HD  157060 ;HR  6454 ;",0
261.73041,-25.943462,121.2121,6.42,star B9.5/A0V,"HIP 85391 ;HD  157864 ;HR  6490 ;",0
261.93366,8.442039,204.0816,6.42,star M4III,"HIP 85450 ;HD  158228 ;",0
263.062005,11.930047,135.318,6.42,star B9.5V,"HIP 85826 ;HD  159082 ;HR  6532 ;",0
270.115245,19.505786,346.0208,6.42,star B8Vn,"HIP 88172 ;HD  164447 ;HR  6720 ;",0
272.16078,-21.449562,444.4444,6.42,star A2/A3Iab,"HIP 88876 ;HD  165784 ;",0
278.347095,8.268251,558.6592,6.42,star B8IIIp SiSr:,"HIP 90971 ;HD  171247 ;HR  6967 ;",0
289.252185,-65.227702,235.8491,6.42,star B8/B9V,"HIP 94770 ;HD  179419 ;",0
290.657205,-51.231276,71.9942,6.42,star F0V,"HIP 95239 ;HD  181295 ;",0
295.517265,55.463222,316.4557,6.42,star M5IIIa,"HIP 96919 ;HD  186532 ;HR  7509 ;",0
297.210825,33.437283,100000,6.42,star B0.5Ibvar,"HIP 97485 ;HD  187459 ;HR  7551 ;",0
308.49969,4.898664,290.6977,6.42,star K0,"HIP 101489 ;HD  195909 ;",0
308.69745,-30.473472,179.8561,6.42,star B8V,"HIP 101552 ;HD  195843 ;HR  7856 ;",0
312.69645,-32.054604,198.4127,6.42,star K5III,"HIP 102901 ;HD  198356 ;HR  7970 ;",0
313.001625,32.848894,531.9149,6.42,star B3III,"HIP 102993 ;HD  198820 ;HR  7996 ;",0
319.328295,58.611485,840.3361,6.42,star B2III,"HIP 105091 ;HD  203025 ;HR  8153 ;",0
322.24965,17.905909,145.1379,6.42,star K5,"HIP 106064 ;HD  204560 ;HR  8221 ;",0
323.01201,-84.810069,208.3333,6.42,star K3III,"HIP 106320 ;HD  202418 ;HR  8129 ;",0
323.720835,-29.696117,364.9635,6.42,star B8IIIw,"HIP 106564 ;HD  205265 ;HR  8244 ;",0
335.68416,-45.947944,163.1321,6.42,star S57:,"HIP 110478 ;HD  212087 ;HR  8521 ;BF  Pi 1Gru ;",0
339.15138,11.696636,125.1564,6.42,star A1III,"HIP 111601 ;HD  214203 ;HR  8605 ;",0
346.003245,6.616338,88.6525,6.42,star F2V,"HIP 113904 ;HD  217926 ;HR  8776 ;",0
318.69831,38.045192,20.9205,6.42,star G0 V,"GL  Gl 822.1B ;",0
0.09957,26.918108,74.6269,6.43,star F7.5IV-V,"HIP 34 ;HD  224758 ;HR  9078 ;",0
1.9338,-2.548679,183.4862,6.43,star B8IIIsp...,"HIP 635 ;HD  315 ;HR  11 ;",0
3.978585,61.000172,132.9787,6.43,star G8III...,"HIP 1269 ;HD  1142 ;",0
5.76831,-15.942556,337.8378,6.43,star M0III,"HIP 1821 ;HD  1879 ;",0
9.156735,-65.124445,211.8644,6.43,star K2/K3III,"HIP 2889 ;HD  3444 ;HR  160 ;",0
9.37704,3.135351,223.2143,6.43,star K4III,"HIP 2954 ;HD  3457 ;HR  161 ;",0
9.703245,-25.107819,273.9726,6.43,star K4III,"HIP 3056 ;HD  3605 ;",0
21.847125,-22.338232,128.3697,6.43,star K0/K1III,"HIP 6789 ;HD  8896 ;",0
23.96073,-39.947126,38.1825,6.43,star F3/F5V,"HIP 7443 ;HD  9895 ;",0
24.46695,-3.440678,251.8892,6.43,star K5,"HIP 7597 ;HD  10024 ;",0
28.83195,-60.312484,55.5864,6.43,star F2V,"HIP 8957 ;HD  11944 ;",0
31.05195,-11.85977,404.8583,6.43,star K4III,"HIP 9655 ;HD  12702 ;",0
33.423375,58.560586,100000,6.43,star A3Iab,"HIP 10379 ;HD  13476 ;HR  641 ;",0
33.473145,-9.06463,314.4654,6.43,star K0,"HIP 10396 ;HD  13763 ;",0
53.754255,60.041429,53.3618,6.43,star F5V,"HIP 16712 ;HD  21903 ;HR  1077 ;",0
56.51208,24.527898,116.5501,6.43,star A0Vn,"HIP 17588 ;HD  23441 ;HR  1152 ;BF  22    Tau ;",0
62.691135,-35.273787,263.1579,6.43,star K2IIIp...,"HIP 19509 ;HD  26575 ;HR  1299 ;",0
73.377045,-66.675413,366.3004,6.43,star M0/M1III,"HIP 22737 ;HD  31754 ;HR  1598 ;",0
77.402715,69.639401,120.6273,6.43,star K1III,"HIP 24003 ;HD  32518 ;HR  1636 ;",0
80.182335,2.54478,144.0922,6.43,star G8IV,"HIP 24960 ;HD  34878 ;",0
84.57258,-50.640995,154.0832,6.43,star A0V,"HIP 26515 ;HD  37781 ;",0
93.302085,10.627144,17.9501,6.43,star G8V,"HIP 29525 ;HD  42807 ;HR  2208 ;GL  Gl 230 ;",0
96.898005,32.562946,184.8429,6.43,star K0,"HIP 30741 ;HD  45192 ;HR  2319 ;",0
99.881175,24.600162,32.7761,6.43,star F8IV,"HIP 31850 ;HD  47415 ;HR  2439 ;",0
101.216475,-27.341666,27.137,6.43,star F7V,"HIP 32322 ;HD  48938 ;HR  2493 ;GL  Gl 243 ;",0
107.52786,21.246985,45.8295,6.43,star G9V,"HIP 34608 ;HD  54563 ;HR  2692 ;",0
110.617995,0.700831,71.3776,6.43,star G5,"HIP 35751 ;HD  57707 ;",0
115.08756,-11.752552,191.9386,6.43,star K2,"HIP 37375 ;HD  61750 ;",0
117.75033,-24.528557,140.4494,6.43,star B9.5V,"HIP 38316 ;HD  64042 ;HR  3060 ;",0
123.960465,60.380602,151.2859,6.43,star A7Vm,"HIP 40474 ;HD  68457 ;HR  3221 ;",0
124.49283,-30.003697,138.5042,6.43,star K0III,"HIP 40656 ;HD  69879 ;HR  3261 ;",0
127.082445,-8.81628,253.1646,6.43,star K0,"HIP 41547 ;HD  71665 ;HR  3338 ;",0
132.03657,-42.463446,483.0918,6.43,star B2IV,"HIP 43209 ;HD  75387 ;HR  3501 ;",0
133.27215,-16.952471,139.0821,6.43,star K1III,"HIP 43623 ;HD  76027 ;",0
136.199925,-57.852573,307.6923,6.43,star A8III,"HIP 44565 ;HD  78293 ;HR  3622 ;",0
143.076645,-28.627769,84.4595,6.43,star F3V,"HIP 46810 ;HD  82610 ;HR  3798 ;",0
143.282025,-39.129073,74.9625,6.43,star F2IV/V,"HIP 46874 ;HD  82785 ;HR  3812 ;",0
149.432925,-1.94175,106.7236,6.43,star G5,"HIP 48839 ;HD  86341 ;",0
151.035135,3.201055,56.0224,6.43,star F4V,"HIP 49329 ;HD  87301 ;HR  3961 ;BF  13    Sex ;",0
152.909205,13.355114,64.5995,6.43,star F7V,"HIP 49929 ;HD  88355 ;HR  3998 ;BF  34    Leo ;",0
159.31716,-53.85526,438.5965,6.43,star B3Vn,"HIP 51984 ;HD  92155 ;",0
161.134965,-70.855255,100.6036,6.43,star A6IV,"HIP 52537 ;HD  93359 ;HR  4212 ;",0
167.991015,-26.806114,138.6963,6.43,star K0III,"HIP 54703 ;HD  97344 ;",0
170.455485,57.074857,80.8407,6.43,star A7Vn,"HIP 55485 ;HD  98673 ;HR  4388 ;",0
170.487765,-77.608369,74.239,6.43,star A5III/IV,"HIP 55497 ;HD  99015 ;HR  4397 ;",0
173.745435,-4.361291,174.8252,6.43,star K0,"HIP 56500 ;HD  100659 ;",0
190.859415,-40.177849,68.6342,6.43,star A7III,"HIP 62081 ;HD  110575 ;HR  4836 ;",0
191.97354,-24.851659,226.7574,6.43,star B8V,"HIP 62448 ;HD  111226 ;HR  4857 ;",0
192.57204,22.863408,108.4599,6.43,star K0III,"HIP 62653 ;HD  111591 ;HR  4873 ;",0
196.20738,73.024976,120.1923,6.43,star F0V,"HIP 63822 ;HD  113889 ;HR  4950 ;",0
196.37832,-52.11566,310.559,6.43,star M1III,"HIP 63883 ;HD  113602 ;HR  4939 ;",0
197.085405,-78.44603,123.4568,6.43,star A0V,"HIP 64108 ;HD  113694 ;",0
199.134435,19.785289,85.3971,6.43,star F0V,"HIP 64779 ;HD  115365 ;HR  5010 ;",0
205.727655,-50.790236,259.7403,6.43,star M0III,"HIP 66923 ;HD  119193 ;HR  5152 ;",0
207.437235,36.632823,62.461,6.43,star A7IV-V,"HIP 67483 ;HD  120600 ;HR  5204 ;",0
207.580815,-39.900855,112.6126,6.43,star K1III,"HIP 67537 ;HD  120457 ;HR  5198 ;",0
207.83484,-24.390368,19.4742,6.43,star G5V,"HIP 67620 ;HD  120690 ;HR  5209 ;GL  Gl 530 ;",0
211.735215,74.593781,130.8901,6.43,star A7V,"HIP 68956 ;HD  124063 ;HR  5305 ;BF  3    UMi ;",0
211.920075,-48.704026,93.633,6.43,star B9V,"HIP 69011 ;HD  123247 ;",0
216.170085,-44.311134,159.4896,6.43,star K0/K1III,"HIP 70451 ;HD  126093 ;",0
221.54535,-21.175966,41.2541,6.43,star G2V,"HIP 72217 ;HD  129980 ;HR  5504 ;",0
232.24443,-28.866891,58.6166,6.43,star G0V,"HIP 75790 ;HD  137798 ;",0
242.358285,55.828975,131.0616,6.43,star K0,"HIP 79164 ;HD  145694 ;HR  6038 ;",0
242.48031,-18.34062,46.5116,6.43,star F3V,"HIP 79203 ;HD  145100 ;HR  6012 ;",0
248.782305,-45.244366,177.305,6.43,star K2/K3III,"HIP 81198 ;HD  149174 ;HR  6160 ;",0
255.443145,-51.131026,104.4932,6.43,star A7V,"HIP 83321 ;HD  153370 ;HR  6312 ;",0
259.94376,2.139539,155.521,6.43,star M5III,"HIP 84780 ;HD  156860 ;",0
262.667535,38.882202,290.6977,6.43,star F6III,"HIP 85688 ;HD  159026 ;HR  6531 ;",0
262.94733,-33.703158,112.1076,6.43,star K2III,"HIP 85786 ;HD  158619 ;HR  6517 ;",0
267.993585,15.326372,234.192,6.43,star K0III,"HIP 87427 ;HD  162734 ;HR  6665 ;",0
273.46758,2.393465,286.533,6.43,star K2,"HIP 89347 ;HD  167162 ;",0
276.9255,59.549112,122.1001,6.43,star K0IV,"HIP 90476 ;HD  170811 ;HR  6949 ;",0
280.00803,30.849471,164.2036,6.43,star K0,"HIP 91533 ;HD  172631 ;HR  7016 ;",0
284.80122,39.217321,292.3977,6.43,star B5IV,"HIP 93210 ;HD  176582 ;HR  7185 ;",0
294.29007,29.3337,375.9398,6.43,star B5V,"HIP 96503 ;HD  185268 ;HR  7466 ;",0
295.311045,22.452773,523.5602,6.43,star K0Iab:,"HIP 96856 ;HD  186021 ;HR  7490 ;",0
296.172075,8.726538,148.1481,6.43,star K0,"HIP 97144 ;HD  186535 ;",0
301.95987,9.399833,39.3701,6.43,star F3V,"HIP 99158 ;HD  191104 ;HR  7693 ;",0
307.49967,45.928556,129.3661,6.43,star K2+...,"HIP 101133 ;HD  195506 ;HR  7841 ;",0
310.188075,19.935536,20.9468,6.43,star G5V,"HIP 102040 ;HD  197076 ;HR  7914 ;GL  Gl 797A ;",0
319.63512,61.184393,311.5265,6.43,star M3,"HIP 105193 ;HD  203265 ;",0
322.95897,23.845179,137.931,6.43,star G8Ib,"HIP 106306 ;HD  205011 ;",0
323.13858,-24.590418,67.9348,6.43,star A7V,"HIP 106363 ;HD  204943 ;HR  8235 ;",0
323.323395,-52.737773,300.3003,6.43,star K4III,"HIP 106419 ;HD  204873 ;HR  8233 ;",0
325.99212,22.815289,177.9359,6.43,star K2,"HIP 107297 ;HD  206793 ;",0
328.61061,80.308559,226.7574,6.43,star M3,"HIP 108133 ;HD  209111 ;",0
332.49108,-48.107661,198.0198,6.43,star K3III,"HIP 109408 ;HD  210204 ;HR  8440 ;",0
337.72404,-26.073752,132.4503,6.43,star K1III,"HIP 111138 ;HD  213296 ;HR  8570 ;BF  Zet PsA ;",0
338.147805,20.230019,50.2513,6.43,star F1V,"HIP 111278 ;HD  213617 ;HR  8586 ;BF  39    Peg ;",0
340.73103,37.802735,321.5434,6.43,star B1V,"HIP 112144 ;HD  215191 ;HR  8651 ;",0
341.20467,52.517208,291.5452,6.43,star K2,"HIP 112300 ;HD  215518 ;HR  8661 ;",0
344.646165,9.356859,32.5627,6.43,star G2V+...,"HIP 113445 ;HD  217166 ;HR  8737 ;",0
345.54717,44.572858,121.0654,6.43,star K0,"HIP 113750 ;HD  217731 ;",0
345.838995,58.563854,87.3362,6.43,star G8IV,"HIP 113852 ;HD  217944 ;HR  8778 ;",0
346.2762,16.562837,36.2188,6.43,star G8IV,"HIP 113994 ;HD  218101 ;HR  8784 ;",0
347.45646,-14.510552,104.2753,6.43,star A0V,"HIP 114371 ;HD  218639 ;HR  8816 ;",0
348.051855,-80.9127,227.2727,6.43,star K4III,"HIP 114550 ;HD  218559 ;HR  8810 ;",0
351.647805,-21.740836,116.9591,6.43,star K0III,"HIP 115709 ;HD  220766 ;",0
352.2534,-44.498068,161.2903,6.43,star K2III,"HIP 115907 ;HD  221051 ;HR  8920 ;",0
355.561125,44.991715,227.2727,6.43,star K5III,"HIP 116941 ;HD  222641 ;HR  8986 ;",0
6.87945,16.025483,117.2333,6.44,star A5,"HIP 2178 ;HD  2358 ;",0
7.08792,-20.335051,32.1958,6.44,star G3V,"HIP 2237 ;HD  2475 ;HR  108 ;",0
13.301895,-24.776876,73.5835,6.44,star F3V,"HIP 4164 ;HD  5156 ;HR  251 ;",0
14.331525,61.421895,198.8072,6.44,star G8IV,"HIP 4475 ;HD  5459 ;",0
16.135755,-33.532845,163.6661,6.44,star K0III,"HIP 5042 ;HD  6403 ;",0
16.9986,1.993042,48.4731,6.44,star K0IV,"HIP 5315 ;HD  6734 ;",0
18.4386,7.578261,93.985,6.44,star F7V,"HIP 5743 ;HD  7345 ;HR  362 ;BF  86Zet Psc ;",0
19.69587,37.386275,128.5347,6.44,star A5m,"HIP 6140 ;HD  7853 ;HR  379 ;",0
21.598305,20.070804,95.3289,6.44,star K0,"HIP 6714 ;HD  8733 ;",0
23.71383,-3.523889,343.6426,6.44,star K0,"HIP 7362 ;HD  9690 ;",0
27.859815,-39.835935,161.8123,6.44,star K1IIICN...,"HIP 8641 ;HD  11421 ;",0
27.942075,-15.64748,355.8719,6.44,star M2III,"HIP 8688 ;HD  11396 ;",0
28.452045,55.597639,70.8215,6.44,star A5m,"HIP 8847 ;HD  11408 ;HR  540 ;",0
31.21254,7.735664,127.8772,6.44,star K0,"HIP 9706 ;HD  12730 ;",0
34.84461,48.955463,63.9795,6.44,star F4V,"HIP 10830 ;HD  14221 ;HR  673 ;",0
42.647055,36.948328,55.7103,6.44,star G0,"HIP 13257 ;HD  17605 ;",0
49.297725,40.482979,197.6285,6.44,star B9p,"HIP 15282 ;HD  20283 ;HR  979 ;",0
57.027255,24.988416,165.8375,6.44,star K5,"HIP 17759 ;HD  23712 ;",0
66.40548,15.94101,47.1698,6.44,star F7V,"HIP 20661 ;HD  27991 ;HR  1391 ;BF  70    Tau ;",0
81.402075,-1.491294,225.2252,6.44,star B3V,"HIP 25368 ;HD  35575 ;",0
83.140605,57.221071,42.6985,6.44,star F8V,"HIP 25973 ;HD  36066 ;HR  1828 ;BF  18    Cam ;",0
84.786255,41.358562,78.0031,6.44,star K0,"HIP 26592 ;HD  37250 ;",0
89.20419,-31.976247,240.9639,6.44,star G8III,"HIP 28138 ;HD  40359 ;HR  2098 ;",0
94.07838,-59.213504,37.4251,6.44,star G1V,"HIP 29788 ;HD  44120 ;HR  2274 ;GL  Wo 9209A ;",0
97.549245,-19.214889,322.5806,6.44,star M0/M1III,"HIP 30988 ;HD  46037 ;",0
98.29266,-38.62519,150.6024,6.44,star G8III,"HIP 31241 ;HD  46727 ;HR  2407 ;",0
98.692995,7.572482,115.4734,6.44,star A0Vs,"HIP 31385 ;HD  46642 ;HR  2404 ;BF  14    Mon ;",0
99.363705,24.590851,121.9512,6.44,star A3V,"HIP 31650 ;HD  47020 ;HR  2417 ;",0
105.564495,-43.40387,134.9528,6.44,star A0V,"HIP 33909 ;HD  53253 ;HR  2658 ;",0
105.9894,-10.123765,413.2231,6.44,star B9IIIn,"HIP 34066 ;HD  53240 ;HR  2656 ;",0
113.464665,51.314147,327.8689,6.44,star K0,"HIP 36779 ;HD  59721 ;",0
119.58936,-51.448472,144.7178,6.44,star A8/A9IV,"HIP 38963 ;HD  65867 ;HR  3133 ;",0
122.55462,25.844481,259.0674,6.44,star K0,"HIP 40007 ;HD  67690 ;",0
123.846915,-50.449222,248.7562,6.44,star K3/K4III,"HIP 40433 ;HD  69596 ;HR  3256 ;",0
124.872975,-34.590137,235.2941,6.44,star B8Ib/II,"HIP 40787 ;HD  70235 ;HR  3273 ;",0
126.414015,-17.439405,215.5172,6.44,star K1III,"HIP 41306 ;HD  71231 ;HR  3317 ;",0
127.374195,-54.211761,223.7136,6.44,star Ap Si,"HIP 41644 ;HD  72303 ;",0
128.80218,-39.970452,36.4431,6.44,star G1V,"HIP 42123 ;HD  73121 ;HR  3404 ;",0
136.67979,59.34452,421.9409,6.44,star A2V,"HIP 44717 ;HD  77692 ;HR  3608 ;",0
146.85819,11.568165,84.674,6.44,star A7Vn,"HIP 48029 ;HD  84722 ;HR  3880 ;BF  19    Leo ;",0
163.13367,52.503605,96.9932,6.44,star K2III,"HIP 53157 ;HD  94084 ;HR  4242 ;",0
165.15117,-53.111831,122.2494,6.44,star K3III,"HIP 53811 ;HD  95509 ;",0
165.816915,-31.960849,214.1328,6.44,star M2/M3III,"HIP 54030 ;HD  95857 ;HR  4307 ;",0
165.86406,70.03074,238.0952,6.44,star K0,"HIP 54038 ;HD  95572 ;",0
166.892235,-48.639982,173.0104,6.44,star K3III,"HIP 54380 ;HD  96660 ;",0
169.41195,-34.737348,47.4608,6.44,star F3V,"HIP 55164 ;HD  98221 ;HR  4373 ;",0
171.994455,-35.328849,358.4229,6.44,star K4/K5III,"HIP 55953 ;HD  99712 ;HR  4420 ;",0
175.28511,-29.196274,43.2526,6.44,star G2III/IV,"HIP 57001 ;HD  101563 ;HR  4498 ;GL  NN 3680 ;",0
180.935535,-74.214096,346.0208,6.44,star G6III,"HIP 58810 ;HD  104752 ;HR  4601 ;",0
184.758435,26.008349,85.6898,6.44,star Am,"HIP 60066 ;HD  107131 ;HR  4684 ;",0
194.578605,64.925533,333.3333,6.44,star K0,"HIP 63297 ;HD  112826 ;",0
196.27779,-47.11691,101.0101,6.44,star F5III,"HIP 63849 ;HD  113537 ;",0
200.98785,-20.924587,156.0062,6.44,star K1/K2III/IV,"HIP 65381 ;HD  116429 ;",0
201.127215,12.431832,190.8397,6.44,star K0III,"HIP 65417 ;HD  116594 ;HR  5053 ;",0
206.066715,-51.012454,119.0476,6.44,star A0p,"HIP 67036 ;HD  119419 ;HR  5158 ;",0
214.08909,-6.621544,64.2674,6.44,star A9III,"HIP 69727 ;HD  124915 ;HR  5341 ;",0
221.32848,-51.314927,392.1569,6.44,star K4III,"HIP 72135 ;HD  129624 ;",0
222.875265,-77.17597,255.102,6.44,star Ap...,"HIP 72670 ;HD  129899 ;",0
227.89503,-45.277459,156.4945,6.44,star K1III,"HIP 74336 ;HD  134444 ;HR  5642 ;",0
229.229175,-46.202355,56.6251,6.44,star F6V,"HIP 74775 ;HD  135468 ;",0
231.634095,54.020294,123.0012,6.44,star A2IV,"HIP 75587 ;HD  137928 ;HR  5748 ;",0
232.33032,-38.634999,60.5327,6.44,star F2V,"HIP 75818 ;HD  137785 ;",0
247.525215,48.96109,101.4199,6.44,star A1V,"HIP 80809 ;HD  149081 ;HR  6156 ;BF  34    Her ;",0
249.698865,-8.61861,223.7136,6.44,star K5,"HIP 81499 ;HD  150052 ;",0
257.00289,31.206189,458.7156,6.44,star K2,"HIP 83834 ;HD  155061 ;",0
261.252465,67.306705,12.8025,6.44,star K0V,"HIP 85235 ;HD  158633 ;HR  6518 ;GL  Gl 675 ;",0
261.491145,-1.651777,61.8429,6.44,star F3V,"HIP 85307 ;HD  157856 ;HR  6489 ;",0
265.778595,-33.051289,460.8295,6.44,star M1III,"HIP 86716 ;HD  160748 ;HR  6587 ;",0
267.32934,1.961413,115.6069,6.44,star K0III,"HIP 87224 ;HD  162113 ;HR  6639 ;",0
285.267915,-37.061555,234.7418,6.44,star B9.5IV:,"HIP 93371 ;HD  176270 ;HR  7170 ;",0
285.455955,22.264412,123.7624,6.44,star A4V,"HIP 93443 ;HD  176971 ;HR  7207 ;",0
287.217915,-55.720425,121.5067,6.44,star K1IV,"HIP 94054 ;HD  177693 ;HR  7233 ;",0
287.415645,-39.827238,121.6545,6.44,star K0III,"HIP 94130 ;HD  178254 ;HR  7255 ;",0
291.02523,36.452094,121.6545,6.44,star K1III,"HIP 95370 ;HD  182635 ;HR  7376 ;",0
294.420075,35.022536,657.8947,6.44,star K5,"HIP 96546 ;HD  185435 ;",0
297.12714,10.6941,375.9398,6.44,star F8Ib-II,"HIP 97454 ;HD  187203 ;HR  7542 ;",0
297.472575,-66.813069,308.642,6.44,star K4III,"HIP 97569 ;HD  186584 ;HR  7513 ;",0
299.48382,42.260771,325.7329,6.44,star A3V,"HIP 98253 ;HD  189377 ;HR  7638 ;",0
300.934635,-22.595595,61.1247,6.44,star F7V,"HIP 98785 ;HD  190009 ;HR  7658 ;",0
304.025025,4.580795,65.6168,6.44,star G5,"HIP 99894 ;HD  192699 ;",0
306.270855,59.600097,251.2563,6.44,star A3III,"HIP 100714 ;HD  194882 ;HR  7818 ;",0
306.80913,20.476485,434.7826,6.44,star K0,"HIP 100876 ;HD  194841 ;",0
313.49328,-6.889461,66.7557,6.44,star F1IV,"HIP 103154 ;HD  198949 ;HR  7998 ;",0
317.492775,2.943681,75.2445,6.44,star F5IV,"HIP 104481 ;HD  201507 ;HR  8095 ;",0
326.435415,35.857311,151.5152,6.44,star G8III,"HIP 107445 ;HD  207088 ;HR  8320 ;",0
332.50062,-28.292435,128.041,6.44,star A5V,"HIP 109412 ;HD  210300 ;HR  8446 ;",0
335.779245,55.96323,100000,6.44,star G8Iavar,"HIP 110504 ;HD  212466 ;",0
345.43158,3.53091,126.2626,6.44,star G5,"HIP 113705 ;HD  217590 ;",0
346.63281,19.910853,27.9486,6.44,star F7V,"HIP 114096 ;HD  218261 ;HR  8792 ;",0
349.31937,45.164167,77.5194,6.44,star K0IV,"HIP 114981 ;HD  219668 ;HR  8857 ;",0
353.983095,24.561012,278.5515,6.44,star M1III,"HIP 116465 ;HD  221905 ;HR  8953 ;",0
355.77102,51.939335,163.9344,6.44,star K0,"HIP 116991 ;HD  222748 ;",0
357.456645,-25.331336,98.3284,6.44,star A3V,"HIP 117510 ;HD  223466 ;HR  9026 ;",0
9.013155,-14.973035,115.3403,6.45,star K0III,"HIP 2846 ;HD  3325 ;HR  150 ;",0
26.18199,-6.766164,189.3939,6.45,star G0,"HIP 8143 ;HD  10725 ;",0
31.146195,-54.881689,47.7555,6.45,star F2V,"HIP 9685 ;HD  12894 ;",0
34.188765,83.561414,129.199,6.45,star K0,"HIP 10623 ;HD  12918 ;",0
34.741455,23.167815,93.4579,6.45,star A7V,"HIP 10795 ;HD  14262 ;HR  676 ;",0
36.08382,-25.847459,188.6792,6.45,star K3III,"HIP 11212 ;HD  14988 ;HR  703 ;",0
36.84747,10.198326,37.2439,6.45,star F5V,"HIP 11427 ;HD  15228 ;",0
36.999705,1.960846,166.6667,6.45,star K0III,"HIP 11474 ;HD  15328 ;HR  719 ;",0
41.879805,44.272198,462.963,6.45,star F5,"HIP 13036 ;HD  17245 ;",0
42.362145,37.326411,96.6184,6.45,star F6III-IV,"HIP 13176 ;HD  17484 ;HR  831 ;",0
53.38416,58.76524,154.5595,6.45,star A4III,"HIP 16587 ;HD  21769 ;HR  1068 ;",0
56.02656,-40.660289,96.8992,6.45,star K1III,"HIP 17436 ;HD  23508 ;HR  1157 ;",0
56.40456,38.676262,135.8696,6.45,star K0,"HIP 17558 ;HD  23301 ;",0
62.983905,-8.837485,158.4786,6.45,star G5,"HIP 19590 ;HD  26584 ;",0
63.40896,-1.149737,220.2643,6.45,star B5IV,"HIP 19725 ;HD  26739 ;HR  1312 ;",0
65.406315,-6.284172,210.5263,6.45,star A0,"HIP 20360 ;HD  27660 ;",0
69.76791,-51.672752,214.1328,6.45,star K2III,"HIP 21666 ;HD  29805 ;HR  1498 ;",0
75.5001,1.608865,187.2659,6.45,star B8V,"HIP 23419 ;HD  32273 ;HR  1619 ;",0
79.044,-11.352553,228.3105,6.45,star G0,"HIP 24560 ;HD  34318 ;",0
80.84529,28.936761,162.6016,6.45,star B9Vs,"HIP 25192 ;HD  35076 ;HR  1768 ;BF  22    Aur ;",0
83.510295,-7.02375,160.7717,6.45,star K0,"HIP 26104 ;HD  36814 ;",0
84.73905,26.618068,105.5966,6.45,star G9III,"HIP 26571 ;HD  37329 ;HR  1921 ;",0
93.24822,6.016258,182.4818,6.45,star M...,"HIP 29509 ;HD  42787 ;",0
96.11076,-63.428929,31.7561,6.45,star G3III/IV,"HIP 30480 ;HD  45701 ;HR  2354 ;",0
98.636655,55.353042,295.858,6.45,star K0III:,"HIP 31359 ;HD  46101 ;HR  2376 ;BF  7    Lyn ;",0
100.33707,28.196638,632.9114,6.45,star G5Ib,"HIP 32019 ;HD  47731 ;HR  2453 ;BF  25    Gem ;",0
101.67363,-54.695028,127.2265,6.45,star G6III,"HIP 32477 ;HD  49705 ;HR  2524 ;",0
109.45005,-26.797556,296.7359,6.45,star B5Vn,"HIP 35326 ;HD  56876 ;HR  2774 ;",0
110.02851,15.142928,208.7683,6.45,star A2Vn,"HIP 35548 ;HD  57049 ;HR  2780 ;",0
117.67713,-44.579945,167.2241,6.45,star G6III,"HIP 38292 ;HD  64181 ;HR  3069 ;",0
118.80771,-30.917643,270.2703,6.45,star K4III,"HIP 38686 ;HD  64974 ;HR  3096 ;",0
120.26418,-6.419195,69.2521,6.45,star G5,"HIP 39198 ;HD  65938 ;",0
123.713505,-46.485892,617.284,6.45,star B3Vnne,"HIP 40397 ;HD  69404 ;",0
124.22481,84.057642,147.2754,6.45,star A3IV,"HIP 40559 ;HD  65299 ;HR  3108 ;",0
124.773285,-48.197853,288.1844,6.45,star B3V,"HIP 40749 ;HD  70309 ;",0
129.68673,-53.090381,160.5136,6.45,star B8Vn,"HIP 42400 ;HD  73952 ;HR  3435 ;",0
131.395275,4.664376,163.3987,6.45,star K0,"HIP 42981 ;HD  74685 ;",0
139.23771,-11.103111,112.1076,6.45,star K0,"HIP 45543 ;HD  79994 ;",0
141.154725,-70.075779,214.1328,6.45,star K1III,"HIP 46143 ;HD  81896 ;",0
144.441405,-3.170642,140.4494,6.45,star K0,"HIP 47242 ;HD  83352 ;",0
146.341695,-30.20275,100000,6.45,star B0IV,"HIP 47868 ;HD  84567 ;HR  3878 ;",0
147.758265,13.066239,369.0037,6.45,star M0III,"HIP 48324 ;HD  85268 ;HR  3896 ;BF  23    Leo ;",0
151.98597,-62.221416,210.5263,6.45,star Ap Si,"HIP 49642 ;HD  88158 ;",0
153.158205,-19.15304,41.3223,6.45,star F7V,"HIP 50013 ;HD  88595 ;HR  4005 ;",0
155.06178,53.779391,31.1429,6.45,star F9V,"HIP 50606 ;HD  89389 ;HR  4051 ;",0
155.86821,-0.902244,77.4593,6.45,star G5,"HIP 50887 ;HD  90043 ;",0
160.96776,-60.117783,100000,6.45,star WN7 + A,"HIP 52488 ;HD  93131 ;",0
163.389225,-56.420501,100000,6.45,star K2III,"HIP 53260 ;HD  94508 ;",0
163.798215,-20.664963,179.2115,6.45,star K1III,"HIP 53387 ;HD  94619 ;HR  4261 ;",0
172.313085,-63.553937,100000,6.45,star B2Ia,"HIP 56050 ;HD  99953 ;",0
173.765655,20.441545,122.2494,6.45,star G9III,"HIP 56508 ;HD  100655 ;HR  4459 ;",0
193.408845,-4.224662,98.912,6.45,star K0,"HIP 62915 ;HD  112048 ;HR  4896 ;",0
203.143635,-29.565263,50.5306,6.45,star F5IV,"HIP 66060 ;HD  117718 ;HR  5098 ;",0
207.615645,58.539458,76.864,6.45,star A3V,"HIP 67548 ;HD  120874 ;HR  5216 ;",0
211.923075,-49.867607,46.5333,6.45,star G3V,"HIP 69012 ;HD  123227 ;",0
212.252475,-10.334546,127.2265,6.45,star G8III,"HIP 69127 ;HD  123630 ;HR  5298 ;BF  96    Vir ;",0
213.64836,13.975451,144.0922,6.45,star K2,"HIP 69585 ;HD  124678 ;",0
215.036115,30.429128,92.9368,6.45,star A5III,"HIP 70051 ;HD  125658 ;HR  5374 ;",0
219.36861,2.277238,74.7943,6.45,star F8,"HIP 71510 ;HD  128563 ;",0
224.80803,-37.881234,162.6016,6.45,star B8V,"HIP 73341 ;HD  132238 ;HR  5579 ;",0
232.236765,55.194937,93.8967,6.45,star A3m,"HIP 75788 ;HD  138338 ;HR  5759 ;",0
232.594875,31.285932,168.6341,6.45,star A4IV,"HIP 75919 ;HD  138341 ;HR  5760 ;",0
234.667005,-8.79149,26.6241,6.45,star F6V,"HIP 76603 ;HD  139461 ;HR  5816 ;",0
234.789675,57.924426,140.8451,6.45,star K1III,"HIP 76651 ;HD  140117 ;HR  5841 ;",0
235.048335,-70.227883,78.4929,6.45,star A5V,"HIP 76736 ;HD  138965 ;HR  5792 ;",0
243.41082,-1.475133,101.5228,6.45,star K0,"HIP 79522 ;HD  145936 ;",0
245.986335,-33.199396,110.1322,6.45,star A0V+...,"HIP 80324 ;HD  147553 ;HR  6097 ;",0
247.088145,67.044,206.1856,6.45,star M0,"HIP 80682 ;HD  149198 ;",0
252.65034,-50.044946,161.5509,6.45,star A5+...,"HIP 82418 ;HD  151566 ;HR  6236 ;",0
256.27059,43.812238,156.7398,6.45,star A3IV,"HIP 83593 ;HD  154713 ;HR  6362 ;",0
270.39252,-85.214828,67.5676,6.45,star F4V,"HIP 88274 ;HD  159517 ;HR  6552 ;",0
274.532205,23.296907,497.5124,6.45,star K5,"HIP 89683 ;HD  168323 ;HR  6854 ;",0
276.13803,-49.652879,28.2805,6.45,star G2V,"HIP 90223 ;HD  168871 ;",0
280.050825,38.367195,146.1988,6.45,star A6m,"HIP 91552 ;HD  172741 ;HR  7019 ;",0
280.81905,39.300066,383.1418,6.45,star K5,"HIP 91820 ;HD  173383 ;HR  7041 ;",0
284.113485,-31.689025,205.7613,6.45,star K2III,"HIP 92972 ;HD  175390 ;",0
286.291005,49.923166,185.1852,6.45,star K3III,"HIP 93733 ;HD  178208 ;HR  7252 ;",0
297.478005,28.439674,606.0606,6.45,star B5V,"HIP 97572 ;HD  187640 ;HR  7556 ;",0
300.911655,22.941058,147.4926,6.45,star K2,"HIP 98772 ;HD  190322 ;",0
302.085315,-66.354691,333.3333,6.45,star K5III,"HIP 99200 ;HD  190222 ;HR  7663 ;",0
306.504855,19.865494,180.1802,6.45,star K0III,"HIP 100779 ;HD  194616 ;HR  7813 ;",0
308.73114,-38.08989,66.7557,6.45,star A5m...,"HIP 101558 ;HD  195814 ;HR  7853 ;",0
309.750765,56.00485,129.5337,6.45,star F2Vn,"HIP 101900 ;HD  197101 ;HR  7916 ;",0
312.32247,64.042257,662.2517,6.45,star B0.5V,"HIP 102771 ;HD  198781 ;HR  7993 ;",0
316.935495,-45.379469,95.511,6.45,star A9V,"HIP 104296 ;HD  200887 ;",0
318.904905,47.973995,452.4887,6.45,star B4IV,"HIP 104962 ;HD  202654 ;HR  8136 ;",0
319.07406,-9.214656,507.6142,6.45,star M4III:,"HIP 105019 ;HD  202466 ;",0
320.208525,32.452221,65.6168,6.45,star G8IV,"HIP 105390 ;HD  203358 ;HR  8166 ;",0
321.46494,0.53434,74.239,6.45,star A1IV,"HIP 105819 ;HD  204041 ;HR  8203 ;",0
323.64156,22.754521,63.2511,6.45,star F7V,"HIP 106527 ;HD  205420 ;HR  8250 ;",0
326.753595,70.150882,152.9052,6.45,star A0V,"HIP 107555 ;HD  207636 ;HR  8342 ;",0
331.09932,-29.91653,636.9427,6.45,star K5III,"HIP 108952 ;HD  209476 ;HR  8405 ;BF  13    PsA ;",0
332.625765,20.977984,208.3333,6.45,star A3III,"HIP 109458 ;HD  210516 ;HR  8459 ;BF  28    Peg ;",0
335.70951,36.659047,136.9863,6.45,star K0,"HIP 110487 ;HD  212334 ;",0
340.764225,-8.311441,146.6276,6.45,star A5V,"HIP 112168 ;HD  215114 ;HR  8645 ;",0
341.26527,58.14705,35.4359,6.45,star F5,"HIP 112324 ;HD  215588 ;",0
352.273665,23.048083,136.0544,6.45,star G9III,"HIP 115915 ;HD  221113 ;HR  8922 ;",0
358.977825,15.230291,202.8398,6.45,star M3,"HIP 117986 ;HD  224186 ;",0
359.29215,-20.833643,145.7726,6.45,star G8/K0III,"HIP 118081 ;HD  224349 ;",0
0.782715,-24.145145,203.666,6.46,star K1III,"HIP 253 ;HD  225069 ;HR  9096 ;",0
4.386255,-19.051092,48.4966,6.46,star F3V,"HIP 1402 ;HD  1343 ;HR  66 ;",0
5.12886,48.968633,218.3406,6.46,star G0,"HIP 1639 ;HD  1601 ;",0
14.038005,13.95196,125.1564,6.46,star G8II,"HIP 4382 ;HD  5418 ;",0
15.756345,47.376158,96.0615,6.46,star A9V,"HIP 4911 ;HD  6114 ;HR  289 ;",0
23.452305,89.015639,103.0928,6.46,star A3V,"HIP 7283 ;HD  5914 ;HR  286 ;",0
29.69166,-11.300955,109.7695,6.46,star G5,"HIP 9237 ;HD  12116 ;",0
33.2082,79.69154,140.8451,6.46,star A3,"HIP 10309 ;HD  12927 ;",0
42.941235,58.314291,90.009,6.46,star A1m,"HIP 13347 ;HD  17581 ;HR  839 ;",0
48.952785,50.95589,134.9528,6.46,star A0,"HIP 15193 ;HD  20096 ;",0
57.332265,57.118268,148.5884,6.46,star A0Vn,"HIP 17858 ;HD  23594 ;HR  1161 ;",0
58.641465,-52.690426,109.1703,6.46,star A4V,"HIP 18275 ;HD  24863 ;HR  1227 ;",0
71.241285,-63.229715,148.8095,6.46,star K0/K1III,"HIP 22081 ;HD  30610 ;HR  1540 ;",0
71.50179,76.611042,32.3206,6.46,star F7V,"HIP 22152 ;HD  29329 ;HR  1468 ;",0
75.096735,39.654653,336.7003,6.46,star K4Iab:,"HIP 23268 ;HD  31780 ;HR  1602 ;BF  6    Aur ;",0
85.19247,-10.408664,243.309,6.46,star B9.5IIIp Si,"HIP 26728 ;HD  37808 ;HR  1957 ;",0
92.19876,-6.821373,104.6025,6.46,star G5,"HIP 29140 ;HD  42132 ;",0
101.743845,-87.024964,39.3546,6.46,star F3V,"HIP 32500 ;HD  58805 ;HR  2848 ;",0
103.487805,38.505018,229.3578,6.46,star B9.5sp...,"HIP 33133 ;HD  50204 ;HR  2547 ;BF  61Psi8Aur ;",0
104.65158,-56.394849,94.3396,6.46,star F2II,"HIP 33577 ;HD  52622 ;HR  2638 ;",0
106.817835,-59.716416,374.5318,6.46,star B3V,"HIP 34350 ;HD  54967 ;",0
108.204525,27.224823,42.4809,6.46,star F8V,"HIP 34860 ;HD  55130 ;HR  2711 ;",0
116.03181,2.405422,123.3046,6.46,star F0III,"HIP 37705 ;HD  62437 ;HR  2989 ;",0
116.810835,-36.0736,136.9863,6.46,star K1III,"HIP 37996 ;HD  63399 ;",0
119.478345,-40.784352,150.1502,6.46,star K0III,"HIP 38925 ;HD  65638 ;",0
122.5857,-49.237347,537.6344,6.46,star B3IV,"HIP 40016 ;HD  68478 ;",0
129.852315,8.0176,101.9368,6.46,star K1III,"HIP 42462 ;HD  73599 ;HR  3424 ;",0
130.54089,-11.966008,94.9668,6.46,star A5m,"HIP 42701 ;HD  74190 ;HR  3446 ;",0
136.024095,-47.44145,358.4229,6.46,star B4V,"HIP 44509 ;HD  78005 ;",0
136.22952,32.376833,72.8332,6.46,star A8V,"HIP 44574 ;HD  77660 ;HR  3606 ;",0
138.51288,-14.694842,166.113,6.46,star G6/G8III/IV,"HIP 45305 ;HD  79481 ;",0
144.02826,74.318805,128.7001,6.46,star B9V,"HIP 47119 ;HD  82327 ;HR  3774 ;",0
154.117035,28.682479,33.1895,6.46,star G0V,"HIP 50316 ;HD  88986 ;HR  4027 ;BF  24    LMi ;",0
161.97309,-64.262842,145.3488,6.46,star B9.5V,"HIP 52815 ;HD  93738 ;",0
169.309725,-41.934326,105.3741,6.46,star A0V,"HIP 55133 ;HD  98176 ;",0
169.961715,-72.958291,147.7105,6.46,star A0V,"HIP 55332 ;HD  98671 ;",0
174.584865,-63.372747,100000,6.46,star O8var,"HIP 56769 ;HD  101205 ;",0
178.607775,-37.748935,50.6073,6.46,star F7V,"HIP 58057 ;HD  103437 ;HR  4557 ;GL  Gl 452.2A ;",0
185.63349,5.305444,29.9222,6.46,star F8V,"HIP 60353 ;HD  107705 ;HR  4708 ;BF  17    Vir ;",0
188.018295,-32.533761,186.2197,6.46,star A3V,"HIP 61172 ;HD  109074 ;HR  4774 ;",0
189.810915,-75.370594,174.5201,6.46,star B8Vn,"HIP 61738 ;HD  109857 ;HR  4804 ;",0
199.05954,19.051734,101.4199,6.46,star G8III,"HIP 64751 ;HD  115319 ;HR  5007 ;",0
203.678325,76.54671,229.3578,6.46,star K5III:,"HIP 66251 ;HD  118686 ;HR  5131 ;",0
203.681595,-33.310854,184.8429,6.46,star K2III,"HIP 66254 ;HD  118010 ;HR  5104 ;",0
204.759525,18.265323,165.8375,6.46,star K3III,"HIP 66594 ;HD  118839 ;HR  5137 ;",0
217.18125,-59.197548,100000,6.46,star A0II/III,"HIP 70798 ;HD  126610 ;HR  5403 ;",0
218.565945,57.065258,29.2997,6.46,star F7V,"HIP 71251 ;HD  128332 ;HR  5451 ;",0
229.21587,-47.864544,177.6199,6.46,star G8III,"HIP 74769 ;HD  135430 ;",0
230.757435,-15.134036,296.7359,6.46,star K4III,"HIP 75294 ;HD  136801 ;",0
234.222585,29.991182,36.7782,6.46,star F5V:,"HIP 76456 ;HD  139389 ;HR  5813 ;",0
235.98033,-60.287217,480.7692,6.46,star G0Ib,"HIP 77042 ;HD  139915 ;HR  5836 ;",0
241.08885,-53.710375,229.3578,6.46,star B9II/IIIp..,"HIP 78731 ;HD  143658 ;",0
247.176315,0.054855,94.697,6.46,star K5,"HIP 80708 ;HD  148531 ;",0
247.62507,-7.514451,100000,6.46,star A7Ib,"HIP 80840 ;HD  148743 ;HR  6144 ;",0
250.911345,-32.105945,185.1852,6.46,star B8V,"HIP 81891 ;HD  150638 ;HR  6211 ;",0
254.25441,-71.111644,308.642,6.46,star A5IV/V,"HIP 82944 ;HD  152010 ;",0
257.071155,50.842272,191.5709,6.46,star A1V,"HIP 83857 ;HD  155328 ;HR  6383 ;",0
259.27308,-44.778595,100000,6.46,star B0.5Iab:,"HIP 84556 ;HD  155985 ;",0
260.219295,-10.69641,47.7783,6.46,star F1III+...,"HIP 84883 ;HD  156971 ;HR  6449 ;",0
261.35037,52.790684,27.4574,6.46,star G0,"HIP 85268 ;HD  158259 ;",0
269.232915,-40.305643,149.925,6.46,star K3III,"HIP 87865 ;HD  163234 ;HR  6678 ;",0
271.5384,-51.743905,826.4463,6.46,star A2III,"HIP 88675 ;HD  164896 ;",0
275.229945,-37.487648,490.1961,6.46,star K2II,"HIP 89920 ;HD  168357 ;HR  6856 ;",0
282.18921,-18.60115,312.5,6.46,star A1V + K1III,"HIP 92301 ;HD  173928 ;HR  7072 ;",0
288.88902,18.516353,257.732,6.46,star M2III,"HIP 94646 ;HD  180377 ;",0
297.48255,27.085182,143.8849,6.46,star G8III,"HIP 97573 ;HD  187614 ;",0
299.1882,50.902523,104.6025,6.46,star A1V,"HIP 98146 ;HD  189253 ;HR  7632 ;",0
302.26599,-47.06793,175.4386,6.46,star K5III,"HIP 99270 ;HD  190879 ;",0
304.706955,46.322194,793.6508,6.46,star B2V,"HIP 100142 ;HD  193536 ;HR  7777 ;",0
305.21622,-35.673676,112.9944,6.46,star K3III,"HIP 100332 ;HD  193302 ;HR  7765 ;",0
309.77442,-4.929494,74.4048,6.46,star K0,"HIP 101911 ;HD  196676 ;",0
317.62899,47.692224,423.7288,6.46,star B6IV,"HIP 104537 ;HD  201836 ;HR  8107 ;",0
320.951625,37.351481,281.6901,6.46,star K5,"HIP 105637 ;HD  203857 ;HR  8193 ;",0
326.32797,-49.498761,128.3697,6.46,star K1III,"HIP 107409 ;HD  206690 ;HR  8303 ;",0
330.111255,33.005928,68.7758,6.46,star F5III,"HIP 108632 ;HD  209149 ;HR  8391 ;",0
334.368,49.126957,228.833,6.46,star K0,"HIP 110055 ;HD  211660 ;",0
335.161545,58.409904,185.5288,6.46,star G8III,"HIP 110314 ;HD  212136 ;",0
335.25024,26.935162,225.7336,6.46,star M4III,"HIP 110346 ;HD  212047 ;HR  8517 ;",0
336.68982,37.443706,458.7156,6.46,star B2V,"HIP 110790 ;HD  212883 ;HR  8549 ;",0
339.686145,-28.748214,127.551,6.46,star K1III,"HIP 111801 ;HD  214462 ;HR  8614 ;",0
343.217685,50.412285,263.8522,6.46,star B8V,"HIP 112986 ;HD  216523 ;HR  8705 ;",0
344.78751,59.814655,330.033,6.46,star B9III,"HIP 113498 ;HD  217348 ;HR  8745 ;",0
345.64206,-36.42088,126.2626,6.46,star K1III,"HIP 113784 ;HD  217642 ;HR  8760 ;",0
351.01659,-21.774411,62.5391,6.46,star F3IV/V,"HIP 115522 ;HD  220466 ;",0
356.201595,55.799687,149.925,6.46,star G4III:,"HIP 117133 ;HD  222932 ;HR  9000 ;",0
1.25493,27.674784,168.0672,6.47,star G8II,"HIP 410 ;HD  225292 ;",0
2.250675,28.247543,110.8647,6.47,star A4Vm,"HIP 728 ;HD  434 ;",0
4.674435,-8.053001,23.245,6.47,star G0V,"HIP 1499 ;HD  1461 ;HR  72 ;GL  Gl 16.1 ;",0
8.603745,66.750351,189.7533,6.47,star B9III,"HIP 2707 ;HD  3038 ;HR  137 ;BF  16    Cas ;",0
11.423775,-16.42422,89.0472,6.47,star F0IV,"HIP 3576 ;HD  4338 ;HR  206 ;",0
14.578725,21.404495,129.7017,6.47,star A2V,"HIP 4558 ;HD  5641 ;HR  277 ;",0
15.411015,-16.265573,92.8505,6.47,star K2/K3III,"HIP 4801 ;HD  6037 ;",0
34.83663,-2.977643,91.659,6.47,star M5e-M9e,"Mira ;HIP 10826 ;HD  14386 ;HR  681 ;BF  68Omi Cet ;",0
35.77749,-37.576144,271.0027,6.47,star K2III,"HIP 11121 ;HD  14890 ;HR  700 ;",0
41.796375,-22.48575,39.6197,6.47,star F2V,"HIP 13008 ;HD  17438 ;HR  827 ;",0
43.22769,-65.455291,143.6782,6.47,star K0/K1III,"HIP 13429 ;HD  18292 ;",0
47.22576,62.384596,793.6508,6.47,star B1V:e,"HIP 14626 ;HD  19243 ;",0
50.90127,0.910087,111.4827,6.47,star K0,"HIP 15800 ;HD  21032 ;",0
51.647445,28.715087,51.6262,6.47,star G5IV,"HIP 16042 ;HD  21242 ;",0
57.23724,23.857135,75.643,6.47,star F0,"HIP 17832 ;HD  23822 ;",0
57.567345,-1.522574,43.6681,6.47,star F2,"HIP 17950 ;HD  24098 ;",0
60.85311,-20.143796,304.878,6.47,star B3V,"HIP 18926 ;HD  25631 ;HR  1258 ;",0
63.49875,37.967147,151.2859,6.47,star G9III,"HIP 19746 ;HD  26605 ;HR  1301 ;",0
67.50954,10.262214,119.4743,6.47,star G8III,"HIP 20985 ;HD  28505 ;HR  1425 ;",0
76.79064,-19.391868,38.432,6.47,star G2V,"HIP 23818 ;HD  33095 ;",0
80.48046,-17.603631,136.4256,6.47,star K0III,"HIP 25059 ;HD  35137 ;",0
86.25537,12.888332,108.5776,6.47,star A3,"HIP 27116 ;HD  38263 ;",0
86.75019,51.520871,155.7632,6.47,star G5,"HIP 27293 ;HD  38229 ;",0
87.99828,-29.449426,215.5172,6.47,star K3III,"HIP 27705 ;HD  39543 ;HR  2043 ;",0
95.776545,56.976349,152.6718,6.47,star K1III,"HIP 30357 ;HD  44061 ;",0
95.945505,-58.543871,103.8422,6.47,star A3V,"HIP 30423 ;HD  45450 ;HR  2336 ;",0
101.05332,-54.695507,220.2643,6.47,star B5/B6V,"HIP 32269 ;HD  49219 ;",0
101.475825,12.693561,877.193,6.47,star A9III,"HIP 32404 ;HD  48843 ;HR  2489 ;BF  32    Gem ;",0
103.196415,-43.975594,145.5604,6.47,star B8V,"HIP 33015 ;HD  50860 ;HR  2579 ;",0
106.318245,-50.360042,317.4603,6.47,star K3III,"HIP 34177 ;HD  54179 ;HR  2687 ;",0
106.55961,-68.83758,161.8123,6.47,star K0III,"HIP 34270 ;HD  55151 ;HR  2712 ;",0
106.853655,28.176695,289.0173,6.47,star B9V,"HIP 34367 ;HD  53744 ;HR  2669 ;",0
111.1152,15.517195,970.8738,6.47,star B2Ve,"HIP 35933 ;HD  58050 ;HR  2817 ;",0
111.85767,66.331571,257.732,6.47,star B9III,"HIP 36211 ;HD  57742 ;HR  2809 ;",0
122.396595,29.093076,434.7826,6.47,star G0II,"HIP 39958 ;HD  67542 ;",0
123.54642,17.675955,94.9668,6.47,star A0Vne...,"HIP 40342 ;HD  68703 ;HR  3228 ;",0
124.482345,-59.166825,74.184,6.47,star F5V,"HIP 40655 ;HD  70267 ;HR  3274 ;",0
129.79203,59.939126,127.551,6.47,star A2Vn,"HIP 42434 ;HD  73029 ;HR  3401 ;",0
133.97703,-15.439536,250.6266,6.47,star K2III,"HIP 43850 ;HD  76478 ;",0
137.01735,32.540399,106.7236,6.47,star F2V,"HIP 44825 ;HD  78234 ;HR  3620 ;",0
140.936985,-37.7569,99.108,6.47,star A1m...,"HIP 46075 ;HD  81309 ;HR  3735 ;",0
146.41929,-57.186041,284.9003,6.47,star B8III/IV,"HIP 47893 ;HD  84809 ;HR  3883 ;",0
147.75333,-80.061059,256.4103,6.47,star B8IV,"HIP 48320 ;HD  86320 ;",0
153.77643,31.468066,203.252,6.47,star G8III,"HIP 50218 ;HD  88786 ;HR  4014 ;BF  22    LMi ;",0
155.369445,-23.710834,106.0445,6.47,star A4IV/V,"HIP 50728 ;HD  89816 ;HR  4071 ;",0
161.93469,-59.875257,357.1429,6.47,star B5Vvar,"HIP 52806 ;HD  93695 ;",0
167.065725,-29.972486,132.8021,6.47,star A1V,"HIP 54430 ;HD  96723 ;HR  4331 ;",0
178.80861,36.756378,227.7904,6.47,star M3III,"HIP 58119 ;HD  103500 ;HR  4562 ;",0
183.004215,28.536313,71.2251,6.47,star F5V,"HIP 59489 ;HD  106022 ;HR  4642 ;",0
185.20299,15.540988,120.6273,6.47,star K0,"HIP 60210 ;HD  107415 ;",0
185.81403,-4.974503,121.6545,6.47,star K0,"HIP 60418 ;HD  107794 ;",0
192.05973,13.553018,125.7862,6.47,star A1V,"HIP 62478 ;HD  111308 ;HR  4861 ;BF  28    Com ;",0
206.304855,55.879349,34.5901,6.47,star F7IV-V,"HIP 67103 ;HD  119992 ;HR  5177 ;",0
212.192145,59.337649,119.7605,6.47,star K0III,"HIP 69107 ;HD  123977 ;HR  5302 ;",0
214.20306,-8.884473,177.9359,6.47,star K0,"HIP 69773 ;HD  124973 ;",0
214.503015,-7.542388,32.5415,6.47,star F9V,"HIP 69881 ;HD  125184 ;HR  5353 ;GL  Gl 541.1 ;",0
214.73298,54.863753,101.4199,6.47,star A5Vn,"HIP 69958 ;HD  125632 ;HR  5372 ;",0
228.322545,-24.008322,151.5152,6.47,star B8III,"HIP 74490 ;HD  134946 ;HR  5655 ;",0
228.369555,-25.309347,26.2055,6.47,star G5V,"HIP 74500 ;HD  134987 ;HR  5657 ;GL  Gl 579.4 ;BF  23    Lib ;",0
228.961245,50.938456,61.8429,6.47,star G5,"HIP 74690 ;HD  135944 ;",0
228.973185,6.46484,308.642,6.47,star K0,"HIP 74695 ;HD  135615 ;",0
242.15214,8.613176,203.252,6.47,star M4III,"HIP 79086 ;HD  145050 ;",0
250.23504,-8.309628,143.0615,6.47,star K0,"HIP 81663 ;HD  150381 ;",0
250.62123,-37.079353,94.7867,6.47,star G3III,"HIP 81803 ;HD  150420 ;",0
251.526555,-46.531996,128.041,6.47,star A1V,"HIP 82091 ;HD  150897 ;",0
256.14042,-68.278694,373.1343,6.47,star M3/M4III,"HIP 83556 ;HD  153389 ;",0
262.594395,11.924015,83.682,6.47,star A1V,"HIP 85666 ;HD  158716 ;HR  6521 ;",0
263.82708,-22.043822,258.3979,6.47,star Ap Si,"HIP 86060 ;HD  159376 ;HR  6545 ;BF  52    Oph ;",0
266.78349,47.612239,116.8224,6.47,star A2Vs,"HIP 87045 ;HD  162132 ;HR  6641 ;",0
273.56808,-63.689682,167.7852,6.47,star K4III,"HIP 89370 ;HD  166251 ;HR  6796 ;",0
278.90205,4.935988,110.2536,6.47,star A2pvar,"HIP 91142 ;HD  171586 ;",0
280.377855,-48.094686,123.9157,6.47,star K3III,"HIP 91662 ;HD  172223 ;HR  7005 ;",0
283.049745,-41.709195,208.7683,6.47,star K3III,"HIP 92608 ;HD  174407 ;",0
284.22792,-62.801904,313.4796,6.47,star K3III,"HIP 93012 ;HD  174877 ;HR  7111 ;",0
284.368635,58.225026,125.1564,6.47,star A2V,"HIP 93068 ;HD  176560 ;HR  7184 ;",0
285.27264,19.309605,129.8701,6.47,star K1III,"HIP 93374 ;HD  176776 ;HR  7198 ;",0
288.43344,5.515605,147.929,6.47,star A3V,"HIP 94478 ;HD  179791 ;HR  7288 ;",0
293.6931,63.434171,168.9189,6.47,star K2,"HIP 96297 ;HD  185394 ;",0
293.98311,50.238618,166.3894,6.47,star G9III,"HIP 96396 ;HD  185264 ;HR  7465 ;",0
294.486255,49.284416,140.2525,6.47,star G6V,"HIP 96572 ;HD  185657 ;HR  7477 ;",0
296.467635,-2.883453,362.3188,6.47,star B3III,"HIP 97244 ;HD  186660 ;HR  7516 ;",0
297.209055,-12.319421,537.6344,6.47,star K5III,"HIP 97484 ;HD  187150 ;",0
297.861825,4.088632,763.3588,6.47,star K0...,"HIP 97709 ;HD  187734 ;",0
298.276605,-14.603203,119.0476,6.47,star A1V,"HIP 97849 ;HD  187949 ;HR  7571 ;",0
298.771275,-33.046252,366.3004,6.47,star K2/K3III,"HIP 98012 ;HD  188158 ;HR  7585 ;",0
301.55094,-4.07821,111.7318,6.47,star K0,"HIP 99024 ;HD  190664 ;HR  7681 ;",0
302.03982,-52.577795,56.0224,6.47,star G3V,"HIP 99188 ;HD  190580 ;",0
303.26841,-0.330796,202.4291,6.47,star K5,"HIP 99624 ;HD  192086 ;",0
303.3849,-47.713234,196.8504,6.47,star K2III,"HIP 99666 ;HD  191732 ;",0
303.52032,36.604881,438.5965,6.47,star A0V,"HIP 99719 ;HD  192538 ;HR  7734 ;",0
304.117305,37.056395,675.6757,6.47,star B6III,"HIP 99929 ;HD  192987 ;HR  7757 ;",0
307.9011,34.330373,45.9137,6.47,star F2,"HIP 101268 ;HD  195690 ;",0
308.08506,2.132808,354.6099,6.47,star K2,"HIP 101339 ;HD  195617 ;",0
312.076725,-44.196832,160.7717,6.47,star K1IV,"HIP 102670 ;HD  197900 ;",0
314.852565,42.324466,246.3054,6.47,star B9,"HIP 103596 ;HD  200030 ;",0
317.343045,-36.705937,77.2201,6.47,star F7V,"HIP 104441 ;HD  201242 ;",0
317.92224,-14.472378,125.4705,6.47,star Fm delta Del,"HIP 104634 ;HD  201707 ;HR  8102 ;",0
320.982885,-25.202484,266.6667,6.47,star K1III,"HIP 105646 ;HD  203607 ;",0
323.33784,-80.039361,116.8224,6.47,star A0V,"HIP 106424 ;HD  203955 ;HR  8201 ;",0
323.6913,18.328929,304.878,6.47,star K2,"HIP 106550 ;HD  205422 ;",0
323.857995,68.21929,189.7533,6.47,star Ap Si,"HIP 106604 ;HD  205938 ;",0
325.91571,7.528657,136.9863,6.47,star K0,"HIP 107271 ;HD  206689 ;",0
341.220735,39.201027,238.0952,6.47,star K5,"HIP 112305 ;HD  215473 ;",0
342.937395,-59.881358,143.6782,6.47,star K1IIICN...,"HIP 112895 ;HD  216169 ;HR  8686 ;",0
347.43639,-67.876284,52.521,6.47,star F3IV,"HIP 114367 ;HD  218497 ;",0
347.55051,-66.857644,63.6132,6.47,star K0IV,"HIP 114408 ;HD  218558 ;HR  8809 ;",0
348.497325,19.633898,179.2115,6.47,star K2,"HIP 114686 ;HD  219196 ;",0
351.78105,-66.580886,298.5075,6.47,star K4III,"HIP 115756 ;HD  220759 ;HR  8908 ;",0
353.86908,1.313142,86.0585,6.47,star K0,"HIP 116422 ;HD  221833 ;",0
357.205695,2.214413,54.7046,6.47,star F5III-IV,"HIP 117445 ;HD  223346 ;HR  9015 ;",0
357.592455,51.621663,40.6174,6.47,star F3V,"HIP 117551 ;HD  223552 ;HR  9028 ;",0
359.389695,60.0236,387.5969,6.47,star B9III-IV,"HIP 118116 ;HD  224404 ;HR  9063 ;",0
6.158985,14.315514,180.5054,6.48,star K0,"HIP 1948 ;HD  2035 ;",0
15.362685,49.54422,322.5806,6.48,star G5,"HIP 4786 ;HD  5927 ;",0
15.576945,51.034938,226.2443,6.48,star A3V,"HIP 4844 ;HD  6028 ;HR  287 ;",0
29.49681,47.09552,680.2721,6.48,star K0,"HIP 9163 ;HD  11884 ;",0
32.39502,-24.345785,66.7111,6.48,star F0IV/V,"HIP 10069 ;HD  13305 ;HR  630 ;",0
34.21548,57.055246,100000,6.48,star B1Iab,"HIP 10633 ;HD  13854 ;HR  654 ;",0
39.25215,24.647222,41.7537,6.48,star F6III,"HIP 12189 ;HD  16246 ;HR  765 ;BF  30    Ari ;",0
39.603405,-37.990545,55.2792,6.48,star F6V,"HIP 12300 ;HD  16589 ;HR  780 ;",0
40.87047,-2.531452,120.1923,6.48,star K0,"HIP 12720 ;HD  17001 ;",0
41.687925,-21.639521,48.0307,6.48,star F3IV/V,"HIP 12964 ;HD  17390 ;HR  826 ;",0
45.986445,47.84848,106.9519,6.48,star F0,"HIP 14264 ;HD  18878 ;",0
53.718345,-25.582825,138.5042,6.48,star K0III,"HIP 16697 ;HD  22333 ;",0
76.38375,19.806723,137.741,6.48,star A5m,"HIP 23695 ;HD  32642 ;HR  1642 ;",0
78.322785,37.337309,26.1165,6.48,star F8,"HIP 24332 ;HD  33632 ;",0
78.9117,-52.182179,232.5581,6.48,star K2III,"HIP 24520 ;HD  34587 ;HR  1742 ;",0
81.24762,73.707198,492.6108,6.48,star M0,"HIP 25322 ;HD  34450 ;",0
86.894445,25.568623,250,6.48,star K1III,"HIP 27353 ;HD  38524 ;",0
89.30988,-53.425693,207.0393,6.48,star K5/M0III,"HIP 28180 ;HD  40665 ;HR  2114 ;",0
91.757805,-45.09151,112.7396,6.48,star K1III,"HIP 28988 ;HD  42168 ;HR  2178 ;",0
92.34762,-49.562831,59.1716,6.48,star F8V,"HIP 29185 ;HD  42683 ;HR  2204 ;",0
92.806755,60.453487,362.3188,6.48,star M0,"HIP 29348 ;HD  41782 ;",0
96.781605,-37.895507,50.4032,6.48,star F3V,"HIP 30706 ;HD  45680 ;HR  2353 ;",0
97.06986,1.912679,161.5509,6.48,star B9V,"HIP 30798 ;HD  45563 ;HR  2347 ;",0
99.595455,-23.580321,234.192,6.48,star A2V,"HIP 31736 ;HD  47579 ;",0
100.40733,35.931928,83.8223,6.48,star F8III,"HIP 32040 ;HD  47703 ;HR  2452 ;",0
104.3271,37.394723,526.3158,6.48,star M3,"HIP 33453 ;HD  51021 ;",0
106.64985,-12.393949,100000,6.48,star B7Iab...,"HIP 34297 ;HD  53975 ;HR  2679 ;",0
109.4277,38.876265,147.2754,6.48,star K0,"HIP 35317 ;HD  56171 ;",0
120.64917,57.273627,104.9318,6.48,star F8V,"HIP 39348 ;HD  65626 ;HR  3119 ;",0
122.82525,54.540238,166.113,6.48,star G5,"HIP 40086 ;HD  67539 ;",0
123.025245,-43.40044,100000,6.48,star K3III:,"HIP 40160 ;HD  68763 ;",0
123.340725,-1.165885,152.9052,6.48,star K0,"HIP 40263 ;HD  68667 ;",0
128.166135,10.066008,165.2893,6.48,star A1V,"HIP 41904 ;HD  72359 ;HR  3372 ;BF  34    Cnc ;",0
128.332755,-38.370676,469.4836,6.48,star B2/B3V,"HIP 41970 ;HD  72787 ;HR  3388 ;",0
131.839455,-17.052878,189.0359,6.48,star A2V,"HIP 43152 ;HD  75098 ;",0
132.437265,-21.04844,78.4929,6.48,star A6IV,"HIP 43338 ;HD  75495 ;HR  3507 ;",0
137.185515,-16.277321,128.3697,6.48,star K0IIICN...,"HIP 44888 ;HD  78614 ;",0
137.437485,-49.424383,161.5509,6.48,star A9Vn,"HIP 44979 ;HD  79025 ;HR  3647 ;",0
137.44344,11.564377,38.9257,6.48,star F2p,"HIP 44984 ;HD  78661 ;HR  3635 ;",0
138.405255,21.283206,155.7632,6.48,star A2V,"HIP 45272 ;HD  79248 ;HR  3657 ;",0
143.7993,-35.82375,68.3527,6.48,star F5V,"HIP 47039 ;HD  83108 ;HR  3823 ;",0
147.921735,-11.340507,350.8772,6.48,star M2III:,"HIP 48375 ;HD  85461 ;",0
149.60853,27.758999,74.2942,6.48,star F3V,"HIP 48895 ;HD  86358 ;HR  3936 ;",0
153.342915,-56.586697,200.8032,6.48,star K2III,"HIP 50069 ;HD  88862 ;",0
154.334115,-46.834942,64.6831,6.48,star A8V+...,"HIP 50391 ;HD  89328 ;",0
154.636845,43.048445,37.1058,6.48,star G5,"HIP 50485 ;HD  89221 ;",0
159.00837,80.494629,160.2564,6.48,star G4III:,"HIP 51883 ;HD  91075 ;HR  4121 ;",0
164.334195,-69.038055,267.3797,6.48,star B7V,"HIP 53556 ;HD  95122 ;",0
165.5577,-41.114145,448.4305,6.48,star M4III,"HIP 53940 ;HD  95716 ;",0
166.91544,23.323762,77.4593,6.48,star A5m,"HIP 54388 ;HD  96528 ;HR  4322 ;BF  64    Leo ;",0
175.56186,-75.227317,34.4116,6.48,star G1V,"HIP 57092 ;HD  101805 ;",0
176.815965,-30.28651,17.4734,6.48,star G5V,"HIP 57507 ;HD  102438 ;HR  4525 ;GL  Gl 446 ;",0
177.654945,-27.277936,154.5595,6.48,star G8III,"HIP 57749 ;HD  102888 ;HR  4542 ;",0
181.06965,-51.472518,117.6471,6.48,star B9V,"HIP 58859 ;HD  104839 ;",0
182.75508,-68.260966,268.8172,6.48,star K0/K1III,"HIP 59389 ;HD  105822 ;",0
185.82861,-11.812117,283.2861,6.48,star M3III,"HIP 60421 ;HD  107814 ;",0
192.845535,-10.338219,156.0062,6.48,star G8III,"HIP 62743 ;HD  111720 ;HR  4877 ;",0
194.24265,-54.587348,118.4834,6.48,star A0p,"HIP 63204 ;HD  112381 ;",0
200.967255,-49.822811,120.7729,6.48,star G8III,"HIP 65372 ;HD  116338 ;HR  5046 ;",0
202.88823,-28.11274,99.5025,6.48,star A1V,"HIP 65969 ;HD  117558 ;HR  5090 ;",0
203.88927,10.204962,120.4819,6.48,star K1III+...,"HIP 66326 ;HD  118266 ;HR  5114 ;",0
204.16623,49.486648,156.25,6.48,star K1III,"HIP 66385 ;HD  118536 ;HR  5126 ;",0
204.21072,-34.467839,131.9261,6.48,star K0III,"HIP 66405 ;HD  118319 ;HR  5117 ;",0
208.285155,40.337977,355.8719,6.48,star K5,"HIP 67778 ;HD  121197 ;",0
214.229835,-77.664221,617.284,6.48,star K2IIp,"HIP 69778 ;HD  124099 ;HR  5306 ;",0
216.44904,-26.852241,71.7875,6.48,star K0III,"HIP 70538 ;HD  126400 ;HR  5399 ;",0
226.391265,-30.550864,35.1124,6.48,star F6V,"HIP 73850 ;HD  133469 ;",0
226.510065,-48.883391,282.4859,6.48,star B3V,"HIP 73881 ;HD  133399 ;",0
235.79388,13.667666,173.3102,6.48,star G5III,"HIP 76985 ;HD  140438 ;HR  5850 ;",0
243.189435,26.670583,73.2601,6.48,star F3V,"HIP 79441 ;HD  145976 ;HR  6052 ;",0
249.39066,5.277526,163.6661,6.48,star K0,"HIP 81404 ;HD  149908 ;",0
250.61571,49.936441,29.3341,6.48,star F8V,"HIP 81800 ;HD  151044 ;",0
254.673165,-14.869671,51.8941,6.48,star F3IV/V,"HIP 83090 ;HD  153229 ;HR  6302 ;",0
255.98655,-37.844143,100000,6.48,star O5f,"HIP 83499 ;HD  153919 ;",0
261.009405,38.582782,175.4386,6.48,star F8IV,"HIP 85149 ;HD  157853 ;HR  6488 ;",0
261.791175,-15.85336,136.2398,6.48,star K0II/III,"HIP 85405 ;HD  157969 ;",0
263.929455,-37.439878,103.4126,6.48,star A0V,"HIP 86098 ;HD  159312 ;HR  6539 ;",0
265.1856,-67.854172,140.056,6.48,star G8III,"HIP 86510 ;HD  159558 ;",0
268.32585,-65.488601,151.0574,6.48,star K0/K1III,"HIP 87564 ;HD  161955 ;HR  6634 ;",0
268.97904,-18.802154,98.5222,6.48,star A1V,"HIP 87782 ;HD  163245 ;HR  6679 ;",0
269.71794,45.47622,130.5483,6.48,star B9sp...,"HIP 88030 ;HD  164429 ;HR  6718 ;",0
278.697885,10.89201,186.2197,6.48,star A1V,"HIP 91090 ;HD  171505 ;HR  6976 ;",0
282.62988,-13.572262,413.2231,6.48,star K1II/III,"HIP 92456 ;HD  174328 ;",0
283.84815,-37.386603,133.3333,6.48,star K1III,"HIP 92866 ;HD  175093 ;",0
286.10064,-5.684843,362.3188,6.48,star C5II,"HIP 93666 ;HD  177336 ;HR  7220 ;",0
290.373945,-34.983487,18.8324,6.48,star G1/G2V,"HIP 95149 ;HD  181321 ;HR  7330 ;GL  Gl 755 ;",0
293.058465,-44.546387,41.6146,6.48,star F6V,"HIP 96095 ;HD  183577 ;",0
310.850805,35.587801,100000,6.48,star G8Ib,"HIP 102276 ;HD  197572 ;HR  7932 ;",0
316.666005,3.803119,72.2022,6.48,star K0,"HIP 104202 ;HD  200964 ;",0
319.164465,-1.607759,209.205,6.48,star K0,"HIP 105046 ;HD  202554 ;HR  8132 ;",0
327.41706,41.148787,100000,6.48,star A2Ib,"HIP 107749 ;HD  207673 ;HR  8345 ;",0
337.04637,27.018806,162.8664,6.48,star G8III,"HIP 110907 ;HD  213025 ;",0
344.100075,-31.565567,7.6092,6.48,star K4Vp,"HIP 113283 ;HD  216803 ;HR  8721 ;GL  Gl 879 ;",0
349.48335,45.488924,179.8561,6.48,star B9p...,"HIP 115036 ;HD  219749 ;HR  8861 ;",0
0.142995,-53.097713,59.4177,6.49,star G1IV,"HIP 50 ;HD  224782 ;",0
3.978855,-75.911615,189.3939,6.49,star G8/K0III,"HIP 1268 ;HD  1221 ;HR  58 ;",0
10.11909,-16.516676,146.4129,6.49,star G8III,"HIP 3175 ;HD  3794 ;HR  172 ;",0
12.515685,-43.394921,108.5776,6.49,star A9/F0III,"HIP 3903 ;HD  4849 ;HR  239 ;",0
17.870715,10.291908,132.4503,6.49,star G5,"HIP 5575 ;HD  7107 ;",0
24.44667,64.739357,558.6592,6.49,star A6Iab,"HIP 7593 ;HD  9811 ;",0
32.451915,-40.866501,71.1744,6.49,star F3V,"HIP 10096 ;HD  13387 ;",0
33.0657,2.745551,159.2357,6.49,star G5,"HIP 10273 ;HD  13546 ;",0
52.048005,-35.853426,114.2857,6.49,star A1V,"HIP 16156 ;HD  21635 ;HR  1058 ;BF  Chi3For ;",0
52.09824,60.255672,178.8909,6.49,star B9V,"HIP 16177 ;HD  21203 ;HR  1033 ;",0
53.7045,6.417691,134.4086,6.49,star G0,"HIP 16695 ;HD  22211 ;HR  1089 ;",0
53.988525,-5.124954,192.6782,6.49,star K0,"HIP 16779 ;HD  22379 ;",0
55.30749,-11.802418,92.7644,6.49,star F2III,"HIP 17214 ;HD  23010 ;HR  1125 ;",0
56.210325,-48.061299,137.931,6.49,star G8/K0III,"HIP 17493 ;HD  23670 ;HR  1167 ;",0
61.794735,74.000359,110.4972,6.49,star K0,"HIP 19222 ;HD  25225 ;",0
62.42919,3.322697,62.383,6.49,star F2,"HIP 19434 ;HD  26292 ;",0
69.31158,18.543031,416.6667,6.49,star F5Ib,"HIP 21517 ;HD  29260 ;",0
70.95102,32.865459,60.2047,6.49,star A8V,"HIP 22003 ;HD  29867 ;HR  1501 ;",0
76.50384,35.936388,105.5966,6.49,star A5V,"HIP 23724 ;HD  32608 ;HR  1639 ;",0
78.380295,62.691132,79.3021,6.49,star A7Vn,"HIP 24348 ;HD  33296 ;HR  1678 ;BF  14    Cam ;",0
78.85362,-73.588475,111.4827,6.49,star A6V,"HIP 24507 ;HD  35184 ;",0
79.848915,33.985421,68.5871,6.49,star A7V,"HIP 24832 ;HD  34499 ;HR  1734 ;BF  18    Aur ;",0
80.009655,44.425383,247.5248,6.49,star K0,"HIP 24881 ;HD  34498 ;HR  1733 ;",0
80.330445,4.011948,280.8989,6.49,star B5Vp,"HIP 25011 ;HD  34959 ;HR  1761 ;",0
80.799975,-26.705433,49.975,6.49,star F6V,"HIP 25180 ;HD  35386 ;HR  1785 ;",0
81.186675,36.199945,250.6266,6.49,star K2,"HIP 25301 ;HD  35202 ;",0
82.423425,-0.802512,110.9878,6.49,star A2,"HIP 25732 ;HD  36150 ;",0
84.878505,-9.706628,166.9449,6.49,star B7V,"HIP 26623 ;HD  37635 ;HR  1942 ;",0
86.884365,63.598848,145.7726,6.49,star G5,"HIP 27346 ;HD  38058 ;",0
90.68805,47.809529,28.6123,6.49,star F5,"HIP 28634 ;HD  40650 ;",0
95.1465,-23.637963,166.9449,6.49,star K0III,"HIP 30141 ;HD  44379 ;",0
102.43452,37.512748,224.7191,6.49,star K5,"HIP 32746 ;HD  49364 ;",0
105.163905,-9.202967,471.6981,6.49,star B1Ib,"HIP 33754 ;HD  52382 ;HR  2627 ;",0
106.46514,70.731924,350.8772,6.49,star K0III,"HIP 34238 ;HD  52030 ;HR  2617 ;",0
111.154665,-71.470657,82.3723,6.49,star A3V,"HIP 35946 ;HD  59640 ;",0
117.41985,-19.505518,111.8568,6.49,star K2III,"HIP 38209 ;HD  63734 ;",0
117.712905,4.459514,152.439,6.49,star G5,"HIP 38303 ;HD  63798 ;",0
117.81393,37.082085,186.2197,6.49,star K2,"HIP 38349 ;HD  63588 ;",0
123.44022,-46.578684,392.1569,6.49,star B3V,"HIP 40299 ;HD  69168 ;",0
126.740745,-52.70495,54.0541,6.49,star F5V...,"HIP 41426 ;HD  71805 ;",0
128.168775,-47.042108,231.4815,6.49,star K2III,"HIP 41905 ;HD  72752 ;",0
132.981645,-40.986584,323.6246,6.49,star Ap...,"HIP 43528 ;HD  75989 ;",0
133.108905,-32.509322,235.2941,6.49,star K2/K3III,"HIP 43573 ;HD  76001 ;HR  3533 ;",0
134.862015,13.074391,421.9409,6.49,star K5III,"HIP 44148 ;HD  76908 ;",0
138.07317,14.996037,20.3625,6.49,star G9V,"HIP 45170 ;HD  79096 ;HR  3650 ;GL  Gl 337A ;BF  81Pi 1Cnc ;",0
143.29689,45.513758,195.6947,6.49,star K0,"HIP 46879 ;HD  82408 ;",0
146.12502,18.863492,120.1923,6.49,star K0,"HIP 47779 ;HD  84252 ;HR  3869 ;",0
146.842485,23.647686,170.6485,6.49,star K0,"HIP 48023 ;HD  84680 ;",0
156.437235,35.42543,126.1034,6.49,star K1III,"HIP 51047 ;HD  90250 ;",0
158.911935,-18.568978,79.4281,6.49,star A5IV/V,"HIP 51852 ;HD  91790 ;HR  4152 ;",0
171.688845,3.013102,17.7462,6.49,star K0IV,"HIP 55846 ;HD  99491 ;HR  4414 ;GL  Gl 429A ;BF  83    Leo ;",0
173.40144,2.499034,375.9398,6.49,star K5,"HIP 56388 ;HD  100456 ;",0
174.4263,77.595699,309.5975,6.49,star K5,"HIP 56716 ;HD  100858 ;",0
174.7047,64.346965,210.9705,6.49,star A5IV,"HIP 56816 ;HD  101150 ;HR  4481 ;",0
179.78904,-10.475896,269.5418,6.49,star K2,"HIP 58450 ;HD  104078 ;",0
179.989095,34.034748,119.6172,6.49,star A9III,"HIP 58512 ;HD  104179 ;HR  4584 ;",0
181.52169,-32.961231,51.6529,6.49,star G0V,"HIP 59021 ;HD  105113 ;",0
197.913345,-26.551722,110.6195,6.49,star A5V,"HIP 64375 ;HD  114576 ;HR  4978 ;",0
199.212645,17.017182,11.0717,6.49,star K2V,"HIP 64797 ;HD  115404 ;GL  Gl 505A ;",0
202.007835,-26.402235,429.1845,6.49,star K5III,"HIP 65682 ;HD  117033 ;",0
202.109325,40.729646,117.3709,6.49,star G8III,"HIP 65723 ;HD  117261 ;HR  5077 ;",0
204.53286,14.301926,73.2601,6.49,star A9Vs,"HIP 66522 ;HD  118660 ;HR  5129 ;",0
204.812145,51.804213,263.1579,6.49,star K2,"HIP 66613 ;HD  118970 ;",0
209.383665,61.492861,10.0644,6.49,star K3V,"HIP 68184 ;HD  122064 ;HR  5256 ;",0
210.07263,-61.481028,59.312,6.49,star F1III-IV,"HIP 68413 ;HD  121901 ;HR  5252 ;",0
216.17022,-11.669703,90.4977,6.49,star F4III,"HIP 70452 ;HD  126251 ;HR  5393 ;",0
216.32331,-13.353163,154.0832,6.49,star K2III,"HIP 70501 ;HD  126363 ;",0
218.71137,-20.439381,149.7006,6.49,star A3V,"HIP 71295 ;HD  127964 ;HR  5438 ;",0
219.301755,-53.060788,272.4796,6.49,star K2/K3III,"HIP 71494 ;HD  128154 ;",0
222.3849,51.374503,57.1102,6.49,star F5IV,"HIP 72508 ;HD  131040 ;HR  5537 ;",0
226.98396,-61.128673,120.7729,6.49,star F2III,"HIP 74044 ;HD  133557 ;",0
228.050055,-19.106482,160.5136,6.49,star K4III,"HIP 74391 ;HD  134758 ;",0
230.85411,-46.140415,154.0832,6.49,star G8III,"HIP 75324 ;HD  136607 ;",0
232.08597,-88.13301,65.0618,6.49,star Am,"HIP 75736 ;HD  129723 ;HR  5491 ;",0
232.9593,-32.881112,128.866,6.49,star B6/B7V,"HIP 76048 ;HD  138221 ;HR  5753 ;",0
233.469615,17.137359,64.3087,6.49,star F3III,"HIP 76198 ;HD  138803 ;HR  5783 ;",0
236.55357,-28.061481,71.1238,6.49,star F0V,"HIP 77235 ;HD  140722 ;HR  5856 ;",0
247.203975,-8.128843,50.9424,6.49,star F2V,"HIP 80719 ;HD  148515 ;HR  6137 ;",0
253.631475,-49.7108,471.6981,6.49,star K1II,"HIP 82723 ;HD  152220 ;",0
261.52017,58.651895,120.6273,6.49,star A4V,"HIP 85317 ;HD  158485 ;HR  6514 ;",0
277.02648,-84.387256,213.2196,6.49,star B8/B9V,"HIP 90509 ;HD  165338 ;",0
277.67355,20.815046,34.5781,6.49,star G8IV,"HIP 90729 ;HD  170829 ;HR  6950 ;",0
278.83887,-20.840442,91.4913,6.49,star F0IV/V,"HIP 91132 ;HD  171369 ;HR  6969 ;",0
279.51867,-14.004781,246.9136,6.49,star B8II/III,"HIP 91369 ;HD  171957 ;HR  6989 ;",0
279.59916,-3.19364,47.9616,6.49,star F9IV,"HIP 91394 ;HD  172088 ;HR  6999 ;",0
280.53369,34.746307,456.621,6.49,star B5V,"HIP 91707 ;HD  173087 ;HR  7033 ;",0
282.16455,-6.004311,230.9469,6.49,star A2,"HIP 92296 ;HD  174005 ;",0
284.795685,-39.534712,152.9052,6.49,star B9.5V,"HIP 93209 ;HD  175855 ;HR  7156 ;",0
284.871975,-70.468653,103.6269,6.49,star A8V,"HIP 93238 ;HD  175007 ;",0
295.05498,60.507114,155.521,6.49,star A5V,"HIP 96771 ;HD  186340 ;HR  7500 ;",0
297.572835,7.902419,529.1005,6.49,star B2.5IVe,"HIP 97607 ;HD  187567 ;HR  7554 ;",0
298.658595,-8.237048,155.7632,6.49,star B8V,"HIP 97967 ;HD  188294 ;HR  7594 ;BF  57    Aql ;",0
298.831245,-6.73478,81.8331,6.49,star F2V,"HIP 98038 ;HD  188405 ;HR  7599 ;",0
300.06399,26.187887,800,6.49,star G8II,"HIP 98458 ;HD  189671 ;",0
302.34318,56.026828,324.6753,6.49,star K0,"HIP 99294 ;HD  191892 ;",0
304.98351,46.837319,354.6099,6.49,star B9p Si,"HIP 100250 ;HD  193722 ;HR  7786 ;",0
305.368245,-66.74969,44.6229,6.49,star F6V,"HIP 100379 ;HD  192887 ;",0
306.134835,53.551934,649.3506,6.49,star B9.5III,"HIP 100651 ;HD  194668 ;HR  7815 ;",0
308.5416,20.985185,279.3296,6.49,star B3IV,"HIP 101505 ;HD  196035 ;HR  7862 ;",0
311.57751,-36.120152,67.8426,6.49,star F3/F5V,"HIP 102496 ;HD  197649 ;HR  7935 ;",0
325.9962,-57.325247,45.4959,6.49,star F7IV/V,"HIP 107299 ;HD  206429 ;",0
327.2838,66.792032,98.0392,6.49,star F3IV,"HIP 107710 ;HD  207826 ;",0
341.61777,-49.68579,235.2941,6.49,star K0III-IV,"HIP 112432 ;HD  215504 ;HR  8659 ;",0
341.898705,-65.560252,226.2443,6.49,star K1III,"HIP 112533 ;HD  215562 ;",0
349.20765,-41.194395,158.9825,6.49,star K0III,"HIP 114937 ;HD  219531 ;HR  8847 ;",0
349.76373,-28.387846,250.6266,6.49,star K5III,"HIP 115121 ;HD  219823 ;",0
355.01175,37.652644,90.8265,6.49,star F2IV,"HIP 116781 ;HD  222399 ;HR  8973 ;",0
357.64848,-47.376942,118.7648,6.49,star G8III,"HIP 117571 ;HD  223549 ;",0
0.413955,73.611846,70.7714,6.5,star Am...,"HIP 128 ;HD  224890 ;",0
3.14226,44.707195,140.8451,6.5,star K0,"HIP 1009 ;HD  800 ;",0
4.176435,-20.210061,182.8154,6.5,star B6III/IV,"HIP 1331 ;HD  1256 ;HR  61 ;",0
20.64513,-0.449673,137.3626,6.5,star K0III:,"HIP 6429 ;HD  8335 ;HR  393 ;BF  43    Cet ;",0
21.46818,-3.927391,96.5251,6.5,star K0,"HIP 6687 ;HD  8713 ;",0
32.023695,-41.88042,93.4579,6.5,star A4V,"HIP 9951 ;HD  13218 ;",0
33.389625,53.058589,100000,6.5,star K5,"HIP 10361 ;HD  13519 ;",0
34.91991,-4.345573,125.4705,6.5,star A3V,"HIP 10854 ;HD  14417 ;HR  684 ;",0
37.557165,-25.186442,100.6036,6.5,star DAn...,"HIP 11644 ;HD  15634 ;HR  733 ;",0
47.753235,64.896266,80.0641,6.5,star A4V,"HIP 14791 ;HD  19439 ;",0
51.150855,-51.062657,123.7624,6.5,star A0V,"HIP 15884 ;HD  21360 ;",0
52.876215,40.759934,115.7407,6.5,star A5,"HIP 16425 ;HD  21684 ;",0
54.750255,20.915765,142.2475,6.5,star Am...,"HIP 17026 ;HD  22615 ;HR  1103 ;",0
55.541145,-45.957888,40.3226,6.5,star F8V,"HIP 17298 ;HD  23308 ;",0
67.69497,16.148696,41.511,6.5,star F5V,"HIP 21053 ;HD  28568 ;",0
73.993125,5.399024,131.0616,6.5,star A0V,"HIP 22923 ;HD  31411 ;HR  1578 ;",0
82.95003,85.938528,101.5228,6.5,star A5m,"HIP 25911 ;HD  32196 ;HR  1616 ;",0
83.36418,32.80118,106.2699,6.5,star A2m,"HIP 26054 ;HD  36484 ;HR  1850 ;",0
86.373315,31.324825,230.9469,6.5,star K0,"HIP 27164 ;HD  38200 ;",0
90.76797,57.018314,204.0816,6.5,star G5,"HIP 28656 ;HD  40568 ;",0
96.753645,-4.355659,287.3563,6.5,star B4V,"HIP 30700 ;HD  45418 ;",0
100.2399,-71.775192,132.4503,6.5,star K1IIICN...,"HIP 31977 ;HD  49268 ;HR  2505 ;",0
106.45683,-10.66008,100000,6.5,star B0.5IVn,"HIP 34234 ;HD  53755 ;HR  2670 ;",0
107.945205,16.976344,362.3188,6.5,star K5,"HIP 34763 ;HD  54986 ;",0
114.862425,-26.863102,234.192,6.5,star B6V,"HIP 37293 ;HD  61672 ;HR  2956 ;",0
115.838295,4.945762,198.0198,6.5,star K0,"HIP 37634 ;HD  62286 ;",0
116.614335,62.830522,96.7118,6.5,star F0p SrEu,"HIP 37934 ;HD  62140 ;HR  2977 ;BF  49    Cam ;",0
118.016145,45.932989,103.7344,6.5,star A3,"HIP 38403 ;HD  63630 ;",0
119.964075,36.082075,257.732,6.5,star K5,"HIP 39094 ;HD  65392 ;",0
121.816695,-17.368744,226.2443,6.5,star K1III,"HIP 39730 ;HD  67408 ;",0
125.121345,53.574092,59.3824,6.5,star F0IV,"HIP 40878 ;HD  69682 ;HR  3258 ;",0
127.15017,-23.070981,162.8664,6.5,star A1/A2V,"HIP 41572 ;HD  71815 ;HR  3344 ;",0
127.92207,18.987732,242.7184,6.5,star K0,"HIP 41833 ;HD  72115 ;",0
142.449135,55.745233,42.0345,6.5,star F3Vs,"HIP 46566 ;HD  81790 ;HR  3747 ;",0
143.32623,28.36794,83.5422,6.5,star A3Vnn,"HIP 46891 ;HD  82523 ;HR  3792 ;",0
145.319775,55.866491,118.2033,6.5,star K1III-IV,"HIP 47521 ;HD  83564 ;",0
145.779075,54.363703,91.7431,6.5,star A5m,"HIP 47664 ;HD  83886 ;HR  3855 ;",0
148.2504,-55.373208,813.0081,6.5,star B1V,"HIP 48469 ;HD  85871 ;HR  3920 ;",0
150.143955,-56.946108,145.1379,6.5,star K0III,"HIP 49052 ;HD  87030 ;HR  3953 ;",0
151.530135,-52.187939,131.406,6.5,star K0III,"HIP 49477 ;HD  87816 ;HR  3978 ;",0
155.283165,-17.984959,62.461,6.5,star F3IV,"HIP 50693 ;HD  89747 ;HR  4068 ;",0
159.689115,-59.26242,452.4887,6.5,star B4/B5III/IV,"HIP 52103 ;HD  92399 ;",0
170.98563,-57.880437,189.0359,6.5,star M0III,"HIP 55645 ;HD  99145 ;",0
183.77667,-29.237256,156.9859,6.5,star K0III,"HIP 59742 ;HD  106500 ;",0
192.40851,48.74003,166.6667,6.5,star K1III,"HIP 62600 ;HD  111572 ;",0
195.66849,59.716306,193.0502,6.5,star A3Vn,"HIP 63647 ;HD  113436 ;HR  4936 ;",0
198.399765,36.887582,512.8205,6.5,star M0,"HIP 64530 ;HD  114975 ;",0
201.50058,63.261275,21.1685,6.5,star G6V,"HIP 65530 ;HD  117043 ;HR  5070 ;GL  Gl 511.1 ;",0
214.009995,45.566268,140.2525,6.5,star K0,"HIP 69704 ;HD  125076 ;",0
215.558355,29.36992,236.4066,6.5,star MIII,"HIP 70236 ;HD  126009 ;",0
222.4044,-68.93619,289.8551,6.5,star B3III,"HIP 72518 ;HD  130021 ;",0
224.264985,21.555419,126.5823,6.5,star A1V,"HIP 73156 ;HD  132145 ;HR  5574 ;",0
228.196545,10.702305,189.7533,6.5,star K2,"HIP 74441 ;HD  135061 ;",0
229.59432,0.939409,178.2531,6.5,star K0,"HIP 74895 ;HD  136027 ;",0
230.68836,-29.341935,129.7017,6.5,star K0III,"HIP 75272 ;HD  136646 ;",0
242.496615,-62.967154,95.057,6.5,star A3m...,"HIP 79208 ;HD  144481 ;",0
244.430655,1.496714,236.4066,6.5,star K0,"HIP 79834 ;HD  146740 ;",0
255.05937,-44.988548,56.4972,6.5,star F3V,"HIP 83202 ;HD  153234 ;",0
259.715625,-62.874577,148.368,6.5,star K1III,"HIP 84700 ;HD  155951 ;",0
260.142975,-19.333746,47.619,6.5,star G1V,"HIP 84856 ;HD  156846 ;HR  6441 ;",0
272.77983,60.409532,150.8296,6.5,star A1Vnn,"HIP 89104 ;HD  167387 ;HR  6827 ;",0
276.67053,26.449216,321.5434,6.5,star B3V,"HIP 90398 ;HD  170111 ;HR  6924 ;",0
276.786945,-8.040406,96.8992,6.5,star K0,"HIP 90437 ;HD  169913 ;",0
282.744375,-41.062687,100000,6.5,star B5III,"HIP 92487 ;HD  174152 ;",0
284.32224,62.396773,95.4198,6.5,star G5IV comp,"HIP 93053 ;HD  176668 ;HR  7191 ;",0
288.782985,83.462746,166.6667,6.5,star A3V,"HIP 94604 ;HD  184146 ;HR  7425 ;",0
289.701705,19.610477,239.8082,6.5,star B8III + K,"HIP 94910 ;HD  181182 ;HR  7326 ;",0
291.25638,-4.884536,108.1081,6.5,star A9V,"HIP 95453 ;HD  182475 ;HR  7366 ;",0
294.574125,20.783391,168.9189,6.5,star K0III,"HIP 96601 ;HD  185436 ;HR  7472 ;",0
298.16298,-54.976444,60.5327,6.5,star A2V,"HIP 97819 ;HD  187421 ;HR  7549 ;",0
300.592095,22.151458,540.5405,6.5,star B1Iab,"HIP 98661 ;HD  190066 ;",0
308.452305,41.772658,92.081,6.5,star K0III-IV,"HIP 101467 ;HD  196134 ;HR  7867 ;",0
311.13777,69.751813,132.8021,6.5,star G8III,"HIP 102370 ;HD  198236 ;HR  7967 ;",0
311.304675,-27.24728,145.3488,6.5,star G8III,"HIP 102414 ;HD  197540 ;HR  7931 ;",0
312.40701,50.127082,411.5226,6.5,star F7V: comp,"HIP 102804 ;HD  198624 ;",0
315.587325,39.509035,223.7136,6.5,star A1V comp,"HIP 103822 ;HD  200465 ;",0
315.70257,45.84889,400,6.5,star B3Vn,"HIP 103871 ;HD  200595 ;HR  8064 ;",0
315.74844,-0.924744,500,6.5,star B6V,"HIP 103889 ;HD  200340 ;HR  8054 ;",0
324.021,15.081993,136.9863,6.5,star G8II,"HIP 106643 ;HD  205603 ;",0
329.01432,-52.46376,190.8397,6.5,star G6III,"HIP 108268 ;HD  208184 ;",0
329.748705,19.020302,64.6831,6.5,star K0,"HIP 108513 ;HD  208897 ;",0
331.46019,45.112504,196.4637,6.5,star A0V,"HIP 109079 ;HD  209932 ;HR  8422 ;",0
333.291735,18.279812,231.4815,6.5,star K2,"HIP 109691 ;HD  210890 ;",0
333.576675,17.189344,165.8375,6.5,star K4III,"HIP 109788 ;HD  211076 ;",0
352.881255,-4.087406,26.1165,6.5,star F8V,"HIP 116106 ;HD  221356 ;HR  8931 ;GL  Wo 9829 ;",0
316.10274,-19.855641,48.4496,6.5,star ,"GL  Gl 816.2B ;",0
4.190325,10.244778,306.7485,6.51,star M2III:,"HIP 1339 ;HD  1255 ;",0
4.495275,-13.45564,27.2183,6.51,star G2V,"HIP 1444 ;HD  1388 ;GL  Wo 9008 ;",0
9.083745,27.254763,217.8649,6.51,star B8IIIMNp...,"HIP 2865 ;HD  3322 ;HR  149 ;",0
11.562705,55.305381,161.8123,6.51,star A2III,"HIP 3611 ;HD  4321 ;HR  204 ;",0
11.97843,20.925346,57.0451,6.51,star F8V,"HIP 3730 ;HD  4568 ;HR  217 ;BF  61    Psc ;",0
30.070305,-55.012795,142.6534,6.51,star K0II/IIICN.,"HIP 9362 ;HD  12431 ;",0
32.13249,-6.677993,145.3488,6.51,star G5,"HIP 9981 ;HD  13155 ;",0
32.889585,-17.742992,223.7136,6.51,star M1/M2III,"HIP 10233 ;HD  13511 ;",0
33.373995,5.012717,63.2911,6.51,star F0,"HIP 10356 ;HD  13683 ;",0
35.018565,30.188088,171.8213,6.51,star K0,"HIP 10884 ;HD  14373 ;HR  680 ;",0
41.790315,60.570764,675.6757,6.51,star F0V,"HIP 13004 ;HD  17086 ;",0
41.89065,-35.550621,152.6718,6.51,star K0/K1III,"HIP 13040 ;HD  17528 ;HR  835 ;BF  Eta1For ;",0
42.720045,35.393914,225.7336,6.51,star K2,"HIP 13275 ;HD  17624 ;",0
44.55228,-12.005823,145.5604,6.51,star K0III,"HIP 13843 ;HD  18511 ;",0
48.47868,18.973337,233.6449,6.51,star K5,"HIP 15048 ;HD  20043 ;",0
50.935905,-32.707089,257.732,6.51,star K3III,"HIP 15816 ;HD  21149 ;HR  1031 ;",0
51.44949,53.921522,80.9061,6.51,star A9III-IV,"HIP 15979 ;HD  21004 ;HR  1020 ;",0
59.91657,38.82038,193.7984,6.51,star A1Vp...,"HIP 18657 ;HD  24982 ;HR  1229 ;",0
60.06471,-51.564958,383.1418,6.51,star M1III,"HIP 18691 ;HD  25470 ;HR  1250 ;",0
67.58352,28.131889,38.5654,6.51,star G5,"HIP 21010 ;HD  28447 ;",0
70.82403,59.521134,150.8296,6.51,star A7IV,"HIP 21966 ;HD  29606 ;HR  1486 ;",0
72.11523,2.715335,49.2368,6.51,star G5,"HIP 22319 ;HD  30508 ;",0
76.06743,45.77935,61.2745,6.51,star A2,"HIP 23585 ;HD  32296 ;",0
77.061405,-35.718283,149.0313,6.51,star K1III,"HIP 23910 ;HD  33377 ;HR  1680 ;",0
77.21013,19.85986,137.931,6.51,star G5III,"HIP 23949 ;HD  33121 ;",0
77.233965,3.218724,183.4862,6.51,star B8V,"HIP 23957 ;HD  33236 ;",0
78.1071,-81.541732,216.4502,6.51,star K1III,"HIP 24256 ;HD  35798 ;HR  1815 ;",0
81.977925,48.226642,179.2115,6.51,star K5,"HIP 25569 ;HD  35543 ;",0
93.079575,22.908514,100000,6.51,star M1Ia-ab,"HIP 29450 ;HD  42543 ;HR  2197 ;BF  6    Gem ;",0
95.52546,-15.663434,160.7717,6.51,star K0III,"HIP 30276 ;HD  44621 ;",0
96.443865,2.271678,147.2754,6.51,star A0V,"HIP 30594 ;HD  45137 ;HR  2315 ;",0
100.133115,6.371251,286.533,6.51,star B8III,"HIP 31945 ;HD  47756 ;HR  2454 ;",0
101.543205,23.371225,261.7801,6.51,star G8V,"HIP 32431 ;HD  48805 ;",0
103.58883,21.161327,118.4834,6.51,star K1III,"HIP 33179 ;HD  50482 ;",0
107.762715,-3.898015,210.9705,6.51,star K0,"HIP 34688 ;HD  54990 ;",0
108.90735,45.409486,328.9474,6.51,star K0,"HIP 35113 ;HD  55576 ;",0
112.996875,12.661302,156.0062,6.51,star G5,"HIP 36631 ;HD  59764 ;",0
115.20423,4.071816,166.113,6.51,star K0,"HIP 37405 ;HD  61721 ;",0
126.405735,-8.95606,200.4008,6.51,star K0,"HIP 41303 ;HD  71172 ;",0
126.665805,24.534166,79.7448,6.51,star F0III,"HIP 41389 ;HD  71152 ;HR  3312 ;BF  24    Cnc ;",0
129.3735,-33.745683,60.6061,6.51,star F0IV/V,"HIP 42302 ;HD  73476 ;HR  3419 ;",0
140.711895,-9.838798,144.5087,6.51,star A5spe...,"HIP 45999 ;HD  81009 ;HR  3724 ;",0
146.48073,63.653313,77.4593,6.51,star F2V,"HIP 47911 ;HD  84179 ;HR  3865 ;BF  28    UMa ;",0
148.750485,-16.193866,202.8398,6.51,star K0III+...,"HIP 48630 ;HD  85949 ;",0
157.714155,-26.483769,85.7633,6.51,star F7V,"HIP 51475 ;HD  91135 ;HR  4125 ;",0
160.954545,18.312986,333.3333,6.51,star K0,"HIP 52484 ;HD  92884 ;",0
162.172875,-47.749895,151.5152,6.51,star G8III,"HIP 52865 ;HD  93773 ;",0
166.673025,-13.002829,100.8065,6.51,star A7III,"HIP 54315 ;HD  96400 ;",0
166.97697,-30.174567,25.6542,6.51,star G1/G2V,"HIP 54400 ;HD  96700 ;HR  4328 ;GL  Gl 412.2 ;",0
168.915705,-12.592571,244.4988,6.51,star M3III,"HIP 54999 ;HD  97918 ;",0
169.01655,52.773161,34.118,6.51,star F6V+...,"HIP 55044 ;HD  97855 ;HR  4363 ;GL  Gl 421.1A ;",0
174.249465,-22.948084,187.9699,6.51,star K0III,"HIP 56654 ;HD  100949 ;",0
176.297595,14.263335,180.8318,6.51,star K0,"HIP 57320 ;HD  102103 ;",0
177.804135,-61.846153,100000,6.51,star B5Ia,"HIP 57808 ;HD  102997 ;",0
179.156835,65.242909,162.0746,6.51,star G5,"HIP 58232 ;HD  103690 ;",0
180.90168,-39.009073,45.977,6.51,star F7V,"HIP 58799 ;HD  104747 ;",0
186.88809,41.355058,190.8397,6.51,star F5,"HIP 60791 ;HD  108464 ;",0
196.54272,29.029229,92.1659,6.51,star A3IV,"HIP 63933 ;HD  113865 ;HR  4948 ;",0
198.149625,18.751776,115.3403,6.51,star G8III,"HIP 64449 ;HD  114793 ;HR  4987 ;",0
200.21268,43.990186,48.0538,6.51,star F2,"HIP 65135 ;HD  116127 ;",0
202.49016,6.013533,145.1379,6.51,star K0,"HIP 65855 ;HD  117405 ;HR  5087 ;",0
204.42888,50.714838,434.7826,6.51,star F3III comp,"HIP 66475 ;HD  118741 ;HR  5133 ;",0
205.97598,-5.498934,128.3697,6.51,star A1V,"HIP 67004 ;HD  119537 ;HR  5163 ;",0
205.989015,-59.235989,255.7545,6.51,star B8V,"HIP 67008 ;HD  119283 ;",0
206.55732,30.897011,43.7254,6.51,star F5,"HIP 67195 ;HD  120005 ;",0
218.52096,46.78649,127.8772,6.51,star A0,"HIP 71235 ;HD  128184 ;",0
219.402315,-43.111299,164.2036,6.51,star G8III,"HIP 71520 ;HD  128343 ;",0
219.573645,-49.901126,236.4066,6.51,star A0IV,"HIP 71577 ;HD  128415 ;",0
230.622315,-74.399456,238.6635,6.51,star A1/A2V,"HIP 75243 ;HD  135719 ;",0
231.1287,37.3473,36.062,6.51,star G1V,"HIP 75415 ;HD  137392 ;HR  5734 ;GL  NN 3904B ;BF  51Mu 2Boo ;",0
234.073875,-65.613289,76.864,6.51,star F0III,"HIP 76407 ;HD  138498 ;HR  5766 ;",0
234.11745,15.101424,205.7613,6.51,star M5II-III,"HIP 76423 ;HD  139216 ;",0
234.14046,-0.561531,145.3488,6.51,star G8III+...,"HIP 76427 ;HD  139137 ;HR  5799 ;BF  14    Ser ;",0
235.27881,-39.982789,117.2333,6.51,star F5V,"HIP 76824 ;HD  139677 ;",0
239.991015,-40.65311,454.5455,6.51,star G5Ib,"HIP 78367 ;HD  143084 ;HR  5945 ;",0
240.61878,-56.854462,33.8295,6.51,star F7V,"HIP 78562 ;HD  143306 ;",0
242.287695,-56.057943,100000,6.51,star K3III,"HIP 79133 ;HD  144534 ;",0
245.36265,-48.188624,137.1742,6.51,star B7V,"HIP 80142 ;HD  147001 ;",0
246.633495,47.95761,72.4113,6.51,star K0,"HIP 80538 ;HD  148543 ;",0
247.98525,9.414423,78.6782,6.51,star F2,"HIP 80964 ;HD  149059 ;",0
253.02021,14.974215,124.0695,6.51,star B9.5p (Cr),"HIP 82526 ;HD  152308 ;HR  6268 ;BF  49    Her ;",0
259.719945,6.08545,165.2893,6.51,star F0n,"HIP 84704 ;HD  156697 ;HR  6434 ;",0
264.99042,-0.639246,245.7002,6.51,star A0,"HIP 86463 ;HD  160438 ;",0
266.082465,-72.220923,43.4028,6.51,star F8V...,"HIP 86815 ;HD  159964 ;HR  6565 ;",0
266.49354,39.322538,273.224,6.51,star K3III comp,"HIP 86946 ;HD  161832 ;HR  6626 ;",0
266.78076,-59.994335,114.1553,6.51,star F2V,"HIP 87043 ;HD  161032 ;",0
266.986275,36.555141,316.4557,6.51,star M0,"HIP 87114 ;HD  162159 ;",0
268.21626,-56.154808,617.284,6.51,star G8/K0II,"HIP 87522 ;HD  162154 ;",0
268.531515,-11.337537,125.3133,6.51,star K0,"HIP 87642 ;HD  162956 ;",0
269.9202,-41.487057,380.2281,6.51,star B5II,"HIP 88109 ;HD  163745 ;",0
271.430415,12.003849,138.1215,6.51,star A7p+...,"HIP 88627 ;HD  165474 ;",0
271.837425,2.481669,212.3142,6.51,star K5,"HIP 88770 ;HD  165742 ;",0
272.992335,-28.901535,126.7427,6.51,star B9IVspe...,"HIP 89178 ;HD  166469 ;HR  6802 ;",0
273.23436,-50.558834,74.3494,6.51,star F0V,"HIP 89264 ;HD  166376 ;",0
273.683325,29.207306,42.3012,6.51,star F8V,"HIP 89408 ;HD  167588 ;HR  6831 ;",0
273.869505,86.657751,294.1176,6.51,star M...,"HIP 89465 ;HD  174878 ;",0
274.674,-25.60479,254.4529,6.51,star K0III,"HIP 89731 ;HD  167979 ;HR  6846 ;",0
278.628645,51.782263,271.7391,6.51,star M0,"HIP 91061 ;HD  171911 ;",0
286.327365,-1.512203,43.7828,6.51,star F1V,"HIP 93743 ;HD  177552 ;HR  7231 ;",0
286.57098,41.41378,378.7879,6.51,star B3V,"HIP 93808 ;HD  178329 ;HR  7258 ;",0
290.849115,50.271289,266.6667,6.51,star B9III,"HIP 95306 ;HD  182691 ;HR  7381 ;",0
293.641425,-23.858831,100000,6.51,star K4/K5III,"HIP 96274 ;HD  184268 ;",0
294.23604,38.383826,361.0108,6.51,star B5II-III,"HIP 96491 ;HD  185330 ;HR  7467 ;",0
302.486025,20.915028,45.2489,6.51,star F5IV,"HIP 99352 ;HD  191570 ;HR  7705 ;BF  17The Sge ;",0
303.26307,11.850854,137.1742,6.51,star K2,"HIP 99623 ;HD  192168 ;",0
304.2519,8.963196,68.1663,6.51,star F2,"HIP 99985 ;HD  192895 ;",0
308.03772,22.824334,657.8947,6.51,star K0,"HIP 101318 ;HD  195714 ;",0
309.38631,31.52191,49.2611,6.51,star F0V,"HIP 101768 ;HD  196629 ;HR  7887 ;",0
310.149555,-26.645145,107.1811,6.51,star G0/G1V,"HIP 102032 ;HD  196815 ;HR  7902 ;",0
310.25151,39.082322,308.642,6.51,star B6III,"HIP 102062 ;HD  197226 ;HR  7922 ;",0
310.43262,-75.350803,44.2674,6.51,star G1V,"HIP 102125 ;HD  196067 ;HR  7864 ;BF  Mu 2Oct ;",0
321.452295,-23.822098,168.3502,6.51,star K0IIICN...,"HIP 105815 ;HD  203913 ;",0
325.442565,-25.101516,205.7613,6.51,star K1III,"HIP 107112 ;HD  206291 ;HR  8282 ;",0
328.05408,79.551772,389.1051,6.51,star K5,"HIP 107952 ;HD  208742 ;",0
329.25927,48.668566,330.033,6.51,star B8V,"HIP 108348 ;HD  208727 ;HR  8377 ;",0
331.662015,2.43946,150.8296,6.51,star B9,"HIP 109155 ;HD  209905 ;",0
337.472805,52.416608,124.0695,6.51,star G5III,"HIP 111058 ;HD  213388 ;",0
340.92789,10.93937,42.4268,6.51,star G8IV,"HIP 112222 ;HD  215243 ;HR  8653 ;",0
342.23031,-63.718404,277.7778,6.51,star B9.5V,"HIP 112655 ;HD  215769 ;",0
345.143295,45.374808,568.1818,6.51,star A3V,"HIP 113603 ;HD  217491 ;HR  8755 ;",0
345.682875,55.236383,260.4167,6.51,star B9III He wk,"HIP 113797 ;HD  217833 ;HR  8770 ;",0
347.051715,44.561848,186.5672,6.51,star A2IV,"HIP 114237 ;HD  218525 ;HR  8806 ;",0
348.94287,28.247898,265.9574,6.51,star G5III,"HIP 114844 ;HD  219477 ;HR  8842 ;BF  61    Peg ;",0
349.759995,45.136751,132.9787,6.51,star A5Vn,"HIP 115120 ;HD  219891 ;HR  8870 ;",0
354.2724,-31.871136,304.878,6.51,star K1III,"HIP 116539 ;HD  222004 ;HR  8956 ;",0
3.289605,16.921456,129.5337,6.52,star K1III,"HIP 1057 ;HD  874 ;",0
4.22484,49.461915,526.3158,6.52,star M0,"HIP 1352 ;HD  1240 ;",0
7.536195,4.860111,65.1042,6.52,star F5,"HIP 2358 ;HD  2648 ;",0
10.29948,9.355058,33.4448,6.52,star F5,"HIP 3236 ;HD  3861 ;",0
16.59477,62.761389,64.9351,6.52,star A5Vn,"HIP 5186 ;HD  6416 ;HR  309 ;",0
19.245855,-2.27916,29.8775,6.52,star F8,"HIP 5985 ;HD  7727 ;",0
23.64024,68.948137,20.6569,6.52,star G6V,"HIP 7339 ;HD  9407 ;GL  Gl 59.1 ;",0
29.14431,-32.13833,156.4945,6.52,star K0III,"HIP 9049 ;HD  11943 ;",0
29.497545,-2.05948,149.7006,6.52,star A0,"HIP 9165 ;HD  12020 ;",0
31.166235,65.103503,109.529,6.52,star A0V,"HIP 9690 ;HD  12468 ;HR  598 ;",0
37.353945,55.536201,162.8664,6.52,star A2psh,"HIP 11593 ;HD  15253 ;HR  716 ;",0
40.01031,-30.633682,126.4223,6.52,star K0III,"HIP 12435 ;HD  16733 ;HR  786 ;",0
40.50039,10.54481,107.6426,6.52,star K0,"HIP 12599 ;HD  16802 ;",0
51.28911,41.257301,180.5054,6.52,star A0V,"HIP 15925 ;HD  21038 ;HR  1026 ;",0
52.075935,44.377236,408.1633,6.52,star K0,"HIP 16165 ;HD  21346 ;",0
60.236745,23.201491,328.9474,6.52,star B9V,"HIP 18748 ;HD  25201 ;",0
63.380205,8.890289,79.1139,6.52,star A2m,"HIP 19718 ;HD  26677 ;HR  1308 ;",0
65.20449,9.224818,103.8422,6.52,star A4V,"HIP 20281 ;HD  27505 ;HR  1361 ;",0
73.616565,-3.225917,124.533,6.52,star F5,"HIP 22812 ;HD  31297 ;",0
81.630075,2.935907,145.7726,6.52,star B9V,"HIP 25443 ;HD  35673 ;",0
83.466615,-29.849224,216.4502,6.52,star A0IV,"HIP 26091 ;HD  36965 ;HR  1888 ;",0
84.12573,25.940166,85.7633,6.52,star F5III,"HIP 26332 ;HD  36994 ;HR  1889 ;",0
93.193035,-17.763231,278.5515,6.52,star B5II/III,"HIP 29488 ;HD  42927 ;HR  2213 ;",0
93.389505,-29.395742,286.533,6.52,star B7V,"HIP 29546 ;HD  43179 ;HR  2226 ;",0
97.1961,-0.572408,763.3588,6.52,star F0,"HIP 30863 ;HD  45674 ;",0
103.16511,-42.504418,114.4165,6.52,star F5II/III,"HIP 33006 ;HD  50785 ;HR  2575 ;",0
103.34202,-24.684411,94.8767,6.52,star A1/A2V,"HIP 33081 ;HD  50711 ;",0
106.58721,-43.610751,102.3541,6.52,star A0V,"HIP 34276 ;HD  54341 ;",0
112.04757,-58.072872,190.8397,6.52,star G8III,"HIP 36287 ;HD  59780 ;",0
125.33451,-1.602034,156.4945,6.52,star A2pe...,"HIP 40941 ;HD  70340 ;HR  3278 ;",0
126.86481,-55.011214,158.7302,6.52,star A0V,"HIP 41464 ;HD  71919 ;HR  3349 ;",0
129.58449,-6.66232,288.1844,6.52,star A1V+...,"HIP 42368 ;HD  73451 ;HR  3416 ;",0
138.513465,71.655836,147.2754,6.52,star G8III-IV,"HIP 45306 ;HD  78633 ;HR  3633 ;",0
141.69606,-59.578776,165.8375,6.52,star B7V,"HIP 46333 ;HD  81990 ;",0
142.418535,-26.594235,154.321,6.52,star G8III,"HIP 46558 ;HD  82161 ;",0
146.93313,-49.943298,116.9591,6.52,star A2IV(m),"HIP 48054 ;HD  85037 ;",0
155.399415,-22.52851,165.2893,6.52,star A1V,"HIP 50739 ;HD  89828 ;HR  4073 ;",0
158.302365,-13.404238,275.4821,6.52,star K3III,"HIP 51656 ;HD  91434 ;",0
158.432445,53.49739,206.6116,6.52,star A1V,"HIP 51697 ;HD  91311 ;HR  4131 ;",0
158.95551,-58.224283,100000,6.52,star B0Ia,"HIP 51866 ;HD  91969 ;",0
159.29793,-11.748617,74.4048,6.52,star F0V,"HIP 51974 ;HD  91992 ;HR  4160 ;",0
171.475005,-13.751317,769.2308,6.52,star M1III,"HIP 55795 ;HD  99363 ;",0
172.55361,54.362235,228.3105,6.52,star K0III,"HIP 56120 ;HD  99913 ;HR  4427 ;",0
179.27121,-52.100283,159.2357,6.52,star G8III,"HIP 58275 ;HD  103805 ;",0
184.834305,14.541639,207.4689,6.52,star K0,"HIP 60089 ;HD  107170 ;",0
185.694165,-52.293048,132.2751,6.52,star G8III,"HIP 60374 ;HD  107695 ;",0
187.158975,26.226959,85.5432,6.52,star Am...,"HIP 60880 ;HD  108642 ;HR  4750 ;",0
197.459145,62.229122,232.5581,6.52,star A1V,"HIP 64231 ;HD  114504 ;HR  4974 ;",0
198.36738,67.287959,122.2494,6.52,star K2III,"HIP 64522 ;HD  115136 ;",0
203.31018,-77.569388,35.1865,6.52,star F6V,"HIP 66121 ;HD  117360 ;HR  5082 ;",0
217.31259,44.262141,216.9197,6.52,star K0,"HIP 70844 ;HD  127285 ;",0
220.85766,-9.699743,131.406,6.52,star G5,"HIP 71997 ;HD  129566 ;",0
223.265475,78.17666,67.8426,6.52,star K0,"HIP 72819 ;HD  132698 ;",0
226.78413,-71.904951,500,6.52,star K4III,"HIP 73980 ;HD  133049 ;HR  5598 ;",0
228.715155,68.94573,234.7418,6.52,star A1Vn,"HIP 74625 ;HD  136174 ;HR  5693 ;",0
232.61592,36.804555,112.3596,6.52,star K0,"HIP 75928 ;HD  138383 ;HR  5761 ;",0
233.586705,-5.695094,25.5624,6.52,star F7V,"HIP 76233 ;HD  138763 ;HR  5779 ;",0
240.6633,47.240355,136.9863,6.52,star M6e,"HIP 78574 ;HD  144205 ;",0
242.874015,9.712027,162.3377,6.52,star F0IV,"HIP 79337 ;HD  145589 ;HR  6032 ;",0
248.95569,-71.894254,126.7427,6.52,star A0V,"HIP 81259 ;HD  148650 ;",0
250.40649,-27.809676,137.741,6.52,star K1IIICN...,"HIP 81731 ;HD  150367 ;",0
254.374665,-60.600123,204.0816,6.52,star B5III,"HIP 82985 ;HD  152511 ;",0
255.79353,14.511339,36.2713,6.52,star G5IV:,"HIP 83435 ;HD  154160 ;HR  6339 ;",0
258.05673,-25.255154,128.7001,6.52,star A0V,"HIP 84147 ;HD  155379 ;HR  6386 ;",0
259.066185,-15.223732,278.5515,6.52,star K5III,"HIP 84481 ;HD  156115 ;",0
263.004255,34.271147,23.9177,6.52,star G5V,"HIP 85810 ;HD  159222 ;HR  6538 ;GL  Gl 679 ;",0
263.59164,13.160954,146.1988,6.52,star G8III,"HIP 85979 ;HD  159466 ;",0
263.947605,19.843766,122.399,6.52,star G8III,"HIP 86101 ;HD  159797 ;",0
269.28108,-23.939248,909.0909,6.52,star K5II,"HIP 87880 ;HD  163428 ;",0
271.179975,40.084182,50.6586,6.52,star F7V,"HIP 88533 ;HD  165567 ;HR  6764 ;",0
274.36899,-18.463449,628.9308,6.52,star O8/O9,"HIP 89630 ;HD  167771 ;HR  6841 ;",0
281.74611,46.314922,202.8398,6.52,star A2IV,"HIP 92156 ;HD  174177 ;HR  7080 ;",0
284.68773,19.794393,355.8719,6.52,star B7III-IV,"HIP 93175 ;HD  176301 ;HR  7171 ;",0
284.71926,69.531292,213.2196,6.52,star A0p Si,"HIP 93187 ;HD  177410 ;HR  7224 ;",0
284.84925,-19.279359,312.5,6.52,star M3III,"HIP 93224 ;HD  176124 ;",0
287.6151,-30.007119,53.4188,6.52,star F5V,"HIP 94184 ;HD  178606 ;",0
289.942245,64.390809,281.6901,6.52,star B9MNp...,"HIP 94993 ;HD  182308 ;HR  7361 ;",0
292.771725,2.011741,348.4321,6.52,star K0,"HIP 95987 ;HD  183793 ;",0
295.118025,20.477074,740.7407,6.52,star B0.5Ia,"HIP 96789 ;HD  185859 ;HR  7482 ;",0
298.064925,10.351594,325.7329,6.52,star B7V,"HIP 97787 ;HD  187961 ;HR  7572 ;",0
298.344195,4.400392,260.4167,6.52,star B9.5Vn,"HIP 97877 ;HD  188107 ;HR  7580 ;",0
299.80023,11.305567,100000,6.52,star K0,"HIP 98377 ;HD  189337 ;",0
302.12169,-15.031984,122.6994,6.52,star K0III,"HIP 99216 ;HD  191049 ;",0
314.417445,-44.129371,22.1386,6.52,star G0V,"HIP 103458 ;HD  199288 ;GL  Gl 812.1 ;",0
322.26558,-31.238559,94.6074,6.52,star A1V,"HIP 106067 ;HD  204394 ;HR  8214 ;BF  5    PsA ;",0
326.56917,43.060771,353.3569,6.52,star A4V+...,"HIP 107488 ;HD  207218 ;HR  8329 ;",0
326.632695,-2.212756,113.6364,6.52,star M8IIIvar,"HIP 107516 ;HD  207076 ;",0
336.263985,51.255878,303.9514,6.52,star M0,"HIP 110661 ;HD  212691 ;",0
341.38503,-25.236927,87.0322,6.52,star A0IV,"HIP 112362 ;HD  215452 ;",0
342.66306,19.141196,154.7988,6.52,star K0,"HIP 112803 ;HD  216201 ;HR  8691 ;",0
348.936315,-29.847551,100.9082,6.52,star K0III,"HIP 114842 ;HD  219409 ;",0
355.587255,64.515391,289.0173,6.52,star M2III:,"HIP 116948 ;HD  222670 ;HR  8989 ;",0
358.234335,36.954255,51.4403,6.52,star G0,"HIP 117762 ;HD  223848 ;",0
358.845915,25.954993,178.5714,6.52,star K5,"HIP 117939 ;HD  224128 ;HR  9051 ;",0
0.05331,38.30405,249.3766,6.53,star G5,"HIP 19 ;HD  224721 ;",0
2.98365,-42.172144,118.9061,6.53,star K0III,"HIP 966 ;HD  770 ;",0
5.021535,48.865449,210.9705,6.53,star A0Vs,"HIP 1603 ;HD  1561 ;HR  76 ;",0
6.78051,80.052141,158.4786,6.53,star B9,"HIP 2142 ;HD  2169 ;",0
13.422225,-4.525588,154.7988,6.53,star G5,"HIP 4207 ;HD  5181 ;",0
14.12784,42.978787,254.4529,6.53,star K0,"HIP 4411 ;HD  5431 ;",0
16.194975,51.009781,403.2258,6.53,star B3V,"HIP 5062 ;HD  6300 ;HR  302 ;",0
23.960205,33.835327,146.6276,6.53,star K0,"HIP 7439 ;HD  9728 ;",0
30.739875,11.018756,246.3054,6.53,star K0,"HIP 9569 ;HD  12512 ;",0
31.26597,55.622257,93.8086,6.53,star F0,"HIP 9723 ;HD  12591 ;",0
34.29351,23.767832,163.3987,6.53,star G9III,"HIP 10657 ;HD  14067 ;HR  665 ;",0
35.307345,-19.915353,126.1034,6.53,star K0III,"HIP 10963 ;HD  14628 ;",0
43.696485,-0.04824,175.7469,6.53,star G8II,"HIP 13567 ;HD  18145 ;",0
54.165915,29.22403,67.5219,6.53,star A5,"HIP 16835 ;HD  22317 ;",0
54.43395,56.739386,100000,6.53,star B0.5III,"HIP 16917 ;HD  22253 ;",0
54.938205,56.383035,122.399,6.53,star A2,"HIP 17098 ;HD  22489 ;",0
59.048685,59.641888,21.9829,6.53,star G0,"HIP 18413 ;HD  24409 ;GL  NN 3257 ;",0
65.440275,-37.781842,227.2727,6.53,star K4III,"HIP 20372 ;HD  27804 ;",0
67.332645,27.404223,125.1564,6.53,star A0,"HIP 20933 ;HD  28354 ;",0
70.07391,-58.943909,30.5998,6.53,star G5V,"HIP 21756 ;HD  30003 ;HR  1504 ;GL  Gl 175A ;",0
71.612175,42.348561,67.0691,6.53,star G0,"HIP 22196 ;HD  30090 ;GL  NN 3312 ;",0
79.826295,-18.509559,244.4988,6.53,star B8/B9IV:,"HIP 24827 ;HD  34797 ;HR  1754 ;",0
82.356915,77.97751,226.2443,6.53,star A7III,"HIP 25714 ;HD  34653 ;HR  1745 ;",0
83.280615,-1.717358,315.4574,6.53,star B4Vn,"HIP 26020 ;HD  36646 ;HR  1863 ;",0
84.528765,-27.210749,552.4862,6.53,star K4/K5III,"HIP 26495 ;HD  37530 ;",0
87.641175,56.918938,146.4129,6.53,star A4IV-V,"HIP 27592 ;HD  38618 ;HR  1992 ;BF  29    Cam ;",0
88.544925,-50.362551,35.7526,6.53,star K1V,"HIP 27896 ;HD  40105 ;HR  2083 ;",0
94.3944,46.423953,71.1744,6.53,star F0V,"HIP 29884 ;HD  43244 ;HR  2228 ;BF  42    Aur ;",0
95.628945,-60.218652,23.7812,6.53,star G1V,"HIP 30314 ;HD  45270 ;",0
95.80434,-34.996841,146.4129,6.53,star Ap...,"HIP 30372 ;HD  44979 ;",0
96.42804,21.645023,116.9591,6.53,star G5,"HIP 30588 ;HD  44974 ;",0
98.427735,33.024039,118.0638,6.53,star A3V,"HIP 31290 ;HD  46251 ;HR  2383 ;",0
100.289235,8.984724,497.5124,6.53,star F5+...,"HIP 31996 ;HD  47888 ;",0
101.26065,-30.586404,359.7122,6.53,star B8IV,"HIP 32339 ;HD  49028 ;HR  2497 ;",0
105.080685,-22.11906,645.1613,6.53,star B3Vnn,"HIP 33721 ;HD  52437 ;HR  2628 ;",0
105.087165,67.330605,174.216,6.53,star G5,"HIP 33722 ;HD  50904 ;",0
105.85251,-52.425341,480.7692,6.53,star B2IV,"HIP 34006 ;HD  53762 ;",0
113.305515,-43.086199,140.056,6.53,star G8III,"HIP 36729 ;HD  60574 ;HR  2908 ;",0
114.411675,-14.440761,432.9004,6.53,star B8/B9IV,"HIP 37119 ;HD  61224 ;HR  2932 ;",0
115.745595,-17.061603,109.1703,6.53,star G5/G6IV,"HIP 37608 ;HD  62351 ;",0
116.26989,-37.887871,357.1429,6.53,star B2V,"HIP 37803 ;HD  62991 ;HR  3016 ;",0
116.288895,20.316045,158.4786,6.53,star A1V,"HIP 37811 ;HD  62510 ;HR  2991 ;BF  79    Gem ;",0
117.3096,-40.701064,326.7974,6.53,star B5V,"HIP 38165 ;HD  63868 ;",0
117.80823,-47.216412,497.5124,6.53,star G3III,"HIP 38345 ;HD  64318 ;",0
122.37543,-51.842754,57.2738,6.53,star G0V,"HIP 39947 ;HD  68346 ;",0
123.092415,14.004117,223.2143,6.53,star A7III,"HIP 40177 ;HD  68332 ;HR  3214 ;",0
123.191265,-29.910769,129.7017,6.53,star A1V,"HIP 40211 ;HD  68758 ;HR  3230 ;",0
124.32693,4.219169,310.559,6.53,star G0,"HIP 40597 ;HD  69479 ;",0
129.33354,-40.147666,27.4048,6.53,star G1V,"HIP 42291 ;HD  73524 ;HR  3421 ;GL  Gl 312 ;",0
135.81087,6.81598,82.3045,6.53,star K0,"HIP 44437 ;HD  77518 ;",0
137.59584,-23.176696,128.866,6.53,star A0V,"HIP 45037 ;HD  78955 ;HR  3646 ;",0
140.652435,-39.775289,118.9061,6.53,star K2III,"HIP 45980 ;HD  81134 ;HR  3729 ;",0
141.18891,19.786629,116.0093,6.53,star G7III,"HIP 46155 ;HD  81192 ;",0
141.811005,-9.223712,234.7418,6.53,star A2V,"HIP 46365 ;HD  81728 ;HR  3744 ;BF  29    Hya ;",0
142.82904,-47.952509,59.2417,6.53,star A9IV/V,"HIP 46709 ;HD  82578 ;",0
147.287205,-43.482829,199.2032,6.53,star K3III,"HIP 48172 ;HD  85209 ;",0
151.303095,-42.172299,124.3781,6.53,star K0III,"HIP 49413 ;HD  87627 ;",0
152.28192,63.952426,232.5581,6.53,star K5,"HIP 49724 ;HD  87734 ;",0
153.557115,-39.10372,196.0784,6.53,star G8III,"HIP 50149 ;HD  88872 ;",0
154.504815,73.073513,65.6168,6.53,star F2V,"HIP 50447 ;HD  88815 ;HR  4016 ;",0
154.543815,27.415479,143.2665,6.53,star A0V,"HIP 50459 ;HD  89239 ;HR  4041 ;",0
162.994215,-55.138332,215.9827,6.53,star K4/K5III:,"HIP 53113 ;HD  94286 ;",0
163.64736,29.630075,65.0195,6.53,star F8,"HIP 53345 ;HD  94457 ;",0
164.92122,11.705868,46.0829,6.53,star F5V,"HIP 53737 ;HD  95216 ;HR  4281 ;",0
173.93868,-72.84194,129.199,6.53,star K1IV,"HIP 56558 ;HD  100901 ;",0
183.944595,-23.353902,69.5894,6.53,star F5/F6V,"HIP 59801 ;HD  106612 ;HR  4661 ;",0
188.37429,38.06904,155.2795,6.53,star K0III-IVw..,"HIP 61283 ;HD  109305 ;",0
208.935165,-31.284977,125.1564,6.53,star G6/G8III,"HIP 68021 ;HD  121397 ;HR  5237 ;",0
219.748455,-59.141046,60.423,6.53,star F7IV,"HIP 71629 ;HD  128398 ;",0
230.737725,-26.688764,158.4786,6.53,star K0III,"HIP 75288 ;HD  136703 ;",0
231.91989,62.275682,85.1064,6.53,star A5IV,"HIP 75678 ;HD  138245 ;HR  5754 ;",0
235.507365,-64.180288,100000,6.53,star K2/K3II,"HIP 76894 ;HD  139471 ;",0
236.86188,1.545964,133.3333,6.53,star K0III,"HIP 77354 ;HD  141144 ;",0
236.883105,59.568623,261.0966,6.53,star K0,"HIP 77362 ;HD  141729 ;",0
239.271705,-16.034409,283.2861,6.53,star M1III,"HIP 78120 ;HD  142804 ;",0
242.99136,-54.352934,154.0832,6.53,star B9IV,"HIP 79372 ;HD  145110 ;",0
250.19754,-72.29961,124.533,6.53,star G8III,"HIP 81653 ;HD  149392 ;",0
251.731395,-68.101965,108.9325,6.53,star A1III,"HIP 82147 ;HD  150550 ;",0
254.564655,-65.204545,126.5823,6.53,star Fm...,"HIP 83053 ;HD  152493 ;",0
260.05305,-70.045367,38.7147,6.53,star G2IV-V,"HIP 84827 ;HD  155875 ;HR  6400 ;",0
260.844435,57.011719,91.659,6.53,star A2,"HIP 85086 ;HD  158013 ;",0
264.820485,3.555239,10.9999,6.53,star K3V,"HIP 86400 ;HD  160346 ;GL  Gl 688 ;",0
266.473845,38.881385,112.3596,6.53,star K0,"HIP 86939 ;HD  161815 ;HR  6625 ;",0
272.34375,-36.672533,100000,6.53,star B1/B2Ib,"HIP 88947 ;HD  165793 ;HR  6772 ;",0
278.636505,-24.222393,100000,6.53,star F2II,"HIP 91066 ;HD  171237 ;HR  6965 ;BF  25    Sgr ;",0
281.39841,21.984682,215.5172,6.53,star B9p Si(Cr),"HIP 92036 ;HD  173650 ;HR  7058 ;",0
285.079425,40.683999,257.0694,6.53,star M4IIIa,"HIP 93309 ;HD  176844 ;HR  7201 ;",0
291.093915,28.08757,183.1502,6.53,star B5V,"HIP 95400 ;HD  182618 ;HR  7374 ;",0
297.22224,11.685114,211.8644,6.53,star K0,"HIP 97489 ;HD  187284 ;",0
301.359735,-12.665163,124.3781,6.53,star A0V,"HIP 98953 ;HD  190454 ;HR  7675 ;BF  65    Sgr ;",0
301.38345,-32.999837,261.7801,6.53,star B4III,"HIP 98960 ;HD  190306 ;HR  7668 ;",0
301.79772,50.229595,232.0186,6.53,star A3V,"HIP 99102 ;HD  191329 ;HR  7702 ;",0
308.87352,6.947077,227.2727,6.53,star B9,"HIP 101607 ;HD  196182 ;",0
315.136065,-5.477354,121.3592,6.53,star A0,"HIP 103681 ;HD  199944 ;",0
317.370015,63.295668,291.5452,6.53,star B7III,"HIP 104449 ;HD  201888 ;HR  8109 ;",0
317.433555,-44.209821,137.741,6.53,star K1III,"HIP 104469 ;HD  201245 ;",0
317.7657,36.299581,100000,6.53,star B1Vp,"HIP 104579 ;HD  201819 ;HR  8105 ;",0
320.454585,-29.166071,323.6246,6.53,star K3III,"HIP 105476 ;HD  203242 ;",0
320.649735,2.918511,217.8649,6.53,star F8,"HIP 105548 ;HD  203522 ;",0
329.613885,14.02219,232.0186,6.53,star K2,"HIP 108471 ;HD  208789 ;",0
343.993185,62.432275,283.2861,6.53,star K5,"HIP 113249 ;HD  216945 ;",0
344.21445,11.848337,98.8142,6.53,star A3Vs,"HIP 113311 ;HD  216900 ;HR  8724 ;",0
347.69415,-29.525143,110.2536,6.53,star F0V,"HIP 114453 ;HD  218759 ;HR  8823 ;",0
349.112715,61.962948,100000,6.53,star B0Vn,"HIP 114904 ;HD  219634 ;HR  8854 ;",0
352.32051,-54.501412,193.0502,6.53,star K0III,"HIP 115930 ;HD  221069 ;",0
352.87554,28.666175,115.8749,6.53,star K0III,"HIP 116102 ;HD  221364 ;",0
353.88018,32.197868,133.6898,6.53,star K0,"HIP 116427 ;HD  221850 ;",0
359.705145,32.381705,621.118,6.53,star B6IVe,"HIP 118224 ;HD  224544 ;HR  9068 ;",0
4.48461,12.771466,143.6782,6.54,star G8II,"HIP 1439 ;HD  1375 ;",0
18.09714,-30.802128,77.9423,6.54,star F5IV,"HIP 5636 ;HD  7259 ;HR  358 ;",0
20.466435,50.121984,100000,6.54,star K0,"HIP 6371 ;HD  8160 ;",0
22.26291,7.29409,74.9064,6.54,star F2,"HIP 6915 ;HD  9024 ;",0
27.820515,64.854952,100000,6.54,star K5Ia0-a...,"HIP 8626 ;HD  11092 ;",0
30.460035,15.067086,757.5758,6.54,star K0,"HIP 9470 ;HD  12390 ;",0
39.336825,39.8961,235.2941,6.54,star B5V,"HIP 12218 ;HD  16219 ;HR  760 ;",0
40.981515,-7.912486,76.864,6.54,star K0,"HIP 12754 ;HD  17039 ;",0
43.442595,9.335815,173.3102,6.54,star M3,"HIP 13495 ;HD  17986 ;",0
51.76341,18.756554,122.2494,6.54,star A3V,"HIP 16077 ;HD  21335 ;HR  1036 ;",0
56.83317,-29.901726,38.0807,6.54,star F5V,"HIP 17689 ;HD  23856 ;HR  1179 ;",0
59.513085,34.813968,61.237,6.54,star A8V,"HIP 18547 ;HD  24809 ;HR  1223 ;",0
64.60266,9.487162,161.8123,6.54,star A4III,"HIP 20089 ;HD  27236 ;HR  1334 ;",0
72.805635,68.168783,990.099,6.54,star N5,"HIP 22552 ;HD  30243 ;",0
80.16318,46.963783,273.224,6.54,star A2V+...,"HIP 24951 ;HD  34533 ;HR  1736 ;",0
83.42961,32.748929,251.2563,6.54,star K5,"HIP 26077 ;HD  36506 ;",0
86.558205,-23.644358,189.3939,6.54,star M4/M5III,"HIP 27229 ;HD  38628 ;",0
86.95059,-72.70225,138.6963,6.54,star K0III,"HIP 27369 ;HD  39810 ;HR  2062 ;BF  Lam Men ;",0
90.101175,16.298958,421.9409,6.54,star K2,"HIP 28447 ;HD  40569 ;",0
95.21715,11.756222,909.0909,6.54,star B5III,"HIP 30169 ;HD  44173 ;HR  2276 ;",0
96.3948,-2.991448,263.1579,6.54,star A0,"HIP 30575 ;HD  45139 ;",0
96.944025,20.789509,172.117,6.54,star K0,"HIP 30757 ;HD  45352 ;",0
102.490425,-45.450405,196.0784,6.54,star K5III,"HIP 32771 ;HD  50196 ;HR  2546 ;",0
105.4563,-11.300924,444.4444,6.54,star B2Vne,"HIP 33868 ;HD  52721 ;",0
107.21844,33.933913,265.9574,6.54,star K0,"HIP 34497 ;HD  54044 ;",0
111.70944,21.535645,30.4599,6.54,star F6V,"HIP 36152 ;HD  58551 ;HR  2835 ;",0
112.095765,-37.810168,100.3009,6.54,star A1IV,"HIP 36304 ;HD  59466 ;HR  2869 ;",0
113.210955,22.887606,136.612,6.54,star F8V...,"HIP 36690 ;HD  59878 ;HR  2879 ;",0
113.665935,80.896697,251.8892,6.54,star G7III:,"HIP 36858 ;HD  57508 ;HR  2797 ;",0
115.49181,-38.528355,180.5054,6.54,star B8V,"HIP 37514 ;HD  62376 ;HR  2986 ;",0
117.4386,-20.207629,50.6073,6.54,star G0V,"HIP 38216 ;HD  63754 ;HR  3048 ;",0
120.612885,-44.666955,213.2196,6.54,star A0p,"HIP 39329 ;HD  66605 ;",0
121.13547,-17.665543,393.7008,6.54,star K4III,"HIP 39513 ;HD  66783 ;",0
122.584545,69.725078,28.3447,6.54,star F8,"HIP 40015 ;HD  66751 ;GL  Gl 296.2 ;",0
123.114045,-36.989231,613.4969,6.54,star B1/B2III,"HIP 40181 ;HD  68761 ;",0
129.52155,9.57461,111.9821,6.54,star A1V,"HIP 42353 ;HD  73316 ;HR  3412 ;BF  37    Cnc ;",0
131.042235,36.918344,64.8929,6.54,star F7V,"HIP 42871 ;HD  74243 ;HR  3451 ;",0
132.865905,-42.504503,107.7586,6.54,star A2Vn,"HIP 43486 ;HD  75926 ;HR  3530 ;",0
140.12271,52.450979,123.3046,6.54,star A0,"HIP 45813 ;HD  80233 ;",0
142.3881,-62.360905,101.0101,6.54,star A2V,"HIP 46546 ;HD  82468 ;",0
143.58159,46.902076,99.5025,6.54,star F0V,"HIP 46963 ;HD  82582 ;HR  3797 ;",0
143.7114,-12.129546,27.4725,6.54,star G0,"HIP 47007 ;HD  82943 ;",0
144.14028,-24.702823,71.582,6.54,star F3IV/V,"HIP 47159 ;HD  83261 ;HR  3828 ;",0
145.663875,-72.190804,257.732,6.54,star B9V,"HIP 47623 ;HD  84631 ;",0
150.70542,-30.577523,187.9699,6.54,star K1III,"HIP 49222 ;HD  87199 ;HR  3956 ;",0
152.190225,-10.884801,139.47,6.54,star A2V,"HIP 49701 ;HD  88024 ;HR  3985 ;",0
153.70929,-41.726074,75.815,6.54,star A0IV,"HIP 50196 ;HD  88976 ;",0
155.81088,5.694263,55.0661,6.54,star F6V,"HIP 50870 ;HD  89995 ;HR  4079 ;",0
161.916345,-64.547178,431.0345,6.54,star B3III,"HIP 52799 ;HD  93714 ;",0
166.012125,-54.197764,598.8024,6.54,star G8III,"HIP 54087 ;HD  96068 ;",0
168.973695,-47.920858,160.7717,6.54,star A0V,"HIP 55019 ;HD  98022 ;",0
170.13018,-10.294534,102.0408,6.54,star K0,"HIP 55389 ;HD  98591 ;",0
172.79277,48.789575,176.6784,6.54,star G9III,"HIP 56194 ;HD  100055 ;HR  4436 ;",0
173.54145,11.023864,102.8807,6.54,star A2m,"HIP 56429 ;HD  100518 ;HR  4454 ;",0
178.773945,46.476846,211.8644,6.54,star A3Vn,"HIP 58112 ;HD  103483 ;HR  4560 ;BF  65    UMa ;",0
179.23428,-13.754559,53.5906,6.54,star G1/G2V,"HIP 58264 ;HD  103753 ;",0
183.00318,-64.510405,100000,6.54,star A2II,"HIP 59488 ;HD  106000 ;",0
185.577075,-15.555406,225.2252,6.54,star K0/K1III,"HIP 60338 ;HD  107642 ;",0
188.036715,-56.129539,500,6.54,star K5III,"HIP 61179 ;HD  109045 ;",0
189.21894,70.184724,283.2861,6.54,star K2,"HIP 61564 ;HD  109822 ;",0
207.644145,-19.897895,101.1122,6.54,star F6IV/V,"HIP 67555 ;HD  120544 ;HR  5202 ;",0
211.574055,-8.891617,118.4834,6.54,star A0,"HIP 68888 ;HD  123177 ;",0
211.62333,16.97023,370.3704,6.54,star M0,"HIP 68913 ;HD  123303 ;",0
212.5368,68.863384,251.2563,6.54,star K0,"HIP 69207 ;HD  124369 ;",0
214.599015,-33.22055,96.1538,6.54,star A9IV/V,"HIP 69904 ;HD  125150 ;HR  5348 ;",0
223.58631,-28.348198,148.1481,6.54,star K1III,"HIP 72930 ;HD  131415 ;",0
238.236255,-65.152496,131.9261,6.54,star A5IV,"HIP 77785 ;HD  141413 ;HR  5876 ;",0
244.71597,-57.89979,862.069,6.54,star F8/G0Ib,"HIP 79932 ;HD  146323 ;HR  6062 ;",0
258.961455,-33.737005,833.3333,6.54,star B1/B2Ib/II,"HIP 84444 ;HD  155889 ;",0
275.021475,-7.981329,60.1323,6.54,star F5,"HIP 89846 ;HD  168459 ;",0
276.03558,79.222698,130.039,6.54,star K0,"HIP 90179 ;HD  171606 ;",0
279.631695,-48.720778,245.098,6.54,star K3/K4III,"HIP 91406 ;HD  171648 ;",0
280.33764,-50.472658,128.041,6.54,star G8III,"HIP 91647 ;HD  172181 ;",0
281.021445,38.533083,378.7879,6.54,star K5,"HIP 91898 ;HD  173525 ;",0
281.746275,-50.094636,114.6789,6.54,star F0V,"HIP 92157 ;HD  173263 ;HR  7037 ;",0
282.33612,43.73439,151.0574,6.54,star G5,"HIP 92352 ;HD  174621 ;",0
283.591365,10.808334,316.4557,6.54,star K2,"HIP 92779 ;HD  175293 ;",0
287.401515,-36.164808,245.7002,6.54,star A0III/IV,"HIP 94124 ;HD  178299 ;HR  7256 ;",0
288.06546,47.374989,649.3506,6.54,star K0,"HIP 94351 ;HD  179959 ;",0
288.566745,-8.719095,65.4879,6.54,star K0,"HIP 94521 ;HD  179799 ;",0
288.987345,27.455925,277.0083,6.54,star B5V,"HIP 94679 ;HD  180553 ;HR  7305 ;",0
295.70184,22.851633,135.5014,6.54,star K0,"HIP 96985 ;HD  186310 ;",0
295.704615,29.331763,85.2515,6.54,star F1III,"HIP 96988 ;HD  186357 ;HR  7501 ;",0
301.2441,23.210379,118.624,6.54,star A5Vn,"HIP 98897 ;HD  190590 ;HR  7677 ;",0
302.8158,-43.662293,180.1802,6.54,star G5/G6III,"HIP 99465 ;HD  191349 ;",0
308.473755,10.059734,132.9787,6.54,star A2Vnn,"HIP 101473 ;HD  195922 ;HR  7857 ;",0
311.61282,-50.805533,209.205,6.54,star K2III/IVCN.,"HIP 102506 ;HD  197544 ;",0
314.564865,30.395938,158.2278,6.54,star G9III,"HIP 103510 ;HD  199763 ;",0
316.672845,-20.180264,161.2903,6.54,star K3III,"HIP 104204 ;HD  200868 ;",0
317.986905,30.619141,147.929,6.54,star G5,"HIP 104653 ;HD  201939 ;",0
318.921285,-57.631351,91.8274,6.54,star F0V,"HIP 104965 ;HD  202027 ;",0
319.46895,-48.718264,148.8095,6.54,star K2III,"HIP 105133 ;HD  202501 ;",0
324.371295,4.682456,86.4304,6.54,star A5,"HIP 106755 ;HD  205782 ;",0
327.50808,-47.725133,163.3987,6.54,star K0III,"HIP 107775 ;HD  207400 ;",0
327.64773,-8.982556,121.5067,6.54,star K0,"HIP 107820 ;HD  207627 ;",0
329.645655,-44.062611,73.0994,6.54,star G8IV,"HIP 108484 ;HD  208627 ;",0
332.37444,-7.548654,21.561,6.54,star G0,"HIP 109378 ;HD  210277 ;GL  Gl 848.4 ;",0
332.67648,-75.881435,136.9863,6.54,star K2IIICN...,"HIP 109477 ;HD  209855 ;HR  8420 ;",0
335.47014,40.666422,165.0165,6.54,star K2,"HIP 110412 ;HD  212212 ;",0
338.394225,40.819024,256.4103,6.54,star K0,"HIP 111355 ;HD  213835 ;",0
338.52756,-9.608494,308.642,6.54,star K0,"HIP 111398 ;HD  213780 ;",0
339.448905,-39.857114,89.5255,6.54,star F7V,"HIP 111718 ;HD  214291 ;",0
344.450445,73.133503,168.9189,6.54,star K0,"HIP 113387 ;HD  217295 ;",0
347.48793,14.426551,24.8262,6.54,star G0V,"HIP 114378 ;HD  218687 ;",0
356.34078,10.179837,68.0735,6.54,star A3,"HIP 117173 ;HD  222962 ;",0
5.42679,67.823015,175.7469,6.55,star K0,"HIP 1725 ;HD  1695 ;",0
5.802525,-31.035775,172.7116,6.55,star B9IV,"HIP 1830 ;HD  1909 ;HR  89 ;",0
10.39362,-25.196563,308.642,6.55,star K1/K2III,"HIP 3266 ;HD  3917 ;",0
11.163075,-65.649522,22.0556,6.55,star G3V,"HIP 3497 ;HD  4308 ;GL  Gl 31.5 ;",0
14.541165,39.47537,159.7444,6.55,star K0,"HIP 4542 ;HD  5597 ;",0
17.71044,67.780095,54.6448,6.55,star G0,"HIP 5531 ;HD  6840 ;",0
18.12768,2.471579,48.216,6.55,star F8,"HIP 5646 ;HD  7218 ;",0
24.839745,-33.564777,136.612,6.55,star K2III,"HIP 7721 ;HD  10216 ;",0
26.42721,8.559238,176.6784,6.55,star A2p...,"HIP 8210 ;HD  10783 ;",0
26.64708,17.412696,140.056,6.55,star A9III,"HIP 8271 ;HD  10845 ;HR  515 ;",0
26.9118,-20.845172,223.7136,6.55,star K3III,"HIP 8347 ;HD  10998 ;",0
33.86796,-9.466528,189.0359,6.55,star A0V,"HIP 10512 ;HD  13936 ;HR  658 ;",0
38.493285,71.294255,103.5197,6.55,star K0,"HIP 11930 ;HD  15533 ;",0
39.88212,-64.281719,158.4786,6.55,star B8V,"HIP 12389 ;HD  16891 ;HR  798 ;",0
43.595145,51.166942,130.3781,6.55,star K0,"HIP 13540 ;HD  17902 ;",0
44.06652,29.164069,160.2564,6.55,star G8III,"HIP 13684 ;HD  18202 ;",0
54.93948,-40.352214,132.2751,6.55,star A3V,"HIP 17099 ;HD  22986 ;",0
57.32961,-1.453256,100.2004,6.55,star G5,"HIP 17856 ;HD  23992 ;",0
61.154115,55.066468,61.3874,6.55,star F2IV,"HIP 19030 ;HD  25362 ;",0
66.235215,-34.757477,89.7666,6.55,star F3/F5IV,"HIP 20613 ;HD  28143 ;HR  1398 ;",0
68.850405,85.527028,37.5094,6.55,star F8,"HIP 21386 ;HD  26367 ;",0
72.862605,-51.725561,515.4639,6.55,star A2/A3,"HIP 22570 ;HD  31244 ;",0
73.39209,23.315663,125.4705,6.55,star K0,"HIP 22743 ;HD  31039 ;",0
74.289825,59.12031,292.3977,6.55,star M0,"HIP 23033 ;HD  31177 ;",0
79.201095,-17.142339,371.7472,6.55,star B2V,"HIP 24618 ;HD  34447 ;HR  1731 ;",0
81.3039,34.855035,125.4705,6.55,star F6V...,"HIP 25343 ;HD  35295 ;HR  1779 ;",0
81.333945,-12.554091,146.6276,6.55,star K1IIICN...,"HIP 25353 ;HD  35591 ;",0
81.3795,-0.543945,215.0538,6.55,star B9sp...,"HIP 25365 ;HD  35548 ;HR  1800 ;",0
83.369685,42.108958,549.4505,6.55,star B9IIIp...,"HIP 26057 ;HD  36404 ;HR  1846 ;",0
86.984655,35.159275,420.1681,6.55,star F8Ib-II,"HIP 27380 ;HD  38503 ;",0
88.345215,-42.921331,208.7683,6.55,star K3III,"HIP 27835 ;HD  39901 ;HR  2069 ;",0
89.269305,49.029687,161.8123,6.55,star G8III,"HIP 28162 ;HD  39743 ;HR  2054 ;",0
92.19597,8.669432,552.4862,6.55,star B9V,"HIP 29138 ;HD  42035 ;HR  2167 ;",0
96.962325,47.404927,94.8767,6.55,star A0V,"HIP 30762 ;HD  45105 ;HR  2314 ;",0
99.000435,4.498032,454.5455,6.55,star B9V,"HIP 31523 ;HD  46885 ;HR  2413 ;",0
105.320895,32.414562,141.6431,6.55,star A9IV,"HIP 33823 ;HD  52100 ;HR  2620 ;",0
112.577355,-40.989217,146.8429,6.55,star G8III,"HIP 36474 ;HD  59894 ;",0
112.61916,-50.608972,109.7695,6.55,star A0V,"HIP 36489 ;HD  60130 ;",0
113.692545,2.725496,133.5113,6.55,star A7III,"HIP 36869 ;HD  60489 ;HR  2904 ;",0
117.245745,4.333698,140.8451,6.55,star G0,"HIP 38140 ;HD  63435 ;HR  3033 ;",0
119.07747,80.265542,17.191,6.55,star G8V,"HIP 38784 ;HD  62613 ;HR  2997 ;GL  Gl 290 ;",0
128.831025,19.590063,202.8398,6.55,star G0III,"HIP 42133 ;HD  72779 ;HR  3387 ;BF  35    Cnc ;",0
131.34717,0.197764,126.7427,6.55,star G5,"HIP 42957 ;HD  74686 ;",0
144.02172,-64.950243,79.8722,6.55,star A2V,"HIP 47115 ;HD  83523 ;HR  3841 ;",0
146.311365,23.474565,118.4834,6.55,star K0,"HIP 47853 ;HD  84347 ;",0
149.130615,32.384659,49.5295,6.55,star F2,"HIP 48742 ;HD  86012 ;",0
154.32351,41.46743,340.1361,6.55,star M2III:,"HIP 50389 ;HD  89053 ;",0
156.69531,-4.388339,187.9699,6.55,star K0,"HIP 51135 ;HD  90485 ;",0
159.335715,56.431341,155.2795,6.55,star K1III,"HIP 51992 ;HD  91810 ;",0
160.82469,-31.759721,149.925,6.55,star K0III,"HIP 52447 ;HD  92934 ;",0
172.0086,11.973094,295.858,6.55,star K2,"HIP 55958 ;HD  99647 ;",0
177.279615,5.183366,111.7318,6.55,star K0,"HIP 57636 ;HD  102649 ;",0
181.546185,-73.556785,384.6154,6.55,star M2III,"HIP 59031 ;HD  105121 ;",0
182.613285,-7.773975,113.1222,6.55,star A0,"HIP 59346 ;HD  105759 ;",0
188.300835,-52.082844,135.6852,6.55,star B9V,"HIP 61257 ;HD  109195 ;",0
194.24181,67.242863,296.7359,6.55,star K0,"HIP 63203 ;HD  112640 ;",0
198.489855,1.456447,161.5509,6.55,star K5III,"HIP 64556 ;HD  114960 ;",0
198.79263,18.918904,204.0816,6.55,star K0,"HIP 64654 ;HD  115166 ;",0
222.89565,-17.790366,53.2765,6.55,star F6V,"HIP 72677 ;HD  130989 ;",0
227.46375,-23.985972,206.1856,6.55,star K4III,"HIP 74206 ;HD  134329 ;",0
233.76909,1.669219,56.4016,6.55,star F0III,"HIP 76291 ;HD  138936 ;HR  5791 ;",0
238.05486,-45.284362,253.8071,6.55,star G5II/III,"HIP 77730 ;HD  141687 ;",0
243.54975,-31.663651,21.5517,6.55,star G1V,"HIP 79578 ;HD  145825 ;",0
250.053855,-33.743574,769.2308,6.55,star G8Ib,"HIP 81620 ;HD  150090 ;",0
251.24994,6.088161,45.8716,6.55,star G5,"HIP 81991 ;HD  151090 ;",0
266.72163,36.087477,269.5418,6.55,star K5,"HIP 87024 ;HD  161958 ;",0
267.80844,40.072463,33.6022,6.55,star F8V:,"HIP 87382 ;HD  162826 ;HR  6669 ;",0
268.02168,1.111173,134.0483,6.55,star K2,"HIP 87448 ;HD  162652 ;",0
268.23237,-35.018892,239.8082,6.55,star B9III,"HIP 87529 ;HD  162515 ;HR  6652 ;",0
269.158095,18.612432,40.2576,6.55,star K0,"HIP 87834 ;HD  163675 ;",0
269.305065,-55.381248,208.7683,6.55,star K0III+...,"HIP 87892 ;HD  163028 ;",0
278.346,30.892089,374.5318,6.55,star B4V,"HIP 90970 ;HD  171406 ;HR  6971 ;",0
282.23178,24.055871,425.5319,6.55,star B1.5IV,"HIP 92319 ;HD  174298 ;",0
283.077645,14.535496,111.1111,6.55,star F7V...,"HIP 92620 ;HD  174897 ;",0
283.898805,42.06028,210.084,6.55,star K0,"HIP 92891 ;HD  175884 ;",0
286.787625,0.640978,307.6923,6.55,star B9III,"HIP 93892 ;HD  178065 ;HR  7245 ;",0
287.484795,35.661001,261.7801,6.55,star K0,"HIP 94156 ;HD  179145 ;",0
288.040755,-37.583105,242.7184,6.55,star F8/G0Ib/II,"HIP 94344 ;HD  178937 ;HR  7273 ;",0
292.57218,33.728455,166.113,6.55,star K0,"HIP 95908 ;HD  183886 ;",0
293.86344,15.610575,425.5319,6.55,star K0,"HIP 96353 ;HD  184741 ;",0
294.5061,35.258992,154.321,6.55,star K0,"HIP 96579 ;HD  185526 ;",0
299.204625,-30.570183,85.9107,6.55,star A4IV/V,"HIP 98152 ;HD  188548 ;",0
299.240415,-57.925641,344.8276,6.55,star K4II,"HIP 98163 ;HD  188161 ;HR  7586 ;",0
299.422035,-38.058851,50.1253,6.55,star F3V,"HIP 98226 ;HD  188642 ;HR  7605 ;",0
304.110195,-35.198468,44.6628,6.55,star F2V,"HIP 99926 ;HD  192486 ;HR  7729 ;",0
305.38353,22.848852,540.5405,6.55,star K5,"HIP 100390 ;HD  193818 ;",0
306.701745,81.434146,173.3102,6.55,star K0,"HIP 100843 ;HD  196565 ;",0
307.25289,-17.875405,125.4705,6.55,star K0III,"HIP 101040 ;HD  194960 ;",0
313.124625,18.027331,156.7398,6.55,star G5,"HIP 103036 ;HD  198835 ;",0
313.593315,28.521996,320.5128,6.55,star B2IIIvar,"HIP 103191 ;HD  199140 ;HR  8007 ;",0
313.78446,-1.373029,83.4725,6.55,star A9Vn,"HIP 103261 ;HD  199124 ;HR  8006 ;",0
315.284715,-13.529992,213.2196,6.55,star G6/G8III,"HIP 103728 ;HD  200004 ;",0
315.64677,-9.995621,370.3704,6.55,star M3,"HIP 103851 ;HD  200228 ;",0
320.84592,37.406545,98.4252,6.55,star F6II-III,"HIP 105607 ;HD  203784 ;HR  8189 ;",0
327.22677,-56.274008,204.0816,6.55,star B9V,"HIP 107690 ;HD  207158 ;",0
328.98072,-46.927961,59.5238,6.55,star F5V,"HIP 108258 ;HD  208215 ;",0
329.3508,66.139082,598.8024,6.55,star K5,"HIP 108378 ;HD  208971 ;",0
333.65925,-15.818532,38.0807,6.55,star K0/K1V,"HIP 109822 ;HD  211038 ;GL  Gl 851.3 ;",0
335.026035,56.918014,227.7904,6.55,star B6II,"HIP 110266 ;HD  212043 ;",0
335.17641,14.032295,157.2327,6.55,star K0,"HIP 110323 ;HD  211960 ;",0
338.4714,61.778128,173.0104,6.55,star A2,"HIP 111379 ;HD  214007 ;",0
341.37336,-88.818294,102.7749,6.55,star A7IV,"HIP 112355 ;HD  206553 ;HR  8294 ;",0
341.587755,46.215082,392.1569,6.55,star K5,"HIP 112428 ;HD  215705 ;",0
342.38391,10.478616,64.5578,6.55,star F0IV-V,"HIP 112714 ;HD  216048 ;HR  8681 ;",0
359.693475,46.413179,436.6812,6.55,star B4Vne,"HIP 118214 ;HD  224559 ;HR  9070 ;",0
359.91936,-5.893053,157.9779,6.55,star G5,"HIP 118298 ;HD  224661 ;",0
3.012585,-13.813179,194.5525,6.56,star K0III,"HIP 973 ;HD  780 ;",0
10.719795,16.662464,148.5884,6.56,star K0,"HIP 3371 ;HD  4014 ;",0
14.459235,-1.765981,177.6199,6.56,star G5,"HIP 4511 ;HD  5624 ;",0
42.970335,44.894207,235.2941,6.56,star K0,"HIP 13360 ;HD  17689 ;",0
43.58664,-64.435578,196.8504,6.56,star K2/K3III,"HIP 13537 ;HD  18423 ;HR  880 ;",0
53.80125,73.346928,157.4803,6.56,star A0Vn,"HIP 16725 ;HD  21610 ;HR  1055 ;",0
58.28487,-6.633744,602.4096,6.56,star B9,"HIP 18169 ;HD  24446 ;",0
59.131665,-10.853138,86.3558,6.56,star F5,"HIP 18440 ;HD  24833 ;",0
69.622965,26.939263,62.5782,6.56,star F2V:,"HIP 21619 ;HD  29364 ;HR  1470 ;",0
82.110015,34.697455,148.368,6.56,star K0,"HIP 25624 ;HD  35742 ;",0
83.87949,-4.364046,361.0108,6.56,star B2.5IV,"HIP 26257 ;HD  37040 ;HR  1898 ;",0
84.06261,-5.647923,390.625,6.56,star B3Vvar,"HIP 26314 ;HD  37150 ;HR  1906 ;",0
86.792895,58.785528,176.9912,6.56,star K0,"HIP 27314 ;HD  38128 ;",0
90.536985,-5.136956,198.8072,6.56,star K2,"HIP 28595 ;HD  40985 ;",0
94.243515,7.052576,284.9003,6.56,star B7III,"HIP 29839 ;HD  43526 ;HR  2248 ;",0
95.75613,-3.276976,303.9514,6.56,star B5V,"HIP 30351 ;HD  44701 ;",0
96.16236,35.255032,176.0563,6.56,star K0,"HIP 30497 ;HD  44694 ;",0
97.218165,0.127958,420.1681,6.56,star A0,"HIP 30874 ;HD  45689 ;",0
99.009345,56.386067,83.612,6.56,star F2,"HIP 31526 ;HD  46318 ;",0
99.705855,4.700609,358.4229,6.56,star B8IIIn,"HIP 31790 ;HD  47431 ;HR  2441 ;",0
101.358555,-52.200924,666.6667,6.56,star G3Ib,"HIP 32375 ;HD  49396 ;HR  2513 ;",0
103.195935,-54.090335,444.4444,6.56,star G5Ib/II,"HIP 33016 ;HD  51043 ;HR  2587 ;",0
105.098415,-49.135056,187.9699,6.56,star G5III,"HIP 33728 ;HD  52902 ;",0
110.32002,-8.8779,36.324,6.56,star F5,"HIP 35642 ;HD  57517 ;HR  2798 ;",0
112.981845,38.896068,80.6452,6.56,star A2V,"HIP 36624 ;HD  59507 ;HR  2872 ;",0
113.73921,3.276598,146.6276,6.56,star G5,"HIP 36882 ;HD  60526 ;",0
115.77906,-49.992995,237.5297,6.56,star A2V,"HIP 37617 ;HD  62756 ;HR  3005 ;",0
115.912965,-25.503835,100000,6.56,star A3III,"HIP 37660 ;HD  62555 ;HR  2992 ;",0
116.63931,-40.059513,606.0606,6.56,star B2III,"HIP 37938 ;HD  63308 ;HR  3025 ;",0
120.463575,-44.599906,613.4969,6.56,star K2IIICN...,"HIP 39272 ;HD  66478 ;",0
122.080665,-23.617789,346.0208,6.56,star B3III/IV,"HIP 39834 ;HD  67698 ;",0
123.42372,23.137729,93.633,6.56,star A4IVn,"HIP 40293 ;HD  68543 ;HR  3224 ;",0
123.521415,-44.575795,97.9432,6.56,star F2pvar,"HIP 40330 ;HD  69213 ;",0
126.45153,1.574316,176.9912,6.56,star K0,"HIP 41315 ;HD  71136 ;",0
128.38965,-16.109615,150.1502,6.56,star K0III,"HIP 41992 ;HD  72665 ;",0
131.211705,-44.542596,36.483,6.56,star G3IV,"HIP 42922 ;HD  74868 ;",0
134.20704,-17.433396,62.3053,6.56,star F3/F5V,"HIP 43920 ;HD  76635 ;",0
134.576205,18.308276,132.2751,6.56,star A0,"HIP 44056 ;HD  76706 ;",0
155.3106,-13.786528,123.9157,6.56,star A1V,"HIP 50705 ;HD  89746 ;",0
156.68313,-47.659823,101.5228,6.56,star F0IV/V,"HIP 51130 ;HD  90611 ;",0
162.774975,-18.332213,144.5087,6.56,star A3V,"HIP 53037 ;HD  94046 ;",0
162.972225,-49.157562,49.8008,6.56,star F7V,"HIP 53106 ;HD  94243 ;",0
174.39207,-60.90323,164.4737,6.56,star M4III,"HIP 56702 ;HD  101104 ;",0
183.564405,-5.716599,78.064,6.56,star Am,"HIP 59676 ;HD  106384 ;",0
185.338065,-62.281634,100000,6.56,star G2Ib,"HIP 60259 ;HD  107447 ;",0
189.051105,-52.417718,303.0303,6.56,star K5/M0III,"HIP 61513 ;HD  109593 ;",0
201.52608,-16.858488,138.3126,6.56,star K0III,"HIP 65532 ;HD  116768 ;",0
202.843785,-42.464751,144.9275,6.56,star K0III,"HIP 65955 ;HD  117483 ;",0
203.75712,12.513958,143.2665,6.56,star K0,"HIP 66275 ;HD  118180 ;",0
207.22974,-35.70418,29.4724,6.56,star G0V,"HIP 67408 ;HD  120237 ;HR  5189 ;GL  NN 3807B ;",0
210.019485,-8.16164,104.0583,6.56,star K0,"HIP 68398 ;HD  122135 ;",0
211.30839,-16.335986,103.3058,6.56,star A1/A2V,"HIP 68808 ;HD  122958 ;HR  5284 ;",0
213.820845,52.535925,93.2836,6.56,star A4V,"HIP 69650 ;HD  125019 ;HR  5345 ;",0
222.71154,-53.368317,136.612,6.56,star A0V,"HIP 72617 ;HD  130572 ;",0
225.25938,-64.576052,117.6471,6.56,star A9/F0IV/V,"HIP 73483 ;HD  132209 ;",0
233.26965,16.012037,114.8106,6.56,star K2,"HIP 76136 ;HD  138685 ;",0
234.66645,-8.794714,24.3962,6.56,star F6IV-V,"HIP 76602 ;HD  139460 ;HR  5815 ;",0
245.11755,-12.911038,94.697,6.56,star F0III/IV,"HIP 80060 ;HD  147135 ;",0
249.63558,48.862294,313.4796,6.56,star M...,"HIP 81483 ;HD  150409 ;",0
258.639465,26.051903,203.252,6.56,star K3III,"HIP 84340 ;HD  156093 ;",0
275.007135,-48.765242,199.2032,6.56,star A3IV/V,"HIP 89840 ;HD  167956 ;",0
280.964565,10.901141,228.833,6.56,star K5,"HIP 91882 ;HD  173215 ;",0
284.48856,77.050825,58.7199,6.56,star F2V,"HIP 93097 ;HD  178089 ;HR  7247 ;",0
290.109135,-31.8176,374.5318,6.56,star K5/M0III,"HIP 95054 ;HD  181109 ;HR  7323 ;",0
290.226255,22.198787,149.925,6.56,star B8,"HIP 95109 ;HD  181751 ;",0
299.35305,-6.697909,93.1966,6.56,star G5,"HIP 98210 ;HD  188844 ;",0
300.650925,-45.196017,208.3333,6.56,star K1III,"HIP 98682 ;HD  189563 ;",0
300.80247,4.73026,271.0027,6.56,star K5,"HIP 98730 ;HD  190095 ;",0
303.79566,55.656464,262.4672,6.56,star K0,"HIP 99818 ;HD  192982 ;",0
305.116155,-29.197218,136.0544,6.56,star A5/A6V,"HIP 100288 ;HD  193281 ;HR  7764 ;",0
306.965775,65.755776,90.9918,6.56,star A2,"HIP 100933 ;HD  195503 ;",0
317.541675,-43.382726,217.8649,6.56,star B8V,"HIP 104508 ;HD  201317 ;",0
319.940265,-26.35288,17.9695,6.56,star G5V,"HIP 105312 ;HD  202940 ;HR  8148 ;GL  Gl 825.4A ;",0
320.58876,77.090259,138.1215,6.56,star A0,"HIP 105526 ;HD  204408 ;",0
322.176135,25.921345,240.9639,6.56,star K2III,"HIP 106036 ;HD  204540 ;",0
328.001895,55.791968,207.0393,6.56,star A1p,"HIP 107929 ;HD  208063 ;",0
331.027995,44.345117,178.5714,6.56,star A2,"HIP 108933 ;HD  209679 ;",0
337.01463,44.120577,319.4888,6.56,star K5,"HIP 110896 ;HD  213061 ;",0
337.43349,35.725631,116.9591,6.56,star A2V,"HIP 111041 ;HD  213272 ;HR  8569 ;",0
338.16432,13.044536,85.3242,6.56,star F2III,"HIP 111282 ;HD  213619 ;",0
341.68194,-46.939446,78.3699,6.56,star A5,"HIP 112449 ;HD  215545 ;HR  8662 ;",0
345.639045,31.781596,114.4165,6.56,star F2IV,"HIP 113783 ;HD  217754 ;HR  8765 ;",0
345.64656,16.232431,392.1569,6.56,star F0III,"HIP 113787 ;HD  217732 ;",0
356.37219,20.415439,159.2357,6.56,star K0,"HIP 117182 ;HD  222978 ;",0
357.987795,77.599377,38.9408,6.56,star F5V,"HIP 117681 ;HD  223731 ;HR  9034 ;GL  Wo 9843 ;",0
359.23179,55.840339,100000,6.56,star K0,"HIP 118057 ;HD  224320 ;",0
5.22747,10.976901,310.559,6.57,star A0V,"HIP 1670 ;HD  1663 ;HR  81 ;",0
5.971875,60.961413,54.5554,6.57,star F2,"HIP 1892 ;HD  1917 ;",0
7.76637,55.702615,137.5516,6.57,star G5,"HIP 2440 ;HD  2701 ;",0
14.69061,-5.882816,102.5641,6.57,star K0,"HIP 4592 ;HD  5720 ;",0
21.479895,-8.504394,158.7302,6.57,star G5,"HIP 6690 ;HD  8728 ;",0
21.742065,-32.543182,265.9574,6.57,star C,"HIP 6759 ;HD  8879 ;HR  423 ;",0
21.99768,-22.036935,189.7533,6.57,star K0III,"HIP 6835 ;HD  8959 ;",0
25.839285,59.632758,148.8095,6.57,star K1III,"HIP 8052 ;HD  10437 ;",0
30.532995,28.400214,120.4819,6.57,star K1III,"HIP 9493 ;HD  12402 ;",0
32.282805,71.552006,27.1518,6.57,star F8,"HIP 10031 ;HD  12800 ;",0
33.57888,-76.357539,173.0104,6.57,star K2III+...,"HIP 10422 ;HD  14401 ;",0
34.76856,57.135497,100000,6.57,star B3Ia,"HIP 10805 ;HD  14134 ;",0
35.52759,22.873594,188.3239,6.57,star G2IV,"HIP 11035 ;HD  14595 ;",0
42.71754,-67.522384,140.2525,6.57,star K0III,"HIP 13274 ;HD  18121 ;",0
48.781485,73.868145,289.0173,6.57,star K0,"HIP 15135 ;HD  19615 ;",0
56.969445,33.599872,325.7329,6.57,star B2.5V,"HIP 17735 ;HD  23625 ;HR  1163 ;",0
60.89115,-25.847895,478.4689,6.57,star M2III,"HIP 18939 ;HD  25676 ;",0
62.054625,43.191138,130.5483,6.57,star B8,"HIP 19298 ;HD  25932 ;",0
64.20288,16.214385,138.1215,6.57,star K1III,"HIP 19960 ;HD  27029 ;",0
77.89932,-37.395281,409.8361,6.57,star M1III,"HIP 24189 ;HD  33872 ;HR  1699 ;",0
80.15967,71.71468,150.1502,6.57,star G5,"HIP 24948 ;HD  34004 ;",0
83.841105,-4.494172,380.2281,6.57,star B1.5V,"HIP 26233 ;HD  37017 ;HR  1890 ;",0
84.45036,-34.689694,343.6426,6.57,star K1/K2III,"HIP 26466 ;HD  37549 ;",0
85.478175,23.326228,242.7184,6.57,star B8p,"HIP 26836 ;HD  37752 ;HR  1951 ;",0
86.456295,40.507235,60.5327,6.57,star A3e...,"HIP 27192 ;HD  38189 ;HR  1974 ;",0
88.64457,-4.064714,384.6154,6.57,star B1.5V,"HIP 27929 ;HD  39777 ;HR  2058 ;",0
91.73265,16.366715,364.9635,6.57,star K0,"HIP 28978 ;HD  41602 ;",0
92.454765,2.869469,156.7398,6.57,star K0,"HIP 29236 ;HD  42256 ;",0
95.17527,72.14596,233.1002,6.57,star G5,"HIP 30153 ;HD  42951 ;",0
95.92818,-16.467189,196.0784,6.57,star A9/F0IV,"HIP 30414 ;HD  44892 ;",0
96.815745,14.88923,100000,6.57,star O9:pe,"HIP 30722 ;HD  45314 ;",0
97.234905,26.967457,46.2321,6.57,star F5,"HIP 30880 ;HD  45504 ;HR  2339 ;",0
97.523325,9.029712,775.1938,6.57,star A0III,"HIP 30977 ;HD  45827 ;HR  2362 ;",0
100.69776,-4.14088,66.0502,6.57,star F5,"HIP 32146 ;HD  48332 ;",0
103.665735,15.837945,200.8032,6.57,star G8III,"HIP 33205 ;HD  50607 ;",0
106.084065,1.488491,233.6449,6.57,star A0V,"HIP 34107 ;HD  53205 ;HR  2654 ;",0
108.446805,-31.083633,429.1845,6.57,star B2III/IV,"HIP 34937 ;HD  55958 ;HR  2741 ;",0
110.095695,-56.294647,71.0227,6.57,star A1V,"HIP 35567 ;HD  57969 ;",0
112.822335,-1.125878,129.199,6.57,star G5,"HIP 36565 ;HD  59726 ;",0
118.99416,-12.608194,94.0734,6.57,star G8IV,"HIP 38748 ;HD  64967 ;",0
126.888645,-20.843958,178.5714,6.57,star A1V,"HIP 41475 ;HD  71581 ;HR  3335 ;",0
128.22408,-47.605514,100000,6.57,star B9Iab:,"HIP 41928 ;HD  72800 ;",0
133.068285,8.06292,24.0154,6.57,star G0,"HIP 43557 ;HD  75767 ;",0
140.313945,15.371352,212.766,6.57,star A1V,"HIP 45874 ;HD  80613 ;HR  3711 ;",0
140.957385,-35.247526,92.081,6.57,star A1/A2IV,"HIP 46081 ;HD  81307 ;",0
142.558755,-24.274066,222.7171,6.57,star K3III,"HIP 46609 ;HD  82234 ;",0
142.66773,-28.766483,211.8644,6.57,star K2III,"HIP 46646 ;HD  82363 ;",0
154.191165,-20.669684,98.4252,6.57,star F5IV,"HIP 50340 ;HD  89169 ;HR  4040 ;",0
155.14221,-31.813671,62.5391,6.57,star F7V,"HIP 50641 ;HD  89709 ;",0
157.90107,2.844767,133.8688,6.57,star K0,"HIP 51538 ;HD  91165 ;",0
160.65618,3.58311,71.3776,6.57,star F5,"HIP 52401 ;HD  92749 ;",0
166.23987,-59.858898,100000,6.57,star B1Iab,"HIP 54179 ;HD  96248 ;",0
169.882275,32.825133,142.8571,6.57,star K0,"HIP 55302 ;HD  98397 ;",0
173.807625,-60.894554,54.5256,6.57,star F2IV,"HIP 56519 ;HD  100773 ;",0
173.93091,10.911281,106.9519,6.57,star A4Vn,"HIP 56553 ;HD  100740 ;HR  4464 ;",0
180.43449,22.0943,155.0388,6.57,star G0II,"HIP 58661 ;HD  104452 ;",0
184.539885,-3.948779,52.687,6.57,star F2V,"HIP 59984 ;HD  106976 ;HR  4678 ;",0
188.7765,18.377065,51.8403,6.57,star A7m,"HIP 61415 ;HD  109510 ;HR  4791 ;BF  24    Com ;",0
198.38316,72.799097,84.0336,6.57,star A2V,"HIP 64527 ;HD  115227 ;HR  5003 ;",0
205.156905,-44.330234,121.0654,6.57,star A0V,"HIP 66722 ;HD  118878 ;",0
207.07494,-6.837381,146.1988,6.57,star K0,"HIP 67355 ;HD  120235 ;",0
207.96582,10.135925,236.4066,6.57,star K5,"HIP 67674 ;HD  120848 ;",0
210.07866,-46.127248,98.5222,6.57,star A7V,"HIP 68414 ;HD  122015 ;",0
211.67352,-14.204887,240.3846,6.57,star M4III,"HIP 68937 ;HD  123214 ;",0
212.066085,24.315051,282.4859,6.57,star K5III,"HIP 69067 ;HD  123612 ;",0
214.0764,-33.241322,74.5156,6.57,star F0V,"HIP 69722 ;HD  124780 ;HR  5337 ;",0
216.79701,-66.568025,775.1938,6.57,star A1III,"HIP 70661 ;HD  126226 ;",0
221.465745,13.10141,163.9344,6.57,star K0,"HIP 72183 ;HD  130086 ;",0
230.3754,-38.218692,143.2665,6.57,star A+...,"HIP 75151 ;HD  136347 ;HR  5697 ;",0
231.296625,-47.217431,213.6752,6.57,star K3/K4IIIp..,"HIP 75482 ;HD  136937 ;",0
232.299345,80.448602,21.8484,6.57,star G8IV-V+...,"HIP 75809 ;HD  139777 ;HR  5829 ;",0
232.73097,8.579092,50.6329,6.57,star F4Vw,"HIP 75971 ;HD  138290 ;HR  5758 ;",0
233.07447,-10.438753,140.2525,6.57,star G0,"HIP 76079 ;HD  138425 ;",0
239.970105,-31.16845,129.8701,6.57,star K1III+...,"HIP 78352 ;HD  143147 ;",0
242.51631,26.74275,125.3133,6.57,star K0III,"HIP 79219 ;HD  145457 ;",0
244.069665,23.122726,143.0615,6.57,star K0,"HIP 79724 ;HD  146604 ;",0
245.07588,36.975584,230.9469,6.57,star M0,"HIP 80042 ;HD  147395 ;",0
250.66245,-61.785017,529.1005,6.57,star G3III,"HIP 81814 ;HD  150085 ;",0
253.66761,-11.792463,94.3396,6.57,star A2IV,"HIP 82737 ;HD  152585 ;HR  6278 ;",0
255.12249,6.583706,75.4148,6.57,star A7V,"HIP 83223 ;HD  153653 ;HR  6317 ;",0
255.290115,27.196528,42.5894,6.57,star F5V,"HIP 83274 ;HD  153897 ;HR  6328 ;",0
257.916045,45.324447,414.9378,6.57,star K2,"HIP 84106 ;HD  155816 ;",0
258.9954,27.134127,115.2074,6.57,star K2III,"HIP 84455 ;HD  156362 ;",0
261.97839,-47.026219,100000,6.57,star B5Vnne,"HIP 85467 ;HD  157832 ;",0
267.530685,-64.305097,126.1034,6.57,star F0III/IV,"HIP 87286 ;HD  161441 ;",0
268.61808,3.732147,384.6154,6.57,star K2,"HIP 87675 ;HD  163132 ;",0
278.581545,20.466411,130.039,6.57,star A3V,"HIP 91041 ;HD  171487 ;HR  6975 ;",0
279.30258,11.421506,180.5054,6.57,star B9V,"HIP 91286 ;HD  171975 ;HR  6992 ;",0
281.32803,-35.856765,113.7656,6.57,star K1III,"HIP 92017 ;HD  173122 ;",0
283.999965,-80.727885,308.642,6.57,star A0V,"HIP 92928 ;HD  172882 ;",0
286.21917,19.144282,264.5503,6.57,star K0,"HIP 93705 ;HD  177649 ;",0
287.18424,-18.952787,196.8504,6.57,star K3III,"HIP 94040 ;HD  178291 ;",0
289.33323,39.12108,148.8095,6.57,star K1III,"HIP 94799 ;HD  181069 ;",0
289.9059,-51.572603,134.5895,6.57,star A1V,"HIP 94975 ;HD  180575 ;",0
290.11281,-1.309759,47.5059,6.57,star F2,"HIP 95055 ;HD  181420 ;",0
292.057755,29.450274,157.7287,6.57,star K1III,"HIP 95728 ;HD  183399 ;",0
296.007495,9.517625,558.6592,6.57,star K0,"HIP 97101 ;HD  186442 ;",0
302.532465,8.443402,62.7353,6.57,star F8,"HIP 99367 ;HD  191533 ;",0
303.66507,36.75207,100000,6.57,star G8III,"HIP 99777 ;HD  192661 ;",0
304.354905,39.593539,403.2258,6.57,star Ape...,"HIP 100013 ;HD  193182 ;",0
304.61229,-72.979334,212.3142,6.57,star K3III,"HIP 100103 ;HD  191937 ;",0
307.583265,49.78017,108.9325,6.57,star K0,"HIP 101164 ;HD  195608 ;",0
308.05635,65.399216,137.931,6.57,star K0,"HIP 101325 ;HD  196229 ;",0
311.151885,47.296912,657.8947,6.57,star K0,"HIP 102377 ;HD  197850 ;",0
314.07606,-3.561693,270.2703,6.57,star B8Vn,"HIP 103347 ;HD  199280 ;HR  8014 ;",0
314.57796,23.046345,151.5152,6.57,star G8III,"HIP 103516 ;HD  199719 ;",0
317.198625,-76.212469,187.2659,6.57,star K1III,"HIP 104385 ;HD  200266 ;HR  8052 ;",0
321.231015,49.323128,184.8429,6.57,star B9sp...,"HIP 105733 ;HD  204131 ;HR  8206 ;",0
322.49823,-19.147827,118.0638,6.57,star F3V,"HIP 106143 ;HD  204577 ;HR  8222 ;",0
326.48526,25.583419,195.6947,6.57,star B8,"HIP 107462 ;HD  207071 ;",0
328.400145,-10.311619,377.3585,6.57,star B9V,"HIP 108058 ;HD  208008 ;HR  8355 ;",0
332.07825,24.156776,70.2247,6.57,star G2V,"HIP 109281 ;HD  210211 ;",0
345.22812,38.707844,320.5128,6.57,star B3Vp,"HIP 113640 ;HD  217543 ;HR  8758 ;",0
346.741545,-30.048144,66.6667,6.57,star F5IV/V,"HIP 114139 ;HD  218283 ;",0
348.847845,-56.691881,92.6784,6.57,star F0III,"HIP 114810 ;HD  219301 ;",0
348.99117,24.770945,44.484,6.57,star F5V,"HIP 114863 ;HD  219487 ;HR  8845 ;",0
350.841975,-55.553402,199.6008,6.57,star K2III,"HIP 115462 ;HD  220330 ;",0
352.96524,-41.752385,201.2072,6.57,star K2III,"HIP 116131 ;HD  221370 ;",0
352.983285,-25.74414,134.4086,6.57,star K0III,"HIP 116141 ;HD  221387 ;",0
354.040185,-26.876314,65.9196,6.57,star A2m...,"HIP 116482 ;HD  221907 ;",0
358.253835,17.899771,156.0062,6.57,star K2,"HIP 117770 ;HD  223837 ;",0
359.11494,83.191116,90.6618,6.57,star A3V,"HIP 118027 ;HD  224309 ;HR  9056 ;",0
207.2298,-35.704955,29.4118,6.57,star G3 IV-V,"HD  120237 ;HR  5189 ;GL  NN 3806A ;",0
288.023685,49.854916,22.9885,6.57,star G6 V,"HD  179958 ;HR  7294 ;GL  Wo 9648A ;",0
3.005715,23.471749,154.7988,6.58,star K0III,"HIP 969 ;HD  756 ;",0
6.66441,56.641207,178.5714,6.58,star B9V,"HIP 2101 ;HD  2244 ;",0
8.790075,36.832233,259.7403,6.58,star G8III-IV...,"HIP 2753 ;HD  3165 ;",0
19.050225,-42.009716,178.5714,6.58,star K2III,"HIP 5927 ;HD  7706 ;",0
24.34248,74.300955,277.0083,6.58,star B9V,"HIP 7557 ;HD  9612 ;HR  449 ;",0
40.166775,-69.233004,128.3697,6.58,star G2w...,"HIP 12485 ;HD  17072 ;",0
42.60846,31.972887,119.0476,6.58,star A0,"HIP 13241 ;HD  17606 ;",0
42.899775,-63.540674,242.1308,6.58,star K2/K3IIICN.,"HIP 13333 ;HD  18120 ;",0
43.867605,73.371127,290.6977,6.58,star G5,"HIP 13621 ;HD  17696 ;",0
44.20188,-35.377791,156.7398,6.58,star G8III/IV,"HIP 13727 ;HD  18446 ;",0
50.886675,58.722021,375.9398,6.58,star K0II-III,"HIP 15795 ;HD  20762 ;",0
55.343295,-19.58439,127.8772,6.58,star A3IV/V,"HIP 17223 ;HD  23055 ;HR  1128 ;",0
56.83218,-50.754019,207.9002,6.58,star K3III,"HIP 17688 ;HD  24023 ;",0
62.141085,-45.864799,53.135,6.58,star F2V,"HIP 19331 ;HD  26413 ;HR  1291 ;",0
68.4087,16.323339,76.9231,6.58,star F0,"HIP 21257 ;HD  28879 ;",0
70.045935,40.78901,76.864,6.58,star F2,"HIP 21749 ;HD  29457 ;",0
82.254585,42.270516,144.0922,6.58,star G5,"HIP 25674 ;HD  35761 ;",0
83.48994,1.407647,342.4658,6.58,star B2V,"HIP 26098 ;HD  36741 ;HR  1871 ;",0
86.904735,54.494665,170.068,6.58,star K0,"HIP 27355 ;HD  38257 ;",0
90.212625,-42.870464,235.2941,6.58,star B9IIIp SrEu+,"HIP 28489 ;HD  41089 ;",0
90.571275,1.694053,202.0202,6.58,star B8V,"HIP 28609 ;HD  40964 ;HR  2127 ;",0
91.743975,-6.202715,69.7837,6.58,star A5,"HIP 28985 ;HD  41794 ;",0
93.38856,18.680346,181.8182,6.58,star B8Vnn,"HIP 29545 ;HD  42784 ;HR  2207 ;",0
94.72677,23.603282,271.0027,6.58,star G5,"HIP 30003 ;HD  43740 ;",0
97.638375,-12.081046,172.7116,6.58,star K0III,"HIP 31020 ;HD  46034 ;",0
97.8729,-21.405547,82.713,6.58,star A6V,"HIP 31092 ;HD  46270 ;",0
100.130745,61.922525,102.145,6.58,star A2,"HIP 31944 ;HD  47005 ;",0
102.889155,-6.966512,392.1569,6.58,star B9,"HIP 32923 ;HD  50138 ;",0
103.075215,-5.173713,8.71,6.58,star K3V,"HIP 32984 ;HD  50281 ;GL  Gl 250A ;",0
104.53554,-10.315711,204.0816,6.58,star K2,"HIP 33534 ;HD  51726 ;",0
105.446715,-35.547919,229.8851,6.58,star Ap Si,"HIP 33864 ;HD  52993 ;",0
105.528045,-3.754834,588.2353,6.58,star M1Ib comp SB,"HIP 33891 ;HD  52690 ;",0
111.0393,-58.491949,50.8388,6.58,star G5IV,"HIP 35910 ;HD  58895 ;",0
111.78798,11.954995,342.4658,6.58,star K0,"HIP 36189 ;HD  58686 ;",0
112.2972,12.760022,97.8474,6.58,star A5,"HIP 36371 ;HD  59152 ;",0
112.328445,6.582112,112.7396,6.58,star G5,"HIP 36389 ;HD  59227 ;",0
115.94964,-40.309325,408.1633,6.58,star B3Vne,"HIP 37675 ;HD  62753 ;",0
124.242,59.189364,173.913,6.58,star K0,"HIP 40570 ;HD  68771 ;",0
126.50442,-10.516583,104.712,6.58,star A2,"HIP 41336 ;HD  71253 ;",0
128.620785,-51.093132,353.3569,6.58,star B5Vn,"HIP 42069 ;HD  73127 ;",0
129.506835,-11.743735,124.8439,6.58,star A0,"HIP 42348 ;HD  73431 ;",0
130.825335,-38.882379,11.1408,6.58,star K2V,"HIP 42808 ;HD  74576 ;GL  Gl 320 ;",0
131.666595,28.765059,85.5432,6.58,star G8II...,"HIP 43100 ;HD  74738 ;HR  3474 ;BF  48Iot Cnc ;",0
135.9375,-17.4966,212.766,6.58,star K3III,"HIP 44478 ;HD  77735 ;",0
141.51588,-1.23494,263.1579,6.58,star K0,"HIP 46273 ;HD  81524 ;",0
145.87755,-20.365839,133.3333,6.58,star G8/K0III,"HIP 47698 ;HD  84257 ;",0
151.74954,-71.478031,59.8802,6.58,star F5V,"HIP 49546 ;HD  88189 ;",0
159.07245,-10.583403,61.5385,6.58,star F0V,"HIP 51907 ;HD  91858 ;HR  4155 ;",0
166.784835,-32.587026,54.7645,6.58,star F2V,"HIP 54349 ;HD  96557 ;HR  4324 ;",0
170.67396,40.175472,99.5025,6.58,star F5,"HIP 55549 ;HD  98823 ;",0
179.43876,-8.548713,57.1429,6.58,star G0,"HIP 58331 ;HD  103891 ;",0
180.021555,-78.192934,114.6789,6.58,star B/Ape,"HIP 58520 ;HD  104237 ;",0
185.444295,-49.948962,250.6266,6.58,star K3III,"HIP 60291 ;HD  107524 ;",0
190.527075,-54.760859,194.1748,6.58,star K1/K2III,"HIP 61982 ;HD  110372 ;",0
195.139755,-33.051326,56.243,6.58,star A9V,"HIP 63491 ;HD  112934 ;",0
205.439865,-33.597378,421.9409,6.58,star M3e,"HIP 66825 ;HD  119090 ;HR  5147 ;",0
206.575005,-62.451596,100000,6.58,star B2Ia,"HIP 67206 ;HD  119646 ;",0
214.98909,-73.968443,346.0208,6.58,star B3III/IV,"HIP 70042 ;HD  124834 ;",0
223.277595,-38.257001,233.6449,6.58,star A0V,"HIP 72823 ;HD  131165 ;",0
228.46206,-1.351387,17.671,6.58,star K0V,"HIP 74537 ;HD  135204 ;GL  Gl 580A ;",0
229.118835,-44.503701,288.1844,6.58,star K2/K3III,"HIP 74740 ;HD  135416 ;",0
237.645255,-26.289624,183.1502,6.58,star K3III,"HIP 77606 ;HD  141554 ;",0
240.195315,-72.462898,284.9003,6.58,star K3III,"HIP 78434 ;HD  142497 ;",0
244.598055,-73.043404,235.2941,6.58,star B9V,"HIP 79887 ;HD  145619 ;",0
251.07249,-27.456244,95.9693,6.58,star A2V,"HIP 81939 ;HD  150768 ;HR  6216 ;",0
251.473605,-83.239876,259.0674,6.58,star K4III,"HIP 82076 ;HD  148527 ;HR  6138 ;",0
254.04006,15.383669,163.9344,6.58,star K0,"HIP 82870 ;HD  152972 ;",0
255.13485,-45.451756,469.4836,6.58,star K4III,"HIP 83230 ;HD  153258 ;HR  6303 ;",0
257.690625,12.466978,98.7167,6.58,star A1m,"HIP 84036 ;HD  155375 ;HR  6385 ;",0
259.003215,-87.566275,194.5525,6.58,star G5III,"HIP 84461 ;HD  148451 ;HR  6133 ;",0
264.7065,32.739361,133.6898,6.58,star G5III:,"HIP 86362 ;HD  160507 ;HR  6579 ;",0
266.099895,-22.194905,71.5308,6.58,star F0V,"HIP 86819 ;HD  161083 ;",0
267.562515,25.290999,147.4926,6.58,star A2...,"HIP 87297 ;HD  162485 ;",0
273.86115,-48.851579,90.9918,6.58,star G8III/IV,"HIP 89460 ;HD  166949 ;",0
278.047425,52.115537,240.3846,6.58,star B9.5V,"HIP 90865 ;HD  171461 ;HR  6974 ;",0
281.38005,19.969896,245.098,6.58,star K0,"HIP 92032 ;HD  173633 ;",0
283.03488,-21.921527,85.7633,6.58,star A3V,"HIP 92602 ;HD  174596 ;",0
283.635165,-49.879074,341.2969,6.58,star A2V,"HIP 92799 ;HD  174730 ;HR  7108 ;",0
287.21769,-2.287189,200,6.58,star K0,"HIP 94053 ;HD  178484 ;",0
289.13652,-33.522317,775.1938,6.58,star Cp,"HIP 94730 ;HD  180093 ;HR  7296 ;",0
291.05295,-62.998184,54.1419,6.58,star F3/F5V,"HIP 95385 ;HD  181351 ;",0
293.118795,-30.869467,217.8649,6.58,star M4III,"HIP 96111 ;HD  183799 ;",0
298.777095,30.194898,262.4672,6.58,star B6V,"HIP 98017 ;HD  188651 ;HR  7607 ;",0
300.233175,-74.012562,146.4129,6.58,star K1III,"HIP 98522 ;HD  188229 ;",0
303.418965,24.239021,91.4913,6.58,star A1m,"HIP 99679 ;HD  192342 ;HR  7723 ;",0
307.338105,20.0877,69.9301,6.58,star A3m,"HIP 101070 ;HD  195217 ;HR  7833 ;",0
314.98014,40.258821,40.95,6.58,star F8,"HIP 103641 ;HD  200077 ;",0
316.84113,-0.765132,212.766,6.58,star K0,"HIP 104265 ;HD  201066 ;",0
317.239215,-5.581876,181.1594,6.58,star K0,"HIP 104395 ;HD  201322 ;",0
323.07114,48.443829,409.8361,6.58,star B9IV,"HIP 106346 ;HD  205210 ;",0
327.510345,52.697317,537.6344,6.58,star B0.5III,"HIP 107777 ;HD  207793 ;",0
329.845245,57.658524,178.8909,6.58,star A0III-IV,"HIP 108553 ;HD  209124 ;HR  8389 ;",0
339.731655,-38.477344,291.5452,6.58,star K3III,"HIP 111815 ;HD  214465 ;",0
351.55131,-27.424593,161.8123,6.58,star G8III,"HIP 115681 ;HD  220717 ;",0
354.49332,46.199437,23.3318,6.58,star G5,"HIP 116613 ;HD  222143 ;HR  8964 ;GL  NN 4351 ;",0
0.80547,17.552268,171.5266,6.59,star K0,"HIP 258 ;HD  225073 ;",0
4.0479,-79.851182,17.4978,6.59,star G6V,"HIP 1292 ;HD  1237 ;GL  NN 3021 ;",0
7.454175,-32.115982,182.4818,6.59,star K2/K3III,"HIP 2330 ;HD  2632 ;HR  116 ;",0
18.19875,-6.783375,121.2121,6.59,star G5,"HIP 5666 ;HD  7268 ;",0
19.121985,42.93942,23.1965,6.59,star G0,"HIP 5944 ;HD  7590 ;",0
20.961945,17.818344,49.8008,6.59,star F0,"HIP 6527 ;HD  8442 ;",0
21.723135,3.535644,166.113,6.59,star B9V,"HIP 6751 ;HD  8803 ;HR  419 ;",0
21.94536,40.335803,326.7974,6.59,star A0III,"HIP 6823 ;HD  8837 ;HR  422 ;",0
22.181235,-33.763972,91.5751,6.59,star A9/F0V,"HIP 6888 ;HD  9065 ;HR  431 ;",0
25.950225,74.604504,135.5014,6.59,star G5,"HIP 8082 ;HD  10259 ;",0
27.946575,18.29,105.042,6.59,star K2III,"HIP 8689 ;HD  11326 ;",0
35.05359,64.336949,146.8429,6.59,star B9.5V,"HIP 10893 ;HD  14171 ;HR  668 ;",0
38.047365,-32.606332,234.192,6.59,star K1III,"HIP 11794 ;HD  15875 ;",0
43.32594,-22.090783,284.0909,6.59,star K0III,"HIP 13458 ;HD  18046 ;",0
43.873395,-25.304656,130.8901,6.59,star K1/K2IIICN.,"HIP 13626 ;HD  18290 ;",0
57.879825,-21.281112,203.666,6.59,star K0IIICN...,"HIP 18052 ;HD  24328 ;",0
61.85517,-42.916777,137.1742,6.59,star K0III,"HIP 19242 ;HD  26262 ;HR  1285 ;",0
62.88186,-0.422501,127.0648,6.59,star K0,"HIP 19569 ;HD  26516 ;",0
64.301295,50.865815,869.5652,6.59,star K2,"HIP 19986 ;HD  26857 ;",0
67.249035,16.159092,48.4262,6.59,star F7V+...,"HIP 20916 ;HD  28363 ;",0
72.26982,-56.666578,444.4444,6.59,star M2III,"HIP 22381 ;HD  31009 ;",0
76.153815,32.320271,97.2763,6.59,star A4m,"HIP 23611 ;HD  32428 ;HR  1627 ;",0
77.37396,-2.135018,130.3781,6.59,star G8V,"HIP 23995 ;HD  33345 ;",0
84.682755,41.839221,176.9912,6.59,star K5,"HIP 26546 ;HD  37184 ;",0
87.71415,14.048058,130.719,6.59,star K1III,"HIP 27618 ;HD  39099 ;",0
88.634445,11.7632,96.8992,6.59,star A2V,"HIP 27924 ;HD  39662 ;HR  2050 ;",0
89.405595,45.901336,174.216,6.59,star G5,"HIP 28208 ;HD  39863 ;",0
93.13416,-61.47405,227.7904,6.59,star B9.5V,"HIP 29468 ;HD  43519 ;",0
93.502095,33.244275,363.6364,6.59,star K5,"HIP 29581 ;HD  42767 ;",0
94.016625,59.215044,183.1502,6.59,star G8II-III,"HIP 29763 ;HD  42721 ;",0
94.388805,14.058678,295.858,6.59,star A0V,"HIP 29881 ;HD  43583 ;HR  2250 ;",0
97.2507,11.01921,59.4884,6.59,star A9IV,"HIP 30886 ;HD  45638 ;HR  2351 ;",0
97.98189,-18.062261,387.5969,6.59,star K3III,"HIP 31131 ;HD  46308 ;",0
98.59026,-3.074103,625,6.59,star K2,"HIP 31344 ;HD  46644 ;",0
99.98712,-38.158997,123.4568,6.59,star K1IIICN...,"HIP 31886 ;HD  48087 ;HR  2465 ;",0
102.946995,86.684341,124.3781,6.59,star K3III,"HIP 32948 ;HD  42855 ;",0
105.480255,5.557155,413.2231,6.59,star B2IV-V,"HIP 33875 ;HD  52559 ;HR  2633 ;",0
108.10074,-27.474758,246.9136,6.59,star A5IV/V,"HIP 34814 ;HD  55595 ;HR  2724 ;",0
110.221215,-22.850428,408.1633,6.59,star B3V,"HIP 35609 ;HD  57573 ;HR  2799 ;",0
114.436665,-35.277156,232.5581,6.59,star K1III,"HIP 37127 ;HD  61409 ;HR  2942 ;",0
117.776235,-18.247293,162.8664,6.59,star G8III/IV,"HIP 38331 ;HD  64000 ;",0
120.1518,12.641795,126.4223,6.59,star K0,"HIP 39164 ;HD  65737 ;",0
120.656295,-36.401228,150.1502,6.59,star A7V,"HIP 39353 ;HD  66540 ;",0
129.96132,19.540818,276.2431,6.59,star K0III,"HIP 42497 ;HD  73598 ;",0
129.973095,-17.302978,156.25,6.59,star M6III,"HIP 42502 ;HD  73844 ;",0
133.65936,-11.377443,469.4836,6.59,star K5,"HIP 43746 ;HD  76243 ;",0
134.53419,1.541587,110.9878,6.59,star A2V,"HIP 44042 ;HD  76757 ;HR  3573 ;",0
137.886315,-57.968404,303.0303,6.59,star B2.5IV,"HIP 45121 ;HD  79421 ;",0
144.794805,43.144173,145.9854,6.59,star K0,"HIP 47380 ;HD  83371 ;",0
145.4679,-30.303381,268.0965,6.59,star K2III,"HIP 47564 ;HD  84085 ;",0
149.10936,54.243767,436.6812,6.59,star M2III:,"HIP 48735 ;HD  85876 ;",0
149.313795,-64.48935,145.7726,6.59,star K0/K1III,"HIP 48806 ;HD  86634 ;HR  3948 ;",0
153.75336,-44.467812,370.3704,6.59,star K3III,"HIP 50210 ;HD  88995 ;",0
162.652365,23.406287,69.6864,6.59,star Am,"HIP 53005 ;HD  93901 ;",0
172.58613,-25.798607,347.2222,6.59,star K0/K1II/III,"HIP 56130 ;HD  100012 ;",0
173.05221,36.247253,177.305,6.59,star K0,"HIP 56274 ;HD  100235 ;",0
176.78259,61.401859,125.7862,6.59,star F0,"HIP 57498 ;HD  102355 ;",0
178.07595,-51.314767,157.9779,6.59,star K3III,"HIP 57885 ;HD  103125 ;",0
181.001445,-10.296122,104.8218,6.59,star A2,"HIP 58830 ;HD  104788 ;",0
182.86911,-44.282851,43.1593,6.59,star F5V,"HIP 59433 ;HD  105919 ;",0
202.44618,1.095347,100,6.59,star A7V,"HIP 65839 ;HD  117362 ;",0
205.00242,-70.787787,184.8429,6.59,star K0III,"HIP 66668 ;HD  118522 ;HR  5125 ;",0
207.02127,42.047469,164.7446,6.59,star K1III,"HIP 67338 ;HD  120348 ;",0
207.50634,78.99569,193.7984,6.59,star G5,"HIP 67512 ;HD  121457 ;",0
208.589055,-17.180122,177.9359,6.59,star K3III,"HIP 67896 ;HD  121221 ;",0
213.45609,11.997745,170.9402,6.59,star K0,"HIP 69517 ;HD  124517 ;",0
218.533215,-42.099256,252.5253,6.59,star A2IV,"HIP 71239 ;HD  127716 ;HR  5431 ;",0
219.23268,42.831164,60.9385,6.59,star F8,"HIP 71466 ;HD  128660 ;",0
220.67685,14.708576,63.2111,6.59,star F2III,"HIP 71931 ;HD  129537 ;",0
222.31218,-59.407355,833.3333,6.59,star K3/K4III+..,"HIP 72482 ;HD  130205 ;",0
224.93784,-43.811336,36.1141,6.59,star F5V,"HIP 73383 ;HD  132301 ;",0
225.6249,-7.840426,106.7236,6.59,star A2,"HIP 73587 ;HD  133008 ;",0
225.777405,44.644518,55.6483,6.59,star F6IV,"HIP 73637 ;HD  133484 ;HR  5612 ;",0
225.902055,34.565761,151.9757,6.59,star G8III-IV,"HIP 73675 ;HD  133485 ;HR  5613 ;",0
226.77861,2.362612,478.4689,6.59,star K2,"HIP 73977 ;HD  133948 ;",0
229.584375,26.840374,35.9842,6.59,star G0V,"HIP 74893 ;HD  136176 ;",0
229.871115,-71.792051,354.6099,6.59,star M2III,"HIP 74999 ;HD  135338 ;",0
234.636,-39.1607,150.1502,6.59,star B9V,"HIP 76591 ;HD  139233 ;HR  5805 ;",0
242.56635,-26.909126,167.7852,6.59,star Ap...,"HIP 79235 ;HD  145102 ;",0
243.676005,7.858242,234.7418,6.59,star K0,"HIP 79608 ;HD  146169 ;",0
248.399685,-53.200222,147.4926,6.59,star G6III,"HIP 81079 ;HD  148852 ;",0
248.424285,38.091062,55.8659,6.59,star F5,"HIP 81085 ;HD  149504 ;",0
252.31368,29.96471,242.7184,6.59,star K1II-III,"HIP 82324 ;HD  151937 ;",0
254.45925,-39.115722,378.7879,6.59,star M1III,"HIP 83014 ;HD  152885 ;",0
256.115985,-28.582678,17.838,6.59,star K1V,"HIP 83541 ;HD  154088 ;GL  Gl 652 ;",0
257.29314,-68.846739,139.8601,6.59,star B9.5V,"HIP 83925 ;HD  154140 ;",0
258.289275,-37.952375,100000,6.59,star B8Iab-Ib,"HIP 84238 ;HD  155416 ;",0
259.502535,-24.284111,98.2318,6.59,star G8/K0II,"HIP 84625 ;HD  156350 ;HR  6425 ;BF  39Omi Oph ;",0
259.5297,-24.073022,45.6621,6.59,star G3V,"HIP 84636 ;HD  156365 ;GL  Gl 665.1 ;",0
263.61348,16.504375,168.6341,6.59,star A8Vn,"HIP 85987 ;HD  159503 ;HR  6551 ;",0
269.067,-32.474997,100000,6.59,star O9.5Ia/ab,"HIP 87810 ;HD  163181 ;",0
270.644415,30.555512,68.4463,6.59,star F2,"HIP 88356 ;HD  165008 ;",0
273.291675,-4.011608,90.9918,6.59,star A2m,"HIP 89288 ;HD  166960 ;HR  6813 ;",0
277.972215,-19.125072,100000,6.59,star G1Ib,"HIP 90836 ;HD  170764 ;HR  6947 ;",0
282.32151,-34.74916,96.2464,6.59,star K2IVCN...,"HIP 92350 ;HD  173902 ;HR  7070 ;",0
287.008245,24.726036,301.2048,6.59,star B5,"HIP 93974 ;HD  178540 ;",0
288.38931,-62.922579,288.1844,6.59,star K2III,"HIP 94460 ;HD  178632 ;",0
290.35575,57.766811,263.8522,6.59,star K2,"HIP 95143 ;HD  182440 ;HR  7365 ;",0
295.088745,-5.447517,450.4505,6.59,star K2,"HIP 96783 ;HD  185639 ;",0
298.919205,40.1729,370.3704,6.59,star K2,"HIP 98058 ;HD  188875 ;",0
305.314515,15.104286,122.6994,6.59,star A0,"HIP 100365 ;HD  193707 ;",0
309.066225,16.814729,271.0027,6.59,star K2,"HIP 101645 ;HD  196345 ;",0
316.058715,-50.435357,263.8522,6.59,star K3III,"HIP 103998 ;HD  200249 ;",0
328.593615,-85.033557,131.9261,6.59,star K0/K1III,"HIP 108129 ;HD  206053 ;",0
333.124485,-40.203165,82.713,6.59,star K0III,"HIP 109631 ;HD  210622 ;",0
333.29463,86.221362,229.8851,6.59,star K0,"HIP 109694 ;HD  212774 ;",0
333.29787,25.940573,127.8772,6.59,star K0IV,"HIP 109696 ;HD  210925 ;",0
336.746535,56.433563,289.8551,6.59,star B5III,"HIP 110807 ;HD  212986 ;HR  8554 ;",0
337.53495,31.215791,207.4689,6.59,star A0,"HIP 111075 ;HD  213340 ;",0
347.385285,29.669631,235.2941,6.59,star K2III,"HIP 114348 ;HD  218660 ;",0
349.48578,-13.795173,248.139,6.59,star K2/K3IIICNp,"HIP 115038 ;HD  219702 ;",0
349.69185,-47.435381,375.9398,6.59,star A0V,"HIP 115098 ;HD  219761 ;",0
350.492745,26.608901,69.9301,6.59,star F5V,"HIP 115360 ;HD  220242 ;HR  8888 ;",0
354.70461,62.134961,613.4969,6.59,star A3II,"HIP 116687 ;HD  222275 ;",0
357.436305,-62.839489,193.0502,6.59,star K5III,"HIP 117507 ;HD  223444 ;HR  9023 ;",0
358.70532,74.410095,239.8082,6.59,star B9,"HIP 117893 ;HD  224098 ;",0
0.428685,24.253113,180.5054,6.6,star K2III-IV,"HIP 136 ;HD  224907 ;",0
4.984485,16.250871,162.6016,6.6,star K0,"HIP 1595 ;HD  1563 ;",0
7.622085,-39.518547,123.1527,6.6,star K1III,"HIP 2392 ;HD  2723 ;",0
17.79408,46.183852,370.3704,6.6,star K5,"HIP 5551 ;HD  7011 ;",0
20.35254,-50.936935,178.5714,6.6,star K0III,"HIP 6336 ;HD  8315 ;",0
22.101495,17.079259,53.8213,6.6,star F8IV-V,"HIP 6869 ;HD  8941 ;",0
23.19879,35.842678,136.2398,6.6,star K0,"HIP 7201 ;HD  9370 ;",0
23.264685,-9.014662,116.8224,6.6,star A0III,"HIP 7222 ;HD  9484 ;HR  444 ;",0
24.89985,45.877771,21.3721,6.6,star G5IV,"HIP 7734 ;HD  10086 ;",0
28.592295,8.781048,621.118,6.6,star M0,"HIP 8883 ;HD  11640 ;",0
40.087245,49.560253,350.8772,6.6,star B9V,"HIP 12453 ;HD  16485 ;",0
43.88151,2.018274,137.5516,6.6,star B8.5V,"HIP 13629 ;HD  18216 ;",0
45.371115,32.412728,168.0672,6.6,star A7IVvar+...,"HIP 14081 ;HD  18715 ;",0
50.028915,69.731312,180.8318,6.6,star A0,"HIP 15534 ;HD  20273 ;",0
53.33724,47.950084,79.8722,6.6,star F0,"HIP 16570 ;HD  21844 ;",0
57.674745,1.563946,68.7285,6.6,star F0,"HIP 17988 ;HD  24133 ;",0
60.181875,-71.166799,100.4016,6.6,star A1/A2V,"HIP 18729 ;HD  25938 ;",0
61.65378,-18.050807,211.8644,6.6,star K3III,"HIP 19174 ;HD  26024 ;",0
65.394975,14.409789,52.3834,6.6,star F5V,"HIP 20357 ;HD  27561 ;",0
68.38182,-6.988083,185.5288,6.6,star K2,"HIP 21249 ;HD  28961 ;",0
76.363695,46.916378,271.7391,6.6,star F8,"HIP 23684 ;HD  32416 ;",0
76.47255,26.429933,230.4147,6.6,star B5,"HIP 23712 ;HD  32656 ;",0
80.153925,-43.533954,340.1361,6.6,star M3/M4III,"HIP 24943 ;HD  35158 ;",0
82.32216,-62.314256,245.098,6.6,star K4/K5III,"HIP 25700 ;HD  36689 ;HR  1867 ;",0
89.014275,13.924912,26.6028,6.6,star G5IV,"HIP 28066 ;HD  39881 ;HR  2067 ;GL  Gl 224 ;",0
91.19463,-48.458304,30.003,6.6,star G6V,"HIP 28796 ;HD  41824 ;HR  2162 ;",0
91.65984,-16.518392,147.4926,6.6,star G8III,"HIP 28948 ;HD  41818 ;",0
92.92959,-18.186077,213.6752,6.6,star K0III,"HIP 29399 ;HD  42747 ;",0
93.247485,10.287415,273.9726,6.6,star B9,"HIP 29508 ;HD  42770 ;",0
93.848565,-11.90444,130.8901,6.6,star A2,"HIP 29699 ;HD  43393 ;",0
96.464115,0.812744,170.3578,6.6,star G5,"HIP 30601 ;HD  45152 ;",0
96.66336,13.101172,69.979,6.6,star F7V,"HIP 30665 ;HD  45194 ;",0
106.86591,-52.20455,241.5459,6.6,star K2/K3III,"HIP 34370 ;HD  54792 ;",0
108.348975,13.762968,266.6667,6.6,star K0,"HIP 34913 ;HD  55411 ;",0
110.3943,-5.897186,363.6364,6.6,star B5III,"HIP 35669 ;HD  57539 ;",0
112.74462,-10.107525,352.1127,6.6,star K2,"HIP 36539 ;HD  59730 ;",0
113.34087,-68.768526,172.4138,6.6,star A1/A2V,"HIP 36735 ;HD  61312 ;",0
115.219155,-31.661166,100000,6.6,star F8/G0Ia,"HIP 37415 ;HD  62058 ;HR  2974 ;",0
118.606335,-28.105345,275.4821,6.6,star A2V,"HIP 38615 ;HD  64756 ;",0
122.37729,-59.541578,353.3569,6.6,star B5V,"HIP 39949 ;HD  68518 ;",0
124.22595,-21.32065,201.2072,6.6,star A0V,"HIP 40561 ;HD  69589 ;HR  3255 ;",0
126.97368,-26.132956,96.9932,6.6,star A1/A2V,"HIP 41504 ;HD  71688 ;HR  3339 ;",0
130.055565,6.565636,78.9889,6.6,star K0,"HIP 42528 ;HD  73764 ;",0
131.689785,-18.757836,153.1394,6.6,star K0III,"HIP 43108 ;HD  74991 ;",0
131.77236,-45.07475,355.8719,6.6,star B4IV,"HIP 43128 ;HD  75241 ;",0
131.78037,28.161804,51.2295,6.6,star G2IV,"HIP 43129 ;HD  74811 ;",0
142.343775,-43.190251,101.9368,6.6,star F5IV,"HIP 46526 ;HD  82224 ;",0
146.53746,-45.917956,307.6923,6.6,star G8II/III,"HIP 47940 ;HD  84774 ;",0
151.03059,-81.565492,159.7444,6.6,star G6/G8III,"HIP 49326 ;HD  88351 ;HR  3997 ;BF  Mu 2Cha ;",0
151.360575,-34.88267,361.0108,6.6,star K0/K1III,"HIP 49428 ;HD  87639 ;",0
152.311965,6.170902,175.4386,6.6,star K0,"HIP 49739 ;HD  88048 ;",0
152.84403,49.454237,4.8731,6.6,star K8V,"HIP 49908 ;HD  88230 ;GL  Gl 380 ;",0
154.06686,17.740344,114.5475,6.6,star A9IV,"HIP 50305 ;HD  88987 ;HR  4028 ;",0
168.281535,67.322934,135.6852,6.6,star G5,"HIP 54801 ;HD  97301 ;",0
169.749585,14.268597,30.7409,6.6,star F9V,"HIP 55254 ;HD  98354 ;",0
179.310885,40.34374,45.045,6.6,star F6V,"HIP 58287 ;HD  103799 ;HR  4572 ;",0
184.98033,-26.736931,215.9827,6.6,star K2III,"HIP 60132 ;HD  107246 ;",0
188.874405,-61.740805,87.0322,6.6,star F2/F3III:,"HIP 61444 ;HD  109475 ;",0
205.378575,-23.44981,216.4502,6.6,star A1V,"HIP 66800 ;HD  119086 ;HR  5146 ;",0
205.52658,65.273085,134.7709,6.6,star A2,"HIP 66857 ;HD  119581 ;",0
206.652465,-62.909615,100000,6.6,star A2II,"HIP 67232 ;HD  119699 ;",0
207.43398,8.408637,154.0832,6.6,star A0,"HIP 67481 ;HD  120500 ;",0
217.200645,-5.218689,159.4896,6.6,star K0,"HIP 70802 ;HD  126962 ;",0
218.397915,65.395425,29.5334,6.6,star F5,"HIP 71192 ;HD  128385 ;",0
224.25801,-51.447253,423.7288,6.6,star M2III,"HIP 73154 ;HD  131705 ;HR  5560 ;",0
225.62778,31.683852,324.6753,6.6,star M3,"HIP 73589 ;HD  133254 ;",0
225.686955,-3.031388,97.1817,6.6,star A5m,"HIP 73608 ;HD  133112 ;HR  5599 ;",0
230.152095,-5.119742,150.3759,6.6,star K0,"HIP 75084 ;HD  136380 ;",0
251.37573,-19.136927,250.6266,6.6,star K5II,"HIP 82038 ;HD  151011 ;",0
254.026785,50.038877,355.8719,6.6,star M2III,"HIP 82867 ;HD  153299 ;HR  6306 ;",0
256.18134,-25.645354,82.6446,6.6,star A9III/IV,"HIP 83566 ;HD  154132 ;",0
264.949815,49.779855,123.3046,6.6,star A0,"HIP 86446 ;HD  160883 ;",0
267.25953,54.194385,113.1222,6.6,star A2,"HIP 87210 ;HD  162643 ;",0
268.13004,16.900513,83.5422,6.6,star F3III-IV,"HIP 87485 ;HD  162865 ;",0
277.734435,-48.014812,69.1085,6.6,star F6V,"HIP 90743 ;HD  170283 ;",0
277.812105,65.436024,131.7523,6.6,star A8m,"HIP 90780 ;HD  171653 ;HR  6979 ;",0
279.225255,3.78989,117.2333,6.6,star K0,"HIP 91259 ;HD  171852 ;",0
280.593735,-47.760967,82.3723,6.6,star F5V,"HIP 91732 ;HD  172416 ;",0
283.32705,40.995192,310.559,6.6,star M3,"HIP 92700 ;HD  175404 ;",0
289.76559,33.38881,680.2721,6.6,star B2IV,"HIP 94934 ;HD  181409 ;HR  7335 ;",0
290.67045,37.581223,276.2431,6.6,star K0,"HIP 95245 ;HD  182354 ;",0
291.444855,58.027322,361.0108,6.6,star B8IVwe...,"HIP 95520 ;HD  183339 ;HR  7401 ;",0
292.562055,-32.091396,47.9386,6.6,star F3V,"HIP 95905 ;HD  183312 ;HR  7399 ;",0
292.784355,58.58601,16.9607,6.6,star K1V,"HIP 95995 ;HD  184467 ;GL  Gl 762.1 ;",0
294.135075,43.706111,290.6977,6.6,star K5,"HIP 96449 ;HD  185286 ;",0
294.98133,-39.432892,85.5432,6.6,star A1mA6-F0,"HIP 96739 ;HD  185257 ;HR  7464 ;",0
304.681785,-61.906712,104.6025,6.6,star A0V,"HIP 100128 ;HD  192510 ;",0
304.951335,37.132513,238.0952,6.6,star A0III,"HIP 100239 ;HD  193621 ;HR  7782 ;",0
312.300255,35.563564,238.6635,6.6,star K5,"HIP 102755 ;HD  198437 ;",0
317.49429,45.502555,281.6901,6.6,star B4IVp,"HIP 104483 ;HD  201733 ;HR  8103 ;",0
318.863445,42.026382,67.4309,6.6,star G0,"HIP 104941 ;HD  202568 ;",0
319.68333,-61.352804,31.7259,6.6,star G5V,"HIP 105214 ;HD  202457 ;GL  Gl 825.1 ;",0
327.89052,0.770545,124.6883,6.6,star K0,"HIP 107886 ;HD  207796 ;",0
337.93851,-35.290448,132.9787,6.6,star K0III,"HIP 111206 ;HD  213412 ;",0
338.96706,39.628146,100000,6.6,star B2V,"HIP 111544 ;HD  214168 ;HR  8603 ;BF  8    Lac ;",0
343.57536,17.794996,144.9275,6.6,star K0,"HIP 113105 ;HD  216635 ;",0
344.278575,-3.245216,85.7633,6.6,star A0,"HIP 113331 ;HD  216931 ;",0
345.17673,31.082964,135.5014,6.6,star B9p...,"HIP 113621 ;HD  217477 ;HR  8753 ;",0
351.58728,61.086849,100000,6.6,star F0II,"HIP 115691 ;HD  220819 ;",0
358.9404,-13.15258,143.8849,6.6,star K1III,"HIP 117978 ;HD  224172 ;",0
141.944235,-6.07008,31.2402,6.6,star ,"GL  Gl 344B ;",0
0.005025,38.859279,442.4779,6.61,star B9,"HIP 3 ;HD  224699 ;",0
1.229055,58.532166,840.3361,6.61,star B3V,"HIP 398 ;HD  225257 ;",0
11.14731,-78.082189,158.7302,6.61,star K0III,"HIP 3490 ;HD  4438 ;",0
13.97067,-53.192541,222.7171,6.61,star K1IIICN...,"HIP 4360 ;HD  5474 ;",0
15.39243,-38.214773,75.9878,6.61,star K0IIICNIV,"HIP 4794 ;HD  6080 ;",0
16.6107,-35.660665,151.5152,6.61,star A1V,"HIP 5193 ;HD  6619 ;HR  323 ;",0
19.10205,48.082245,374.5318,6.61,star B9IIIsp...,"HIP 5939 ;HD  7546 ;HR  369 ;",0
30.3891,23.395449,61.3874,6.61,star F0,"HIP 9452 ;HD  12354 ;",0
37.86261,58.024789,193.0502,6.61,star K2III,"HIP 11733 ;HD  15449 ;",0
43.351575,31.644686,156.7398,6.61,star F5,"HIP 13464 ;HD  17905 ;",0
43.58286,-55.879211,58.9623,6.61,star F2V,"HIP 13536 ;HD  18325 ;",0
44.5782,32.460878,114.8106,6.61,star K0,"HIP 13851 ;HD  18393 ;",0
48.88233,-8.770095,149.0313,6.61,star K0,"HIP 15173 ;HD  20290 ;",0
49.32252,-23.520269,229.3578,6.61,star K3III,"HIP 15291 ;HD  20520 ;",0
52.836465,27.571823,97.4659,6.61,star A2V,"HIP 16411 ;HD  21743 ;HR  1065 ;",0
55.11684,5.125872,304.878,6.61,star G5,"HIP 17155 ;HD  22878 ;",0
57.514425,37.873878,76.0456,6.61,star F0,"HIP 17930 ;HD  23885 ;",0
62.676495,18.423253,44.2087,6.61,star F6V,"HIP 19504 ;HD  26345 ;",0
63.20016,-23.821175,243.309,6.61,star M0III,"HIP 19666 ;HD  26742 ;",0
69.53157,-58.203811,171.5266,6.61,star G8III,"HIP 21585 ;HD  29781 ;",0
73.482525,1.569369,201.6129,6.61,star A1Vn,"HIP 22774 ;HD  31209 ;HR  1565 ;",0
87.754575,65.754069,980.3922,6.61,star F8,"HIP 27634 ;HD  38475 ;",0
88.62348,-8.412646,182.8154,6.61,star K0,"HIP 27920 ;HD  39787 ;",0
90.02517,27.272188,144.9275,6.61,star K1III,"HIP 28417 ;HD  40460 ;",0
90.31293,65.525412,142.2475,6.61,star A3,"HIP 28523 ;HD  40034 ;",0
93.67476,-73.626511,292.3977,6.61,star B8V,"HIP 29635 ;HD  44533 ;",0
192.75,-62.5,0,0,Nebula,"Cal 99 Coalsack",420
66.75,15.85,0,0.5,Cluster,"Cal 41 Hyades",330
83.89995,-1.08333,0,0.6,Open Cluster,"Col 70;",140
120.7041,-46.3833,0,0.6,Open Cluster,"Col 173;",370
80.8941,-69.7561,0,0.8,Galaxy,"Large Magellanic Cloud",645.65
246.4995,-26.2167,0,1,Cluster,"Col 302 Antares",505
60.81,36.3675,0,1,DSO Neb,"NGC 1499 California Nebula",160
76.725,-7.21667,0,1,Nebula,"IC 2118 Witch Head Nebula",180
79.05,34.2667,0,1,Nebula,"IC 405 Flaming Star",30
80.65005,33.5167,0,1,Nebula,"IC 410 Tadpole Neb",40
83.8158,-4.84444,0,1,Nebula,"NGC 1977 Running Man Neb",40
85.4271,-1.85639,0,1,Nebula,"NGC 2024 Flaming Star Neb",30
85.24995,-2.4,0,1,Nebula,"IC 434 Horsehead Neb",60
86.7804,0.294167,0,1,Nebula,"NGC 2071;",7
91.8804,-6.39806,0,1,Nebula,"NGC 2170 Angel Neb",10
94.22505,22.7833,0,1,Nebula,"IC 443 Jellyfish Neb",50
97.72755,5.04917,0,1,Nebula,"NGC 2237 Rosette Neb",90
109.6287,-13.2272,0,1,Nebula,"NGC 2359 Thors Helmet",10
303.027,38.355,0,1,Nebula,"NGC 6888 Crescent Neb",20
311.4915,30.5953,0,1,Nebula,"NGC 6960 Veil West",70
314.079,31.7428,0,1,Nebula,"NGC 6992 Veil East",60
312.7005,44.35,0,1,Nebula,"IC 5070 Pelican Neb",80
315.45,44.2,0,1,Nebula,"NGC 7000 North America Neb",100
50.50005,49,0,1.2,Open Cluster,"Col 39 Alpha Persei",185
56.85,24.117,0,1.6,Cluster,"M45 Pleiades",110
186.2505,26,0,1.8,Open Cluster,"Col 256 Coma",275
160.8,-64.4,0,1.9,Open Cluster,"IC 2602;C 102;",50
109.32495,-36.8333,0,2.1,Open Cluster,"Col 135 Pi Puppis",50
13.15833,-72.8003,2200000,2.2,Galaxy,"NGC 292 Small Magellanic Cloud",316
130.05,-53.0667,0,2.5,Open Cluster,"IC 2391;C 85;",50
253.545,-41.8242,0,2.6,Open Cluster,"NGC 6231;C 76;",14
103.54995,-24.6333,0,2.6,Open Cluster,"Col 121;",50
116.31255,-37.9675,0,2.8,Open Cluster,"NGC 2451;",45
83.86995,9.94111,0,2.8,Open Cluster,"Col 69 Lambda Orionis",70
166.4475,-58.7703,0,3,Open Cluster,"NGC 3532;C 91;",55
81.2709,15.6997,0,3,Open Cluster,"Col 65;",220
270.2745,2.9,0,3,Open Cluster,"Col 359;Mel 186;",240
130.09245,19.6719,0,3.1,Cluster,"M44 Behive",95
268.4625,-34.7928,0,3.3,Cluster,"M7 Ptolemy",80
324.7755,57.5,0,3.5,Nebula,"IC 1396 Elephant Trunk",170
110.97495,-32.2,0,3.5,Open Cluster,"Col 140;",42
10.68459,41.2683,790000,3.6,Galaxy,"M31 Andromeda",190.5
108.6,-31.1667,0,3.6,Open Cluster,"Col 132;",95
291.3495,20.1833,0,3.6,Open Cluster,"Col 399 Brochi",60
109.67295,-24.9542,0,3.8,Open Cluster,"NGC 2362;C 64;",8
119.5296,-60.7533,0,3.8,Open Cluster,"NGC 2516;C 96;",29
201.6915,-47.4769,0,3.9,Cluster,"NGC 5139 Omega Centauri",36
6.021255,-72.0808,0,4,Cluster,"NGC 104 Tucanae",50
30.86085,72.4208,0,4,Open Cluster,"NGC 771;",NaN
83.82165,-5.39083,0,4,Nebula,"M42 Orion",90
100.2429,9.89556,0,4.1,Nebula,"NGC 2264 Cone",20
83.79,-4.425,0,4.2,Cluster,"NGC 1981;",25
97.00455,-4.8475,0,4.2,Open Cluster,"NGC 2232;",29
150.678,-60.1089,0,4.2,Open Cluster,"NGC 3114;",35
193.404,-60.3561,0,4.2,Cluster,"NGC 4755 Jewel Box",10
265.086,-32.2542,0,4.2,Cluster,"M6 Butterfly",33
266.5755,5.71667,0,4.2,Open Cluster,"IC 4665;",41
80.625,41,0,4.2,Open Cluster,"Col 62;",28
156.8505,-57.6333,0,4.3,Open Cluster,"IC 2581;",8
114.1458,-14.4825,0,4.4,Cluster,"M 47;NGC 2422;",29
114.1458,-14.4825,0,4.4,Cluster,"NGC 2478;M 47",29
160.5165,-59.9167,0,4.4,Open Cluster,"Col 228;",14
101.50005,-20.7542,0,4.5,Cluster,"M 41;NGC 2287;",38
174.15,-63.0333,0,4.5,Nebula,"IC 2944 Running Chicken",75
130.275,-48.2,0,4.6,Open Cluster,"IC 2395;",8
271.1295,-24.3581,0,4.6,Open Cluster,"NGC 6530;",14
276.813,6.50833,0,4.6,Open Cluster,"NGC 6633;",20
277.9005,-19.25,0,4.6,Cluster,"M 25;IC 4725;",32
322.9515,48.4486,0,4.6,Cluster,"M 39;NGC 7092;",31
274.05,-18.47,0,4.6,Cluster,"M 24;",90
99.27495,5.95,0,4.6,Open Cluster,"Col 106;",45
122.5437,-49.2256,0,4.7,Open Cluster,"NGC 2547;",20
158.9745,-58.2361,0,4.7,Open Cluster,"NGC 3293;",5
97.98165,4.94306,0,4.8,Open Cluster,"NGC 2244;C 50;",24
279.75,5.45,0,5,Open Cluster,"IC 4756;",52
131.97495,-42.45,0,5,Open Cluster,"Col 203;Tr 10;",29
161.337,-59.75,0,5,Open Cluster,"Col 234;Tr 16;",3
92.2329,24.3578,0,5.1,Cluster,"M 35;NGC 2168;",28
240.8205,-60.4317,0,5.1,Open Cluster,"NGC 6025;C 95;",12
99.42495,4.73333,0,5.1,Open Cluster,"Col 107;",35
40.5309,42.7461,0,5.2,Cluster,"M 34;NGC 1039;",35
250.3335,-48.7625,0,5.2,Open Cluster,"NGC 6193;C 82;",14
279.1005,-23.9033,0,5.2,Cluster,"M 22;NGC 6656;",24
301.497,35.7772,0,5.2,Open Cluster,"NGC 6871;",30
34.7658,57.135,0,5.3,Open Cluster,"NGC 869;C 14;",29
174.06,-61.61,0,5.3,Open Cluster,"NGC 3766;C 97;",12
265.1715,-53.6736,0,5.3,Cluster,"NGC 6397;C 86;",25.7
287.715,-59.9819,0,5.3,Cluster,"NGC 6752;C 93;",20.4
304.329,-79.0333,0,5.3,Open Cluster,"Col 411;Mel 227;",70
102.0741,41.0789,0,5.4,Open Cluster,"NGC 2281;",14
244.71,-57.9344,0,5.4,Open Cluster,"NGC 6087;C 89;",12
245.898,-26.5253,0,5.4,Cluster,"M 4;NGC 6121;",26
256.1715,-37.9853,0,5.4,Open Cluster,"NGC 6281;",8
97.82505,5.91667,0,5.4,Open Cluster,"Col 97;",21
218.907,-56.6181,0,5.5,Open Cluster,"NGC 5662;",30
263.676,-32.5814,0,5.5,Open Cluster,"NGC 6383;",2.5
269.2695,-18.9853,0,5.5,Cluster,"M 23;NGC 6494;",30
160.983,-59.55,0,5.5,Open Cluster,"Col 230;Tr 14;",5
88.07625,32.5531,0,5.6,Cluster,"M 37;NGC 2099;",23
211.866,-48.3425,0,5.6,Open Cluster,"NGC 5460;",35
243.2955,-54.2183,0,5.6,Open Cluster,"NGC 6067;",12
352.53,49.1342,0,5.6,Open Cluster,"NGC 7686;",14
29.44965,37.85,0,5.7,Open Cluster,"NGC 752;C 28;",50
229.641,2.08278,0,5.7,Cluster,"M 5;NGC 5904;",23
266.0835,-32.3611,0,5.7,Open Cluster,"NGC 6416;",15
94.5,23.6333,0,5.7,Open Cluster,"Col 89;",60
23.46165,30.6603,0,5.8,Galaxy,"M 33 Triangulum",70.8
118.04085,-38.5333,0,5.8,Open Cluster,"NGC 2477;C 71;",27
123.4296,-5.75056,0,5.8,Cluster,"M 48;NGC 2548;",54
246.333,-40.6536,0,5.8,Open Cluster,"NGC 6124;C 75;",40
250.422,36.46,0,5.8,Cluster,"M 13;NGC 6205;",17
270.921,-24.3803,0,5.8,Nebula,"M8 Lagoon",45
282.774,-6.27,0,5.8,Cluster,"M11 Wild Duck",13
92.1012,13.9647,0,5.9,Open Cluster,"NGC 2169;",6
105.6762,-8.39056,0,5.9,Cluster,"M 50;NGC 2323;",16
206.646,-62.9164,0,5.9,Open Cluster,"NGC 5281;",8
254.484,-45.9367,0,5.9,Open Cluster,"NGC 6250;",7
271.056,-22.49,0,5.9,Cluster,"M 21;NGC 6531;",15
39.32505,55.9833,0,5.9,Open Cluster,"Col 29;Tr 2;",20
84.0738,34.1408,0,6,Cluster,"M 36;NGC 1960;",12
102.9387,0.459167,0,6,Open Cluster,"NGC 2301;",12
155.343,-51.7325,0,6,Open Cluster,"NGC 3228;",5
208.488,-61.8692,0,6,Open Cluster,"NGC 5316;",13
259.6065,-42.9339,0,6,Open Cluster,"NGC 6322;",10
274.59,-15.0128,0,6,Open Cluster,"NGC 6605;",29
274.701,-13.8072,0,6,Nebula,"M16 Eagle Nebula",120
275.196,-16.1717,0,6,Nebula,"M17 Omega Nebula",20
35.6337,57.1442,0,6.1,Open Cluster,"NGC 884;C 14;",29
75.9591,23.7678,0,6.1,Open Cluster,"NGC 1746;",42
115.44495,-14.81,0,6.1,Cluster,"M 46;NGC 2437;",27
131.5941,-52.9475,0,6.1,Open Cluster,"NGC 2669;",12
251.8095,-1.94778,0,6.1,Cluster,"M 12;NGC 6218;",15
328.4175,62.6033,0,6.1,Open Cluster,"NGC 7160;",7
131.625,-52.9,0,6.1,Open Cluster,"Col 202;Harvard 3;NGC 2669",12
267.0285,1.35,0,6.1,Open Cluster,"Col 350;",40
65.23455,50.2553,0,6.2,Open Cluster,"NGC 1545;",18
116.1216,-23.8531,0,6.2,Cluster,"M 93;NGC 2447;",22
138.0108,-64.8631,0,6.2,Cluster,"NGC 2808;",13.8
123.06495,-37.5942,0,6.3,Open Cluster,"NGC 2546;",40
205.5465,28.3756,0,6.3,Cluster,"M 3;NGC 5272;",18
217.434,-60.7108,0,6.3,Open Cluster,"NGC 5617;",10
270.5865,-23.0272,0,6.3,Nebula,"M20 Trifid Nebula",20
272.01,-43.7158,0,6.3,Cluster,"NGC 6541;C 78;",13
294.9975,-30.9622,0,6.3,Cluster,"M 55;NGC 6809;",19
308.6115,28.2828,0,6.3,Open Cluster,"NGC 6940;",31
322.494,12.1667,0,6.3,Cluster,"M 15;NGC 7078;",12
283.116,-20.9911,0,6.3,Open Cluster,"Col 394;",22
19.8858,58.2908,0,6.4,Open Cluster,"NGC 457;C 13;",13
63.82875,51.2114,0,6.4,Open Cluster,"NGC 1528;",23
71.4816,19.1117,0,6.4,Open Cluster,"NGC 1647;",45
72.12045,10.9303,0,6.4,Open Cluster,"NGC 1662;",20
82.17705,35.855,0,6.4,Cluster,"M 38;NGC 1912;",21
253.8885,-39.4608,0,6.4,Open Cluster,"NGC 6242;",9
255.3015,-30.1122,0,6.4,Cluster,"M 62;NGC 6266;",14
333.786,49.8975,0,6.4,Open Cluster,"NGC 7243;C 16;",21
95.42505,2.36667,0,6.4,Open Cluster,"Col 91;",17
272.4285,-23.6597,0,6.4,Open Cluster,"Col 367;",40
7.475415,60.2097,0,6.5,Open Cluster,"NGC 129;",21
25.99755,61.8828,0,6.5,Open Cluster,"NGC 654;",5
38.175,61.45,0,6.5,Nebula,"IC 1805 Heart Nebula",60
42.79995,60.4333,0,6.5,Nebula,"IC 1848 Soul Nebula",60
108.5637,-25.6925,0,6.5,Open Cluster,"NGC 2354;",20
121.24245,-28.1467,0,6.5,Open Cluster,"NGC 2520;NGC 2527",22
121.24245,-28.1467,0,6.5,Open Cluster,"NGC 2527;",22
122.65785,-12.8192,0,6.5,Open Cluster,"NGC 2539;",21
226.089,-54.3964,0,6.5,Open Cluster,"NGC 5822;",39
259.281,43.1364,0,6.5,Cluster,"M 92;NGC 6341;",14
274.512,-12.2431,0,6.5,Open Cluster,"NGC 6604;",4
57.34545,52.6622,0,6.6,Open Cluster,"NGC 1444;",4
167.58,-60.2483,0,6.6,Open Cluster,"NGC 3572;",6
248.5185,-44.0456,0,6.6,Open Cluster,"NGC 6169;",6
254.2875,-4.09944,0,6.6,Cluster,"M 10;NGC 6254;",15
305.991,38.5078,0,6.6,Cluster,"M 29;NGC 6913;",10
323.3715,-0.823056,0,6.6,Cluster,"M 2;NGC 7089;",13
253.875,-40.8333,0,6.6,Open Cluster,"Col 316;",105
40.64625,61.5944,0,6.7,Open Cluster,"NGC 1027;",20
52.91715,37.3744,0,6.7,Open Cluster,"NGC 1342;",14
90.27705,23.3222,0,6.7,Open Cluster,"NGC 2129;",6
107.0283,-10.6169,0,6.7,Open Cluster,"NGC 2343;",6
114.27795,-13.8714,0,6.7,Open Cluster,"NGC 2423;",19
159.3285,-58.66,0,6.7,Open Cluster,"NGC 3324;",5
248.646,-49.7719,0,6.7,Open Cluster,"NGC 6167;",7
282.828,10.3186,0,6.7,Open Cluster,"NGC 6709;",13
359.3505,56.7083,0,6.7,Open Cluster,"NGC 7789;",25
131.2125,-41.2333,0,6.7,Open Cluster,"Col 197;",40
264.0495,-33.4833,0,6.7,Open Cluster,"Col 336;Tr 27;",6
15.8091,-70.8483,0,6.8,Cluster,"NGC 362;C 104;",12.9
92.415,20.4875,0,6.8,Open Cluster,"NGC 2175;",40
201.3705,-43.0167,7700000,6.8,Galaxy,"Centaurus A",25.7
255.657,-26.2681,0,6.8,Cluster,"M 19;NGC 6273;",14
264.0705,-44.7347,0,6.8,Cluster,"NGC 6388;",8.7
284.8875,-36.6317,0,6.8,Cluster,"NGC 6723;",11
294.324,46.3889,0,6.8,Open Cluster,"NGC 6811;",12
318.0255,47.7333,0,6.8,Open Cluster,"IC 1369;",4
161.2455,-59.55,0,6.8,Open Cluster,"Col 232;",4
61.9554,62.3317,0,6.9,Open Cluster,"NGC 1502;",7
115.1892,-31.6925,0,6.9,Open Cluster,"NGC 2439;",10
132.8337,11.8119,0,6.9,Cluster,"M 67;NGC 2682;",29
154.4025,-46.4111,0,6.9,Cluster,"NGC 3201;C 79;",18
190.5825,-62.9939,0,6.9,Open Cluster,"NGC 4609;C 98;",5
261.1755,-49.95,0,6.9,Open Cluster,"IC 4651;",12
274.9935,-17.1019,0,6.9,Cluster,"M 18;NGC 6613;",9
276.1365,-24.87,0,6.9,Cluster,"M 28;NGC 6626;",11
325.092,-23.1792,0,6.9,Cluster,"M 30;NGC 7099;",11
351.21,61.6067,0,6.9,Nebula,"NGC 7625 Bubble Neb",16
167.8665,-60.6667,0,6.9,Open Cluster,"Col 241;Tr 18;",6
244.9755,-54.9667,0,6.9,Open Cluster,"Col 299;Harvard 10;",25
10.884585,61.7903,0,7,Open Cluster,"NGC 225;",12
13.247085,56.6219,0,7,Nebula,"NGC 281 Pacman Neb",30
67.99995,43.8481,0,7,Open Cluster,"NGC 1582;",37
77.6712,16.5311,0,7,Open Cluster,"NGC 1807;",17
80.0229,39.3436,0,7,Open Cluster,"NGC 1857;",5
124.7346,-29.7492,0,7,Open Cluster,"NGC 2571;",13
129.7629,-46.2272,0,7,Open Cluster,"NGC 2645;",3
141.9,-56.9833,0,7,Open Cluster,"IC 2488;",15
274.2705,-19.8661,0,7,Open Cluster,"NGC 6595;",4
315.3975,68.1697,0,7,Nebula,"NGC 7023 Iris Nebula",5
321.09,36.4875,0,7,Open Cluster,"NGC 7063;",7
47.95005,63.25,0,7,Open Cluster,"Col 36;Tr 3;",23
99.675,6.9,0,7,Open Cluster,"Col 111;",3.2
161.1795,-59.3667,0,7,Open Cluster,"Col 231;Tr 15;",15
294.6,0.333333,0,7,Open Cluster,"Col 401;",1
26.56665,61.2183,0,7.1,Open Cluster,"NGC 663;C 10;",16
78.5262,-40.0472,0,7.1,Cluster,"NGC 1851;C 73;",11
108.62625,-10.2658,0,7.1,Open Cluster,"NGC 2353;",20
118.1229,-26.43,0,7.1,Nebula,"NGC 2467 Skull and Crossbones Nebula",15
295.791,23.3,0,7.1,Open Cluster,"NGC 6823;",12
114.375,-12.0667,0,7.1,Open Cluster,"Col 155;Mel 71;",9
186.792,-60.7667,0,7.1,Open Cluster,"Col 258;Harvard 5;",5
106.70625,-10.0286,0,7.2,Nebula,"NGC 2335 Seagull Nebula",12
109.42965,-15.6414,0,7.2,Open Cluster,"NGC 2360;C 58;",12
142.6209,-52.9139,0,7.2,Open Cluster,"NGC 2910;",5
186.4395,-72.6592,0,7.2,Cluster,"NGC 4372;C 108;",18.6
187.4805,-64.7897,0,7.2,Open Cluster,"NGC 4463;",5
246.9435,-49.1511,0,7.2,Open Cluster,"NGC 6134;",6
248.946,-45.6436,0,7.2,Open Cluster,"NGC 6178;",4
252.3675,-53.7283,0,7.2,Open Cluster,"NGC 6208;",15
266.757,-31.5294,0,7.2,Open Cluster,"NGC 6425;",15
267.5535,-37.0511,0,7.2,Cluster,"NGC 6441;",7.8
322.3245,47.1264,0,7.2,Open Cluster,"NGC 7082;",25
328.35,47.2667,0,7.2,Nebula,"IC 5146 Cocoon Nebula",12
341.8365,58.1325,0,7.2,Nebula,"NGC 7380 Flying Horse Neb",12
56.12505,32.2833,0,7.3,Nebula,"IC 348;",10
98.6604,8.36639,0,7.3,Open Cluster,"NGC 2251;",10
118.79295,-24.2547,0,7.3,Open Cluster,"NGC 2482;",12
148.88715,69.0653,3690000,7.3,Galaxy,"M81 Bodes Galaxy",26.9
189.867,-26.7428,0,7.3,Cluster,"M 68;NGC 4590;",12
244.263,-22.975,0,7.3,Cluster,"M 80;NGC 6093;",8.9
295.3245,40.1867,0,7.3,Open Cluster,"NGC 6819;",5
304.125,37.6333,0,7.3,Open Cluster,"IC 4996;",6
337.41,-20.8372,0,7.3,Nebula,"NGC 7293 Helix Nebula",17.57
27.55005,27.0833,0,7.3,Open Cluster,"Col 21;",7
97.575,2.86667,0,7.3,Open Cluster,"Col 96;",7
23.3409,60.6581,0,7.4,Cluster,"M 103;NGC 581;",6
111.2991,-21.0233,0,7.4,Open Cluster,"NGC 2384;",2.5
112.01205,-11.7197,0,7.4,Open Cluster,"NGC 2396;",10
124.6212,-30.6456,0,7.4,Open Cluster,"NGC 2567;",10
159.6975,-54.1156,0,7.4,Open Cluster,"NGC 3330;",6
181.665,-61.25,0,7.4,Open Cluster,"NGC 4103;",6
186.0255,-61.8703,0,7.4,Open Cluster,"NGC 4349;",15
206.61,-51.3733,0,7.4,Cluster,"NGC 5286;C 84;",9.1
251.031,-47.4625,0,7.4,Open Cluster,"NGC 6200;",12
264.654,-23.9089,0,7.4,Cluster,"NGC 6401;",5.6
299.901,22.7214,0,7.4,Nebula,"M27 Dumbbell Nebula",8
305.8005,40.7786,0,7.4,Open Cluster,"NGC 6910;",7
80.68785,33.4203,0,7.5,Open Cluster,"NGC 1893;",11
101.91705,-3.14778,0,7.5,Open Cluster,"NGC 2286;",14
125.2209,-36.2172,0,7.5,Nebula,"NGC 2579;",10
210.801,54.3486,6920000,7.5,Galaxy,"M101 Pinwheel Galaxy",28.8
271.836,-24.9975,0,7.5,Cluster,"NGC 6544;",8.9
283.6425,-19.9011,0,7.5,Open Cluster,"NGC 6716;",6
286.9545,4.26639,0,7.5,Open Cluster,"NGC 6755;",14
265.3995,-40.1,0,7.5,Open Cluster,"Col 343;Tr 29;",9
38.3292,57.5697,0,7.6,Open Cluster,"NGC 957;",11
72.78495,43.6744,0,7.6,Open Cluster,"NGC 1664;",18
118.9116,-27.8869,0,7.6,Open Cluster,"NGC 2483;",10
120.00705,-10.7697,0,7.6,Open Cluster,"NGC 2506;C 54;",8
121.76715,-29.8839,0,7.6,Open Cluster,"NGC 2533;",3.5
156.4665,-57.9264,0,7.6,Nebula,"NGC 3247 Whirling Dervish",6
171.405,-43.25,0,7.6,Open Cluster,"NGC 3680;",12
201.813,-59.0408,0,7.6,Open Cluster,"NGC 5138;",7
236.514,-37.7861,0,7.6,Cluster,"NGC 5986;",9.8
264.4005,-3.24611,0,7.6,Cluster,"M 14;NGC 6402;",12
270.855,-27.8911,0,7.6,Open Cluster,"NGC 6520;",6
275.919,-30.3608,0,7.6,Cluster,"NGC 6624;",8.8
300.9795,44.1592,0,7.6,Open Cluster,"NGC 6866;",6
317.6985,45.6219,0,7.6,Open Cluster,"NGC 7039;",25
156.4665,-57.9264,0,7.6,Open Cluster,"Col 220;NGC 3247",6
304.5255,40.7167,0,7.6,Open Cluster,"Col 419;",4.5
77.0238,37.0228,0,7.7,Open Cluster,"NGC 1778;",6
78.10965,16.6842,0,7.7,Open Cluster,"NGC 1817;",16
81.0441,-24.5242,0,7.7,Cluster,"M 79;NGC 1904;",8.7
107.0784,-13.1939,0,7.7,Open Cluster,"NGC 2345;",12
156.192,-18.6428,0,7.7,Nebula,"NGC 32242 Ghost of Jupiter",0.75
166.011,-61.3681,0,7.7,Open Cluster,"NGC 3519;",4
198.2295,18.1689,0,7.7,Cluster,"M 53;NGC 5024;",13
216.9465,-59.6322,0,7.7,Open Cluster,"NGC 5606;",3
277.8465,-32.3481,0,7.7,Cluster,"M 69;NGC 6637;",7.1
283.764,-30.4783,0,7.7,Cluster,"M 54;NGC 6715;",9.1
331.2825,46.4836,0,7.7,Open Cluster,"NGC 7209;",25
333.1035,57.2714,0,7.7,Open Cluster,"NGC 7235;",4
344.322,62.4759,0,7.7,Nebula,"Cal 9 Cave Nebula",50
164.3205,-61.11,0,7.7,Open Cluster,"Col 236;",10
202.608,-61.3167,0,7.7,Open Cluster,"Col 272;",10
203.058,-62.8,0,7.7,Open Cluster,"Col 274;Tr 21;",5
264.1995,-32.4833,0,7.7,Open Cluster,"Col 337;Tr 28;",12.5
298.275,18.3333,0,7.7,Open Cluster,"Col 408;Harvard 20;",9
11.88792,-25.2881,3400000,7.8,Galaxy,"NGC 253 Sculptur Galaxy",27.5
131.37285,-48.7917,0,7.8,Open Cluster,"NGC 2670;",9
204.2505,-29.8678,7200000,7.8,Galaxy,"M83 Southern Pinwheel Galaxy",15.4
248.133,-13.0528,0,7.8,Cluster,"M 107;NGC 6171;",10
259.7985,-18.5164,0,7.8,Cluster,"M 9;NGC 6333;",9.3
261.3705,-48.4228,0,7.8,Cluster,"NGC 6352;C 81;",7.1
279.138,-8.22083,0,7.8,Open Cluster,"NGC 6664;",16
280.8015,-32.2919,0,7.8,Cluster,"M 70;NGC 6681;",7.8
298.0515,29.4081,0,7.8,Open Cluster,"NGC 6834;",5
307.875,60.6622,0,7.8,Open Cluster,"NGC 6939;",7
111.5958,-47.6667,0,7.8,Open Cluster,"Col 147;Mel 66;",10
125.625,-36.1667,0,7.8,Open Cluster,"Col 185;",8
135.13335,-48.985,0,7.8,Open Cluster,"Col 205;",5
276.1755,-19.7167,0,7.8,Open Cluster,"Col 378;Tr 33;",6
26.0958,60.6692,0,7.9,Open Cluster,"NGC 659;",5
29.62455,55.4747,0,7.9,Open Cluster,"NGC 744;",11
110.0187,-21.8842,0,7.9,Open Cluster,"NGC 2367;",3.5
113.3034,-15.4539,0,7.9,Open Cluster,"NGC 2414;",4
119.06625,-30.0642,0,7.9,Open Cluster,"NGC 2489;",8
189.9975,-11.6231,14400000,7.9,Galaxy,"M104 Sombrero",8.7
226.377,-55.6036,0,7.9,Open Cluster,"NGC 5823;C 88;",12
274.6575,-52.215,0,7.9,Cluster,"NGC 6584;",7.9
297.7485,23.1,0,7.9,Open Cluster,"NGC 6830;",12
347.766,60.5708,0,7.9,Open Cluster,"NGC 7510;",7
111.825,-24.0333,0,7.9,Open Cluster,"Col 146;Tr 7;",5
217.758,-61.1667,0,7.9,Open Cluster,"Col 283;Tr 22;",10
237.462,-57.6197,0,7.9,Open Cluster,"Col 292;",15
76.2387,-68.0556,0,8,Nebula,"NGC 1829;",2.1
81.6213,-68.8064,0,8,Open Cluster,"NGC 1965;",NaN
84.66,-69.0942,0,8,Nebula,"NGC 1970;NGC 2070",0.5
86.69085,0.0791667,0,8,Nebula,"M 78;NGC 2068;",8
98.6787,5.36639,0,8,Open Cluster,"NGC 2252;",20
110.9838,-13.2633,0,8,Open Cluster,"NGC 2374;",19
111.8037,13.6081,0,8,Open Cluster,"NGC 2395;",12
169.4745,-62.7,0,8,Open Cluster,"IC 2714;",12
192.7215,41.12,5130000,8,Galaxy,"M 94;NGC 4736;",11.2
232.002,-50.6728,0,8,Cluster,"NGC 5927;",6
255.189,-44.655,0,8,Open Cluster,"NGC 6259;",10
271.8435,-23.2961,0,8,Open Cluster,"NGC 6546;",15
278.205,-17.2286,0,8,Open Cluster,"NGC 6647;",NaN
281.328,-9.38361,0,8,Cluster,"M 26;NGC 6694;",14
296.25,-14.8,0,8,Galaxy,"IC 4895;NGC 6822",10
302.832,35.8322,0,8,Open Cluster,"NGC 6883;",35
316.044,-11.3636,0,8,Nebula,"NGC 7009, Saturn Nebula",0.733333
160.5495,-65.1,0,8,Open Cluster,"Col 227;Mel 10;",16
264.525,-37.72,0,8,Open Cluster,"Col 338;",20
11.873745,85.2414,0,8.1,Open Cluster,"NGC 188;C 1;",13
13.197495,-26.59,0,8.1,Cluster,"NGC 288;",14
177.5745,-57.1822,0,8.1,Nebula,"NGC 3918 Blue Planetary",0.216667
248.19,-52.6439,0,8.1,Open Cluster,"NGC 6152;",29
259.155,-28.14,0,8.1,Cluster,"NGC 6316;",4.9
262.9785,-67.0481,0,8.1,Cluster,"NGC 6362;",10.7
269.6385,66.6331,0,8.1,Nebula,"NGC 6543 Cats Eye Nebula",0.383333
273.0255,6.85361,0,8.1,Nebula,"NGC 6572;",0.266667
283.2675,-8.70611,0,8.1,Cluster,"NGC 6712;",7.2
302.982,26.4889,0,8.1,Open Cluster,"NGC 6882;NGC 6885",20
302.982,26.4889,0,8.1,Open Cluster,"NGC 6885;C 37;",20
23.925,61.2833,0,8.1,Open Cluster,"Col 15;Tr 1;",7.4
151.2435,-61.615,0,8.1,Open Cluster,"Col 216;Tr 11;",5
10.09125,41.6906,800000,8.2,Galaxy,"M 110;NGC 205;",21.9
25.76295,64.0367,0,8.2,Open Cluster,"NGC 637;",3.5
82.0188,35.3256,0,8.2,Open Cluster,"NGC 1907;",6
84.66,-69.0942,0,8.2,Nebula,"NGC 2070 Tarantula Nebula",40
164.8905,-60.3367,0,8.2,Open Cluster,"NGC 3496;",9
168.246,-60.7889,0,8.2,Open Cluster,"NGC 3590;",4
251.5395,-47.0169,0,8.2,Open Cluster,"NGC 6204;",5
254.4225,-44.8119,0,8.2,Open Cluster,"NGC 6249;",6
260.895,-17.8131,0,8.2,Cluster,"NGC 6356;",7.2
267.669,-30.2117,0,8.2,Open Cluster,"NGC 6451;",7
268.3005,-22.275,0,8.2,Open Cluster,"NGC 6469;",8
3.784995,-39.2206,1940000,8.3,Galaxy,"NGC 55;C 72;",32.4
10.674165,40.8644,770000,8.3,Galaxy,"M 32;NGC 221;",8.7
13.722495,-37.6833,2000000,8.3,Galaxy,"NGC 300;C 70;",21.9
48.06375,-55.2169,0,8.3,Cluster,"NGC 1261;C 87;",6.9
114.0492,-20.6122,0,8.3,Open Cluster,"NGC 2421;",10
114.59955,21.5742,0,8.3,Open Cluster,"NGC 2420;",10
116.89215,-27.1947,0,8.3,Open Cluster,"NGC 2453;",5
143.29545,-53.3958,0,8.3,Open Cluster,"NGC 2925;",12
177.639,-55.6764,0,8.3,Open Cluster,"NGC 3960;",6
257.5425,-26.5825,0,8.3,Cluster,"NGC 6293;",7.9
258.636,-29.4622,0,8.3,Cluster,"NGC 6304;",6.8
272.3235,-25.9078,0,8.3,Cluster,"NGC 6553;",9.2
285.339,11.6156,0,8.3,Cluster,"NGC 6738;",15
320.8635,46.3786,0,8.3,Open Cluster,"NGC 7062;",6
351.474,42.535,0,8.3,Nebula,"NGC 7662 Blue Snowball",0.533333
48.6729,47.2389,0,8.4,Open Cluster,"NGC 1245;",10
62.47785,49.5172,0,8.4,Open Cluster,"NGC 1513;",9
83.63295,22.0144,0,8.4,Nebula,"M1 Crab Nebula",6
84.1866,-69.4986,0,8.4,Open Cluster,"NGC 2055;",0.6
91.24995,24,0,8.4,Open Cluster,"IC 2157;",7
95.205,-7.28389,0,8.4,Open Cluster,"NGC 2215;",11
106.0329,1.04472,0,8.4,Open Cluster,"NGC 2324;",7
111.1662,-20.9475,0,8.4,Open Cluster,"NGC 2383;",5
129.31215,-29.9503,0,8.4,Open Cluster,"NGC 2627;",11
187.11,-60.1031,0,8.4,Open Cluster,"NGC 4439;",4
187.4445,8,16000000,8.4,Galaxy,"M 49;NGC 4472;",10.2
194.184,21.6828,5700000,8.4,Galaxy,"NGC 4833 Black Eye Galaxy",10
194.895,-70.8744,0,8.4,Cluster,"NGC 4833;C 105;",13.5
229.3515,-21.0103,0,8.4,Cluster,"NGC 5897;",13
231.861,-54.5286,0,8.4,Open Cluster,"NGC 5925;",20
233.8695,-50.6594,0,8.4,Cluster,"NGC 5946;",3
273.411,-31.8264,0,8.4,Cluster,"NGC 6569;",5.8
283.7745,-22.7017,0,8.4,Cluster,"NGC 6717;Pal 9;",3.9
289.1475,30.1847,0,8.4,Cluster,"M 56;NGC 6779;",7.1
298.4415,18.7783,0,8.4,Cluster,"M 71;NGC 6838;",7.2
322.614,51.6022,0,8.4,Open Cluster,"NGC 7086;",9
335.0475,58.1219,0,8.4,Open Cluster,"NGC 7261;",5
91.24995,24,0,8.4,Open Cluster,"Col 80;Tr 4;IC 2157",6
164.1,-59.2,0,8.4,Open Cluster,"Col 235;Tr 17;",5
194.184,21.6828,5700000,8.4,Galaxy,"M 64;NGC 4826;",10
12.85458,35.8217,0,8.5,Open Cluster,"NGC 272;",NaN
49.3263,-41.1072,11800000,8.5,Galaxy,"NGC 1269;NGC 1291",11.1
50.67375,-37.2083,24800000,8.5,Galaxy,"NGC 1316;",12
93.4413,12.8067,0,8.5,Open Cluster,"NGC 2194;",10
97.4154,6.83056,0,8.5,Open Cluster,"NGC 2236;",6
106.74915,27.2617,0,8.5,Open Cluster,"NGC 2331;",18
202.467,47.1953,8600000,8.5,Galaxy,"M51 Whirlpool Galaxy",11
241.896,-54.015,0,8.5,Open Cluster,"NGC 6031;",2
250.0995,-43.3667,0,8.5,Open Cluster,"NGC 6192;",7
264.402,-35.0258,0,8.5,Open Cluster,"NGC 6396;",3
278.1585,-16.8839,0,8.5,Open Cluster,"NGC 6645;",15
278.94,-32.9903,0,8.5,Cluster,"NGC 6652;",3.5
316.7565,42.2361,0,8.5,Nebula,"NGC 7027 Jewel Bug Nebula",0.3
359.601,61.2083,0,8.5,Open Cluster,"NGC 7790;",5
169.9245,-63.4833,0,8.5,Open Cluster,"Col 246;Mel 105;",5
269.5605,-33.79,0,8.5,Open Cluster,"PK NaN;",0.0333333
49.3263,-41.1072,0,8.6,Open Cluster,"NGC 1291;",9.8
91.8567,24.0961,0,8.6,Open Cluster,"NGC 2158;",5
93.8841,-18.6658,0,8.6,Open Cluster,"NGC 2204;",12
114.21585,65.6036,3580000,8.6,Galaxy,"NGC 2403;C 7;",18
130.63755,-45.0006,0,8.6,Open Cluster,"NGC 2659;",2.7
151.308,-7.71917,10070000,8.6,Galaxy,"NGC 3115;C 53;",7.2
194.493,-64.9617,0,8.6,Open Cluster,"NGC 4815;",3
260.994,-26.3536,0,8.6,Cluster,"NGC 6355;",5
269.766,-44.2664,0,8.6,Cluster,"NGC 6496;",6.9
272.5755,-31.7636,0,8.6,Cluster,"NGC 6558;",3.7
273.1875,-21.5831,0,8.6,Open Cluster,"NGC 6568;",12
301.5195,-21.9214,0,8.6,Cluster,"M 75;NGC 6864;",6
95.72505,5.11667,0,8.6,Open Cluster,"Col 92;",11
254.25,-40.6667,0,8.6,Open Cluster,"Col 318;Tr 24;",60
279.9495,-8.48333,0,8.6,Open Cluster,"Col 387;Tr 34;",7
93.02955,5.45861,0,8.7,Open Cluster,"NGC 2186;",4
184.74,47.3042,7440000,8.7,Galaxy,"M 106;NGC 4258;",18.6
118.82505,-25.9333,0,8.7,Open Cluster,"Col 168;Tr 9;",5
202.4745,-64.2,0,8.7,Open Cluster,"Col 271;",5
315.7995,44.5833,0,8.7,Open Cluster,"Col 428;",13
9.898755,61.0944,0,8.8,Open Cluster,"NGC 189;",3.7
18.99045,58.8172,0,8.8,Open Cluster,"NGC 436;",5
130.6584,-47.2006,0,8.8,Open Cluster,"NGC 2660;",4
147.1629,-56.4117,0,8.8,Open Cluster,"NGC 3033;",5
180.522,-63.2233,0,8.8,Open Cluster,"NGC 4052;",7
187.7055,12.3906,18400000,8.8,Galaxy,"M 87;NGC 4486;",8.3
190.9155,11.5519,16270000,8.8,Galaxy,"M 60;NGC 4649;",7.4
222.225,-54.4975,0,8.8,Open Cluster,"NGC 5749;",7
251.1225,23.8,0,8.8,Nebula,"NGC 6210 Turtle Nebula",0.8
265.053,-36.9478,0,8.8,Cluster,"NGC 6400;",12
283.395,33.0286,0,8.8,Nebula,"M57 Ring Nebula",1.43333
287.442,-63.8569,11800000,8.8,Galaxy,"NGC 6744;C 101;",20
292.6455,20.2608,0,8.8,Open Cluster,"NGC 6802;",3.2
296.2005,50.5253,0,8.8,Nebula,"NGC 6826;C 15;",0.45
151.6215,-60.3,0,8.8,Open Cluster,"Col 217;Tr 12;",4
266.5755,-29.3333,0,8.8,Open Cluster,"Col 347;",10
269.1255,-35.3167,0,8.8,Open Cluster,"Col 355;Tr 30;",10
102.98625,-7.08444,0,8.9,Open Cluster,"NGC 2302;",2.5
148.96125,69.6786,3780000,8.9,Galaxy,"M82 Cigar Galaxy",11
186.0135,-58.1236,0,8.9,Open Cluster,"NGC 4337;",3.5
195.06,-59.6161,0,8.9,Open Cluster,"NGC 4852;",11
196.3635,-49.4675,19300000,8.9,Galaxy,"NGC 4945;C 83;",20
253.356,-22.1772,0,8.9,Cluster,"NGC 6235;",5
256.119,-24.7636,0,8.9,Cluster,"NGC 6284;",5.6
271.209,-7.58583,0,8.9,Cluster,"NGC 6539;",6.9
277.9755,-23.4764,0,8.9,Cluster,"NGC 6642;",4.5
278.367,-10.4028,0,8.9,Open Cluster,"NGC 6649;",5
308.5485,7.40444,0,8.9,Cluster,"NGC 6934;C 47;",7
314.733,-12.6356,0,8.9,Open Cluster,"M 73;NGC 6994;",2.8
262.6995,-37.0833,0,8.9,Open Cluster,"Col 332;",2
38.1288,44.5936,0,9,Open Cluster,"NGC 956;",7
74.31585,-68.4181,0,9,Cluster,"NGC 1770;",1.6
75.9438,-67.3008,0,9,Open Cluster,"NGC 1814;",1
75.96165,-67.2608,0,9,Open Cluster,"NGC 1816;",1
76.0071,-67.2661,0,9,Open Cluster,"NGC 1820;",10
77.1867,-68.7617,0,9,Cluster,"NGC 1850;",3.4
81.54165,-67.4975,0,9,Open Cluster,"NGC 1955;",1.9
81.84255,-67.4639,0,9,Open Cluster,"NGC 1968;",1.1
81.97665,-67.4261,0,9,Open Cluster,"NGC 1974;NGC 1991",1.7
82.0017,-67.4231,0,9,Open Cluster,"NGC 1991;",1.7
83.0829,-67.69,0,9,Nebula,"NGC 2014;",1.8
83.88045,-5.2675,0,9,Nebula,"M43 De Mairans Nebula",20
98.4579,-5.08444,0,9,Open Cluster,"NGC 2250;",7
99.7896,8.74417,0,9,Nebula,"NGC 2261;C 46;",2
143.0412,21.5019,9060000,9,Galaxy,"NGC 2903;",12.6
170.0625,12.9911,10200000,9,Galaxy,"M 66;NGC 3627;",9.1
186.549,12.9464,16200000,9,Galaxy,"M 86;NGC 4406;",8.9
198.954,42.0306,8330000,9,Galaxy,"M63 Sunflower Galaxy",12.6
199.113,17.6978,0,9,Cluster,"NGC 5053;",11
238.0365,-56.4728,0,9,Open Cluster,"NGC 5999;",3
246.8085,-26.0247,0,9,Cluster,"NGC 6144;",9.3
263.676,-32.5814,0,9,Open Cluster,"NGC 6374;NGC 6383",2.5
275.7585,-12.0239,0,9,Open Cluster,"NGC 6625;",39
287.8005,1.03056,0,9,Cluster,"NGC 6760;",6.6
332.625,52.8333,0,9,Open Cluster,"IC 1434;",8
358.5255,61.7667,0,9,Open Cluster,"Col 458;Harvard 21;",6
39.9972,-34.4492,0,9.04,Galaxy,"ESO NaN;PGC 10074;",12.59
8.266245,63.3092,0,9.1,Open Cluster,"NGC 146;",6
40.66965,-0.0130556,16000000,9.1,Galaxy,"M77 Squid Galaxy",7.1
88.43835,0.410833,0,9.1,Open Cluster,"NGC 2112;",11
98.9571,7.67333,0,9.1,Open Cluster,"NGC 2254;",4
112.29495,20.9117,0,9.1,Nebula,"NGC 2392 Eskimo Nebula",0.783333
168.777,-61.2611,0,9.1,Nebula,"NGC 3603;",2.5
190.533,32.5406,8500000,9.1,Galaxy,"NGC 4631;C 32;",15.5
200.49,-36.6303,6600000,9.1,Galaxy,"NGC 5102;",8.7
202.7805,-60.9392,0,9.1,Open Cluster,"NGC 5168;",4
225.993,-33.0678,0,9.1,Cluster,"NGC 5824;",6.2
225.993,-33.0678,0,9.1,Open Cluster,"NGC 5834;",6.2
246.918,-38.8489,0,9.1,Cluster,"NGC 6139;",5.5
308.7195,60.1531,5960000,9.1,Galaxy,"NGC 6946 Fireworks Galaxy",11.5
316.8015,50.8756,0,9.1,Open Cluster,"NGC 7031;",5
334.125,54.05,0,9.1,Open Cluster,"IC 1442;",NaN
11.785005,-20.76,3590000,9.2,Galaxy,"NGC 247;C 62;",21.4
49.5666,-66.4986,6600000,9.2,Galaxy,"NGC 1313 Topsy Turvy Galaxy",9.1
125.85045,-29.5086,0,9.2,Open Cluster,"NGC 2587;",9
130.86375,-32.6561,0,9.2,Open Cluster,"NGC 2658;",12
151.7565,-40.4364,0,9.2,Nebula,"NGC 3132;C 74;",1.4
169.569,-32.8139,10300000,9.2,Galaxy,"NGC 3621;",12.3
186.351,18.1908,17080000,9.2,Galaxy,"M 85;NGC 4382;",7.1
192.1485,-5.80083,17500000,9.2,Galaxy,"NGC 4697;C 52;",7.2
192.6105,25.5003,17000000,9.2,Galaxy,"NGC 4725;",10.7
211.3665,28.5303,0,9.2,Cluster,"NGC 5466;",11
246.4515,-72.2017,0,9.2,Cluster,"NGC 6101;C 107;",10.7
277.734,-25.4964,0,9.2,Cluster,"NGC 6638;",7
282.69,-5.20556,0,9.2,Open Cluster,"NGC 6704;",5
313.3665,-12.5369,0,9.2,Cluster,"M 72;NGC 6981;",5.9
333.798,54.3425,0,9.2,Open Cluster,"NGC 7245;",5
359.457,-32.5917,4170000,9.2,Galaxy,"NGC 7793;",9.3
185.5515,58.0831,0,9.2,Open Cluster,"M 40;",NaN
101.625,1.76667,0,9.2,Open Cluster,"Col 115;",7
148.6458,-50.9197,0,9.2,Open Cluster,"Col 213;",17
200.8785,-66.18,0,9.2,Open Cluster,"Col 269;",15
207,-66.0667,0,9.2,Open Cluster,"Col 277;",15
248.8335,-51,0,9.2,Open Cluster,"Col 307;",5
280.725,-4.13333,0,9.2,Open Cluster,"Col 388;Tr 35;",9
9.74208,48.3408,670000,9.3,Galaxy,"NGC 185;C 18;",11.7
17.06205,61.5833,0,9.3,Open Cluster,"NGC 381;",6
84.16215,-69.3836,0,9.3,Open Cluster,"NGC 2050;",1
102.2463,-36.0053,0,9.3,Cluster,"NGC 2298;",6.8
120.1992,-19.0506,0,9.3,Open Cluster,"NGC 2509;",8
161.691,11.8236,12600000,9.3,Galaxy,"M 96;NGC 3368;",7.6
166.4535,-0.035,12080000,9.3,Galaxy,"NGC 3521;",11
169.7325,13.0936,12590000,9.3,Galaxy,"M 65;NGC 3623;",9.8
256.2885,-22.7081,0,9.3,Cluster,"NGC 6287;",5.1
267.219,-20.3594,0,9.3,Cluster,"NGC 6440;",5.4
270.9615,-0.296944,0,9.3,Cluster,"NGC 6818 Little Gem Nebula",3.6
295.9905,-14.1531,0,9.3,Nebula,"NGC 6818 Little Gem Nebula",0.366667
326.289,65.7744,0,9.3,Open Cluster,"NGC 7142;",4.3
267.267,-28.75,0,9.3,Open Cluster,"Col 351;",8
271.5195,-28.68,0,9.3,Open Cluster,"PK NaN;",0.055
7.820415,63.3528,0,9.4,Open Cluster,"NGC 133;",7
41.5791,-30.2744,20040000,9.4,Galaxy,"NGC 1097;C 67;",9.3
53.3109,-25.8717,0,9.4,Nebula,"NGC 1360 Robins Egg Nebula",11
54.62085,-35.4511,20100000,9.4,Galaxy,"NGC 1399;",6.9
64.04415,-55.78,15600000,9.4,Galaxy,"NGC 1553;",4.5
73.7958,-67.1689,0,9.4,Open Cluster,"NGC 1747;",12
90.7296,10.4464,0,9.4,Open Cluster,"NGC 2141;",10
97.3938,-31.2814,0,9.4,Open Cluster,"NGC 2243;",5
115.48035,-18.2089,0,9.4,Nebula,"NGC 2440;",1.23333
161.9565,12.5814,12800000,9.4,Galaxy,"M 105;NGC 3379;",5.4
184.2885,-55.2861,0,9.4,Open Cluster,"NGC 4230;",7
186.27,12.8869,16840000,9.4,Galaxy,"M 84;NGC 4374;",6.5
229.2075,-45.6492,0,9.4,Nebula,"NGC 5882;",0.33
251.745,47.5278,0,9.4,Cluster,"NGC 6229;",4.5
280.5585,-6.21222,0,9.4,Open Cluster,"NGC 6683;",3
359.19,61.4,0,9.4,Open Cluster,"NGC 7788;",4
22.3713,63.3083,0,9.5,Open Cluster,"NGC 559;C 8;",4.4
24.1734,15.7842,9300000,9.5,Galaxy,"M 74;NGC 628;",10.5
40.09965,39.0633,11620000,9.5,Galaxy,"NGC 1023;",8.7
83.9712,-68.9258,0,9.5,Open Cluster,"NGC 2042;",8.5
100.83,26.9694,0,9.5,Open Cluster,"NGC 2266;",6
140.50965,50.9789,16780000,9.5,Galaxy,"NGC 2841;",8.1
188.5125,7.69944,15200000,9.5,Galaxy,"NGC 4526;NGC 4560",7.2
189.087,25.9886,17300000,9.5,Galaxy,"NGC 4565 Needle Galaxy",15.8
217.4055,-5.97667,0,9.5,Cluster,"NGC 5634;",4.9
255.543,-39.7283,0,9.5,Open Cluster,"NGC 6268;",6
260.292,-19.5872,0,9.5,Cluster,"NGC 6342;",4.4
261.9345,-5.07667,0,9.5,Open Cluster,"NGC 6366;",8.3
290.2215,37.7719,0,9.5,Open Cluster,"NGC 6791;",10
199.554,-67.0833,0,9.5,Open Cluster,"Col 268;Harvard 8;",5
262.125,-29.4833,0,9.5,Open Cluster,"Col 331;Tr 26;",17
8.299995,48.5086,730000,9.6,Galaxy,"NGC 147;C 17;",13.2
14.082495,-72.4622,0,9.6,Open Cluster,"NGC 330;",1.9
53.4012,-36.1403,23000000,9.6,Galaxy,"NGC 1365 Great Barred Spiral",11.2
61.13295,52.6614,0,9.6,Open Cluster,"NGC 1496;",6
63.56625,-12.7392,0,9.6,Nebula,"NGC 1535 Cleopatras Eye",0.8
82.66785,-67.2861,0,9.6,Open Cluster,"NGC 2004;",2.7
84.45285,-69.1733,0,9.6,Open Cluster,"NGC 2060;",3.5
85.53795,-69.2119,0,9.6,Open Cluster,"NGC 2100;",2.3
104.44785,-4.61139,0,9.6,Open Cluster,"NGC 2311;",6
118.7754,-17.7078,0,9.6,Open Cluster,"NGC 2479;",7
133.1742,33.4222,10180000,9.6,Galaxy,"NGC 2683;",9.3
146.41035,-31.1903,15300000,9.6,Galaxy,"NGC 2997;",8.9
183.915,36.3264,0,9.6,Galaxy,"NGC 4228;",7.9
185.478,4.47333,22100000,9.6,Galaxy,"M 61;NGC 4303;",6.5
186.117,7.3175,21750000,9.6,Galaxy,"NGC 4365;",6.9
188.5125,7.69944,0,9.6,Galaxy,"NGC 4560;",7.2
189.2085,13.1625,12350000,9.6,Galaxy,"M 90;NGC 4569;",9.5
258.4365,-37.1033,0,9.6,Nebula,"NGC 6302 Butterfly Nebula",1.38333
271.206,-30.0558,0,9.6,Cluster,"NGC 6528;",3.7
332.6115,55.3986,0,9.6,Open Cluster,"NGC 7226;",1.8
99.12495,4.81667,0,9.6,Open Cluster,"Col 104;",21
118.7667,-17.7097,0,9.6,Open Cluster,"Col 167;Tr 8;NGC 2479",7
126.04995,-29.15,0,9.6,Open Cluster,"Col 187;",7
168.7785,-57.55,0,9.6,Open Cluster,"Col 243;Tr 19;",10
293.6895,30.52,0,9.6,Open Cluster,"PK NaN;",0.125
56.7054,68.1014,3600000,9.67,Galaxy,"IC 342;C 5;",19.95
36.82125,33.5783,8570000,9.7,Galaxy,"NGC 925;",10.5
63.9375,-55.5917,17700000,9.7,Galaxy,"NGC 1549;",4.9
76.0617,-66.4344,0,9.7,Cluster,"NGC 1818;",2.5
76.8633,-71.1956,0,9.7,Open Cluster,"NGC 1848;",3
78.41295,-65.4656,0,9.7,Cluster,"NGC 1866;",5.1
109.2471,13.7497,0,9.7,Open Cluster,"NGC 2355;",9
109.2471,13.7497,0,9.7,Open Cluster,"NGC 2356;",9
125.36625,-30.2933,0,9.7,Open Cluster,"NGC 2580;",7
140.35545,-58.3117,0,9.7,Nebula,"NGC 2867;C 90;",0.2
150.165,-54.7875,0,9.7,Open Cluster,"NGC 3105;",2
162.0705,12.6294,0,9.7,Galaxy,"NGC 3384;",5.5
184.707,14.4169,33900000,9.7,Galaxy,"M99 St Catherines Wheel",5.4
185.7285,15.8225,22100000,9.7,Galaxy,"M 100;NGC 4321;",7.4
187.851,25.7753,18900000,9.7,Galaxy,"NGC 4494;",4.8
187.9965,14.4208,32100000,9.7,Galaxy,"M 88;NGC 4501;",6.9
190.7085,2.68778,16240000,9.7,Galaxy,"NGC 4636;",6
321.096,48.0094,0,9.7,Open Cluster,"NGC 7067;",3
325.9905,53.7153,0,9.7,Open Cluster,"NGC 7128;",3.1
339.2685,34.4169,13940000,9.7,Galaxy,"NGC 7331;C 30;",10.5
6.3225,61.3219,0,9.8,Open Cluster,"NGC 103;",5
54.7167,-26.3367,21030000,9.8,Galaxy,"NGC 1398;",7.1
65.00295,-54.9378,21200000,9.8,Galaxy,"NGC 1566;",7
82.09125,-69.1419,0,9.8,Open Cluster,"NGC 1994;",0.6
170.07,13.5889,11900000,9.8,Galaxy,"NGC 3628 Hamburger Galaxy",14.8
183.915,36.3264,4100000,9.8,Galaxy,"NGC 4214;NGC 4228",8.5
187.047,44.0933,3690000,9.8,Galaxy,"NGC 4449;C 21;",6.2
187.65,41.6425,8680000,9.8,Galaxy,"NGC 4490;",6.3
188.916,12.5564,15550000,9.8,Galaxy,"M 89;NGC 4552;",5.1
188.991,27.9597,11400000,9.8,Galaxy,"NGC 4559;C 36;",10.7
190.5105,11.6467,15550000,9.8,Galaxy,"M 59;NGC 4621;",5.4
199.728,-21.0386,9400000,9.8,Galaxy,"NGC 5068;",7.2
208.488,-66.5139,0,9.8,Nebula,"NGC 5315;",0.23
220.8735,-57.5769,0,9.8,Open Cluster,"NGC 5715;",5
246.1095,-51.9483,0,9.8,Open Cluster,"NGC 6115;",3.4
262.8255,-34.0833,0,9.8,Open Cluster,"Col 333;",5
269.9535,-28.1667,0,9.8,Open Cluster,"Col 357;Tr 31;",5
296.31,-8.00722,0,9.8,Cluster,"Pal 11;",10
73.38375,-66.9253,0,9.9,Open Cluster,"NGC 1731;",8
73.81215,-68.2042,0,9.9,Open Cluster,"NGC 1755;",2
74.15745,-66.4789,0,9.9,Open Cluster,"NGC 1761;",1.2
77.48505,-68.8997,0,9.9,Open Cluster,"NGC 1858;",5
81.93465,-68.9861,0,9.9,Open Cluster,"NGC 1983;",0.6
145.0479,-50.3208,0,9.9,Open Cluster,"NGC 2972;",4
145.0479,-50.3208,0,9.9,Open Cluster,"NGC 2999;",4
150.7785,-26.1586,5700000,9.9,Galaxy,"NGC 3109;",19.1
154.5705,41.4242,11950000,9.9,Galaxy,"NGC 3184 Little Pinwheel",7.4
162.0705,12.6294,11590000,9.9,Galaxy,"NGC 3371;NGC 3384",5.4
168.699,55.0186,0,9.9,Nebula,"M97 Owl Nebula",3.4
169.2285,18.0514,21480000,9.9,Galaxy,"NGC 3607;",4.9
179.4,53.3744,24880000,9.9,Galaxy,"M 109;NGC 3992;",7.6
182.0235,65.1744,24420000,9.9,Galaxy,"NGC 4125;",5.8
184.176,69.4625,0,9.9,Galaxy,"NGC 4236;C 3;",21.9
270.8955,-30.035,0,9.9,Cluster,"NGC 6522;",5.6
296.235,-14.8103,500000,9.9,Galaxy,"NGC 6822;C 57;",15.5
16.1991,2.11773,740000,10,Galaxy,"IC 1613;C 51;",18.2
35.63955,42.3508,10200000,10,Galaxy,"NGC 891 Outer Limits",13.5
36.9063,-1.15639,20680000,10,Galaxy,"NGC 936;",4.7
54.6237,-23.0278,24200000,10,Galaxy,"NGC 1395;",5.9
75.88875,49.4917,0,10,Open Cluster,"NGC 1724;",2
76.9263,-37.5131,14000000,10,Galaxy,"NGC 1808;",6.5
77.91795,47.6889,0,10,Open Cluster,"NGC 1798;",5
81.92085,-69.1344,0,10,Open Cluster,"NGC 1984;",1
100.8213,4.62444,0,10,Open Cluster,"NGC 2269;",4
103.79955,17.9886,0,10,Open Cluster,"NGC 2304;",5
143.0496,21.5181,0,10,Galaxy,"NGC 2905;",13.3
160.9905,11.7036,11000000,10,Galaxy,"M 95;NGC 3351;",7.4
177.7575,-28.8058,24500000,10,Galaxy,"NGC 3923;",5.9
183.4515,14.9,15990000,10,Galaxy,"M 98;NGC 4192;",9.8
184.374,37.8067,4630000,10,Galaxy,"NGC 4244;C 26;",16.6
186.9405,13.0086,13950000,10,Galaxy,"NGC 4438 Eye Galaxies",8.5
188.5845,8.19778,27700000,10,Galaxy,"NGC 4535;",7.1
193.233,11.2311,22460000,10,Galaxy,"NGC 4762;",8.7
203.3865,-65.9739,0,10,Nebula,"NGC 5189;",2.33333
204.384,8.88556,19200000,10,Galaxy,"NGC 5248;C 45;",6.2
269.961,-17.4503,0,10,Open Cluster,"NGC 6507;",6
273.9585,-22.1358,0,10,Open Cluster,"NGC 6583;",5
314.124,45.4731,0,10,Open Cluster,"NGC 6996;",5
314.1645,44.6317,0,10,Open Cluster,"NGC 6997;",6
337.011,52.2892,0,10,Open Cluster,"NGC 7296;",4
357.507,68.0381,0,10,Open Cluster,"NGC 7762;",15
111.525,-24.3,0,10,Open Cluster,"Col 145;Tr 6;",6
23.57295,-29.4161,25130000,10.1,Galaxy,"NGC 613;",5.5
25.57545,51.5711,0,10.1,Nebula,"M76 Little Dumbbell Nebula",2.7
25.5912,51.5803,0,10.1,Open Cluster,"NGC 651;M 76",2.71667
47.43795,-20.5792,22600000,10.1,Galaxy,"NGC 1232 Eye of God Galaxy",7.4
55.0491,-18.58,25100000,10.1,Galaxy,"NGC 1407;",4.6
55.50585,-47.2222,15100000,10.1,Galaxy,"NGC 1433;",6.5
72.65085,-69.9856,0,10.1,Cluster,"NGC 1711;",3.4
77.37285,-69.1278,0,10.1,Open Cluster,"NGC 1856;",1.8
78.4659,-67.4528,0,10.1,Open Cluster,"NGC 1871;",2.1
82.58505,-66.8842,0,10.1,Open Cluster,"NGC 2002;",2.1
82.85745,34.245,0,10.1,Nebula,"NGC 1931;",1
133.3866,51.3136,15250000,10.1,Galaxy,"NGC 2681;",3.6
133.90995,78.2233,24400000,10.1,Galaxy,"NGC 2655;",4.9
137.90625,60.0372,20070000,10.1,Galaxy,"NGC 2768;",8.1
161.9265,13.9856,10620000,10.1,Galaxy,"NGC 3377;",5.2
187.4535,13.4303,31600000,10.1,Galaxy,"NGC 4473;",4.5
189.4305,11.8181,21400000,10.1,Galaxy,"M 58;NGC 4579;",5.9
198.366,36.5944,19640000,10.1,Galaxy,"NGC 5033;",10.7
207.3135,60.1908,27390000,10.1,Galaxy,"NGC 5322;",5.9
252.348,-44.7314,0,10.1,Open Cluster,"NGC 6216;",4
252.348,-44.7314,0,10.1,Open Cluster,"NGC 6222;",4
270.4605,-8.95889,0,10.1,Cluster,"NGC 6517;",4.3
114.6,-10.6833,0,10.1,Open Cluster,"Col 156;Mel 72;",9
189.891,-60.6167,0,10.1,Open Cluster,"Col 262;Tr 20;",7
305.8245,41.7,0,10.1,Open Cluster,"Col 421;",5
17.36205,35.7178,3920000,10.2,Galaxy,"NGC 404;",3.5
54.11295,-34.9761,26400000,10.2,Galaxy,"NGC 1380;",4.8
54.71625,-35.5931,27400000,10.2,Galaxy,"NGC 1404;",3.3
71.4288,-59.2478,18800000,10.2,Galaxy,"NGC 1672;",6.6
76.30875,-37.98,17100000,10.2,Galaxy,"NGC 1792;",5.2
76.59165,-70.4792,0,10.2,Open Cluster,"NGC 1845;",21
89.39535,-69.1972,0,10.2,Cluster,"NGC 2157;",1
90.6375,49.8658,0,10.2,Open Cluster,"NGC 2126;",6
92.88285,-69.1208,0,10.2,Cluster,"NGC 2210;",1.7
115.22415,-19.0858,0,10.2,Open Cluster,"NGC 2432;",7
117.2442,-21.2981,0,10.2,Open Cluster,"NGC 2455;",7
154.9785,45.55,13990000,10.2,Galaxy,"NGC 3198;",8.5
160.878,24.9219,8200000,10.2,Galaxy,"NGC 3344;",7.1
167.88,55.6733,14320000,10.2,Galaxy,"M 108;NGC 3556;",8.7
168.321,-26.755,20200000,10.2,Galaxy,"NGC 3585;",4.7
171.5325,43.5861,17200000,10.2,Galaxy,"NGC 3675;",5.9
178.4535,52.3264,18450000,10.2,Galaxy,"NGC 3953;",6.9
182.6355,39.4058,14000000,10.2,Galaxy,"NGC 4151;",6.3
183.975,13.1497,17110000,10.2,Galaxy,"NGC 4216;",8.1
185.028,29.2806,15180000,10.2,Galaxy,"NGC 4278;",4.1
186.861,11.1072,16700000,10.2,Galaxy,"NGC 4429;",5.6
190.9935,32.1703,9100000,10.2,Galaxy,"NGC 4656;",15.1
192.2595,-8.66444,24700000,10.2,Galaxy,"NGC 4699;",3.8
197.1555,-49.5058,20500000,10.2,Galaxy,"NGC 4976;",5.6
202.4955,47.2664,8600000,10.2,Galaxy,"NGC 5195;",5.8
219.9015,-26.5383,0,10.2,Cluster,"NGC 5694;C 66;",3.6
226.6215,55.7631,14680000,10.2,Galaxy,"NGC 5866;",4.7
254.772,-52.7089,0,10.2,Open Cluster,"NGC 6253;",5
259.497,-23.7658,0,10.2,Cluster,"NGC 6325;",4.3
267.7155,-34.5986,0,10.2,Cluster,"NGC 6453;",3.5
203.6625,-60.2,0,10.2,Open Cluster,"Col 275;",11
14.77125,-72.1772,0,10.3,Open Cluster,"NGC 346;",14
22.8366,-6.86833,25400000,10.3,Galaxy,"NGC 584;",4.2
28.2516,-13.7392,24600000,10.3,Galaxy,"NGC 720;",4.7
52.0821,-31.0686,0,10.3,Galaxy,"NGC 1344;",6
63.1788,-57.7381,17520000,10.3,Galaxy,"NGC 1543;",4.9
83.75295,-69.7317,0,10.3,Open Cluster,"NGC 2037;",0.5
89.7288,-68.5156,0,10.3,Cluster,"NGC 2164;",1.2
94.66245,78.3578,22450000,10.3,Galaxy,"NGC 2146;",6
114.53505,38.8814,0,10.3,Cluster,"NGC 2419;C 25;",4.1
138.0804,-24.1717,9700000,10.3,Galaxy,"NGC 2784;",5.5
165.099,28.9747,12230000,10.3,Galaxy,"NGC 3486;",7.1
187.1235,17.085,27500000,10.3,Galaxy,"NGC 4450;",5.2
191.2755,3.0575,17900000,10.3,Galaxy,"NGC 4624;NGC 4665",3.5
191.2755,3.0575,0,10.3,Galaxy,"NGC 4664;NGC 4665",3.5
193.0725,11.3136,19000000,10.3,Galaxy,"NGC 4754;",4.6
197.736,37.0592,19870000,10.3,Galaxy,"NGC 5005;C 29;",5.8
226.6215,1.60611,26710000,10.3,Galaxy,"NGC 5846;",4.1
259.251,-62.8208,15600000,10.3,Galaxy,"NGC 6300;",4.5
272.6745,-7.2,0,10.3,Cluster,"IC 1276;Pal 7;",7.1
272.6835,-7.2075,0,10.3,Cluster,"Pal 7;",8
15.03885,-33.709,0,10.36,Galaxy,"ESO NaN;PGC 3589;",1.15
8.694585,-8.39667,23300000,10.4,Galaxy,"NGC 157;",4.2
20.02755,3.41528,32800000,10.4,Galaxy,"NGC 474;",7.1
29.83455,19.0061,34800000,10.4,Galaxy,"NGC 772 Nautilus",7.2
51.5712,-21.3344,21500000,10.4,Galaxy,"NGC 1332;",4.7
77.3346,-68.8489,0,10.4,Cluster,"NGC 1854;",1
78.4821,-67.3344,0,10.4,Open Cluster,"NGC 1873;",3.5
79.6521,-69.4069,0,10.4,Cluster,"NGC 1916;",1.1
82.91205,-69.9458,0,10.4,Open Cluster,"NGC 2016;",0.3
84.11715,-66.9897,0,10.4,Cluster,"NGC 2041;",0.7
87.21915,-70.07,0,10.4,Nebula,"NGC 2122;",6
95.41545,-27.2344,22800000,10.4,Galaxy,"NGC 2217;",4.5
114.12915,-69.5189,0,10.4,Galaxy,"NGC 2443;",6
137.58465,7.03778,19000000,10.4,Galaxy,"NGC 2775;C 48;",4.3
153.4395,3.42528,22000000,10.4,Galaxy,"NGC 3166;",4.8
159.6915,53.5028,18100000,10.4,Galaxy,"NGC 3310;",3.1
165.078,13.9019,9600000,10.4,Galaxy,"NGC 3489;",3.5
170.2785,3.23472,24250000,10.4,Galaxy,"NGC 3640;",4
177.159,48.7106,18130000,10.4,Galaxy,"NGC 3893;",4.5
178.206,44.1203,17450000,10.4,Galaxy,"NGC 3938;",5.4
178.23,36.9861,15550000,10.4,Galaxy,"NGC 3941;",3.5
182.526,18.5422,0,10.4,Cluster,"NGC 4147;NGC 4153",4
182.526,18.5422,0,10.4,Open Cluster,"NGC 4153;",4
184.9605,29.6139,16830000,10.4,Galaxy,"NGC 4274;",6.8
187.0155,9.80389,15310000,10.4,Galaxy,"NGC 4442;",4.6
187.251,13.9781,17000000,10.4,Galaxy,"NGC 4459;",3.8
187.509,13.6367,19100000,10.4,Galaxy,"NGC 4477;",3.8
188.613,2.18778,25500000,10.4,Galaxy,"NGC 4536;",7.6
188.8635,14.4967,16200000,10.4,Galaxy,"M 91;NGC 4548;",5.4
190.0005,61.6078,4920000,10.4,Galaxy,"NGC 4605;",5.5
204.513,-17.8842,22200000,10.4,Galaxy,"NGC 5247;",5.6
209.049,5.01444,20150000,10.4,Galaxy,"NGC 5317;NGC 5364",6.8
330.672,-51.2966,1760000,10.4,Galaxy,"IC 5152;",5.13
344.3265,-41.0708,13200000,10.4,Galaxy,"NGC 7424;",9.5
163.5,-60.44,0,10.4,Open Cluster,"PK NaN;",1.2
7.58916,-33.2472,22300000,10.5,Galaxy,"NGC 134;",8.5
21.1992,9.53917,33500000,10.5,Galaxy,"NGC 524;",2.8
35.7696,-21.2342,21300000,10.5,Galaxy,"NGC 908;",6
49.92045,-19.4111,22200000,10.5,Galaxy,"NGC 1300;",6.2
50.98455,-36.4647,19200000,10.5,Galaxy,"NGC 1326;",3.9
52.0821,-31.0686,18690000,10.5,Galaxy,"NGC 1340;NGC 1344",4.6
74.46285,-69.3922,0,10.5,Open Cluster,"NGC 1782;",1.2
88.2462,-69.4933,0,10.5,Cluster,"NGC 2136;",1
104.01495,-7.17444,0,10.5,Open Cluster,"NGC 2309;",3
114.08205,-69.5419,20700000,10.5,Galaxy,"NGC 2442;",6
147.59085,72.2797,21500000,10.5,Galaxy,"NGC 2985;",4.6
150.8355,68.7339,3560000,10.5,Galaxy,"NGC 3077;",5.4
161.6535,63.2239,16970000,10.5,Galaxy,"NGC 3359;",6.8
162.7215,13.4119,11800000,10.5,Galaxy,"NGC 3412;",3.6
169.605,58.7861,26880000,10.5,Galaxy,"NGC 3610;",2.7
173.3385,47.0289,17400000,10.5,Galaxy,"NGC 3726;",6.2
178.3065,60.6753,22500000,10.5,Galaxy,"NGC 3945;",5.5
179.484,55.4533,17850000,10.5,Galaxy,"NGC 3998;",2.7
180.471,-18.8686,23100000,10.5,Galaxy,"NGC 4038;C 60;",5.2
184.8465,5.825,31500000,10.5,Galaxy,"NGC 4261;",4.1
185.3025,18.3822,14320000,10.5,Galaxy,"NGC 4293;",5.6
185.6325,29.8953,13600000,10.5,Galaxy,"NGC 4314;",4.2
186.4545,33.5472,4500000,10.5,Galaxy,"NGC 4395;",13.2
188.19,0.113333,15900000,10.5,Galaxy,"NGC 4437;NGC 4517",10.8
188.8725,-3.79389,17300000,10.5,Galaxy,"NGC 4546;",3.3
192.204,-41.3114,41700000,10.5,Galaxy,"NGC 4696;",4.5
193.092,-1.20444,17500000,10.5,Galaxy,"NGC 4753;",6
199.521,-26.8378,29300000,10.5,Galaxy,"NGC 5061;",3.5
209.049,5.01444,0,10.5,Galaxy,"NGC 5364;",6.8
208.9155,40.4614,0,10.5,Galaxy,"NGC 5390;",4.4
218.172,-44.1733,16900000,10.5,Galaxy,"NGC 5643;",4.6
282.2415,-65.1733,12440000,10.5,Galaxy,"NGC 6684;",4
290.7375,1.51306,0,10.5,Nebula,"NGC 6790;",0.16
303.786,12.7042,0,10.5,Nebula,"NGC 6891;",1.23333
331.9695,31.3589,17200000,10.5,Galaxy,"NGC 7217;",3.9
99.6,2.01667,0,10.5,Open Cluster,"Col 110;",12
131.25,-31.6333,0,10.5,Open Cluster,"Col 196;",5
91.87425,-61.8075,0,10.57,Galaxy,"ESO NaN;PGC 18437;",4.17
6.696255,-71.5367,0,10.6,Cluster,"NGC 121;",1.5
20.445,5.25694,32000000,10.6,Galaxy,"NGC 488;",5.2
40.2696,-8.25583,21300000,10.6,Galaxy,"NGC 1052;",3
49.9629,-26.0611,24100000,10.6,Galaxy,"NGC 1302;",3.9
60.9759,-43.3492,12700000,10.6,Galaxy,"NGC 1512;",8.9
63.01755,-32.875,17050000,10.6,Galaxy,"NGC 1532;",11.1
63.41955,-31.6461,20100000,10.6,Galaxy,"NGC 1537;",3.9
74.1138,-69.4006,0,10.6,Open Cluster,"NGC 1767;",1.6
75.5892,-66.1122,0,10.6,Cluster,"NGC 1805;",2.2
76.23285,-70.7142,0,10.6,Open Cluster,"NGC 1837;",1.4
76.2738,-69.4042,0,10.6,Cluster,"NGC 1835;",1.2
81.52875,-66.5972,0,10.6,Open Cluster,"NGC 1951;",2
83.08455,-67.5233,0,10.6,Open Cluster,"NGC 2011;",1
83.9862,-69.1944,0,10.6,Open Cluster,"NGC 2044;",2.1
128.34585,-22.9731,25790000,10.6,Galaxy,"NGC 2613;",7.2
139.47,-22.3547,12500000,10.6,Galaxy,"NGC 2835;",6.6
141.0771,34.5131,25400000,10.6,Galaxy,"NGC 2859;",4.3
146.8137,67.9164,3610000,10.6,Galaxy,"NGC 2976;",5.9
167.49,-37.5394,43500000,10.6,Galaxy,"NGC 3557;",4.1
170.016,18.3564,23150000,10.6,Galaxy,"NGC 3626;C 40;NGC 3632",2.7
170.262,53.1692,21600000,10.6,Galaxy,"NGC 3631;",5
173.1465,53.0683,17000000,10.6,Galaxy,"NGC 3718;",8.1
180.3615,61.8956,24600000,10.6,Galaxy,"NGC 4036;",4.3
184.5345,28.175,15100000,10.6,Galaxy,"NGC 4251;",3.6
194.8635,14.1714,28000000,10.6,Galaxy,"NGC 4866;",6.3
200.442,-27.4297,27400000,10.6,Galaxy,"NGC 5101;",5.4
225.075,-82.2167,0,10.6,Cluster,"IC 4499;",7.6
253.1925,-59.2167,21100000,10.6,Galaxy,"NGC 6221;",3.5
264.906,-33.2467,0,10.6,Open Cluster,"NGC 6404;",5
267.3585,70.145,5520000,10.6,Galaxy,"NGC 6503;",6.2
287.1765,4.70583,0,10.6,Open Cluster,"NGC 6756;",4
315.372,16.1878,0,10.6,Cluster,"NGC 7006;C 42;",2.8
319.7505,-48.5619,32200000,10.6,Galaxy,"NGC 7049;",4.2
343.7475,-39.6625,24700000,10.6,Galaxy,"NGC 7410;",5.5
349.599,-42.3708,22200000,10.6,Galaxy,"NGC 7582;",5
45.65715,-22.8675,19600000,10.7,Galaxy,"NGC 1187;",5.5
52.7838,-33.6289,26800000,10.7,Galaxy,"NGC 1350;",5.2
56.1342,-44.6456,0,10.7,Galaxy,"NGC 1457;",8.1
64.40295,-62.7844,18400000,10.7,Galaxy,"NGC 1559;",3.5
65.4942,-56.9747,18580000,10.7,Galaxy,"NGC 1574;",3.4
67.9137,-54.6017,15000000,10.7,Galaxy,"NGC 1617;",4.3
68.72625,45.2697,0,10.7,Open Cluster,"NGC 1605;",5
82.1883,-66.2353,0,10.7,Open Cluster,"NGC 1978;",4.2
85.6266,-68.2756,0,10.7,Open Cluster,"NGC 2098;",1.6
111.76545,80.1783,32700000,10.7,Galaxy,"NGC 2336;",7.1
124.57545,-37.1053,0,10.7,Open Cluster,"NGC 2568;",2
153.561,3.46667,20650000,10.7,Galaxy,"NGC 3169;",4.4
154.4595,-62.6706,0,10.7,Nebula,"NGC 3211;",0.233333
169.65,57.9997,29450000,10.7,Galaxy,"NGC 3613;",3.9
179.8545,50.9617,15300000,10.7,Galaxy,"NGC 4026;",5.2
180.474,-18.8861,23100000,10.7,Galaxy,"NGC 4039;C 61;",3.1
180.7905,44.5314,14580000,10.7,Galaxy,"NGC 4051;",5.2
181.6695,-29.7606,27300000,10.7,Galaxy,"NGC 4105;",2.7
181.761,43.0658,16000000,10.7,Galaxy,"NGC 4111;",4.6
183.771,33.1978,15300000,10.7,Galaxy,"NGC 4203;",3.4
186.231,11.7039,16370000,10.7,Galaxy,"NGC 4371;",4
186.6135,31.2233,18310000,10.7,Galaxy,"NGC 4414;",3.6
189.9825,10.1758,26300000,10.7,Galaxy,"NGC 4596;",4
190.986,13.1256,16270000,10.7,Galaxy,"NGC 4654;",4.9
191.2755,3.0575,0,10.7,Galaxy,"NGC 4665;",3.8
194.8395,-15.0422,21100000,10.7,Galaxy,"NGC 4856;",4.3
196.4535,-8.02083,20900000,10.7,Galaxy,"NGC 4958;",4.1
198.2535,-19.5183,39700000,10.7,Galaxy,"NGC 5018;",3.3
203.433,-48.1511,8000000,10.7,Galaxy,"NGC 5206;",3.7
204.9825,-31.6419,5700000,10.7,Galaxy,"NGC 5253;",5
208.9155,40.4614,36000000,10.7,Galaxy,"NGC 5371;NGC 5390",4.4
215.0835,3.93389,23330000,10.7,Galaxy,"NGC 5566;",6.6
228.975,56.3292,16300000,10.7,Galaxy,"NGC 5907 Splinter Galaxy",12.6
238.953,-57.4372,0,10.7,Open Cluster,"NGC 6005;",3
278.1435,-25.1289,0,10.7,Nebula,"NGC 6644;",0.0416667
315.1365,54.5431,0,10.7,Nebula,"NGC 7008 Fetus Neb",1.63333
349.044,-42.5847,22700000,10.7,Galaxy,"NGC 7552;",3.4
189.4875,-68.3667,0,10.7,Open Cluster,"Col 261;Harvard 6;",9
3.516255,-23.1811,9310000,10.8,Galaxy,"NGC 45;",8.5
23.21625,-7.0325,26400000,10.8,Galaxy,"NGC 596;",3.2
26.9763,27.4331,8000000,10.8,Galaxy,"NGC 672;",7.2
41.60505,-0.499722,21400000,10.8,Galaxy,"NGC 1087;",3.7
46.0329,-26.0694,23800000,10.8,Galaxy,"NGC 1201;",3.6
53.75505,-24.9339,23250000,10.8,Galaxy,"NGC 1367;NGC 1371",9
53.75505,-24.9339,0,10.8,Open Cluster,"NGC 1371;",9
73.58205,-67.0997,0,10.8,Open Cluster,"NGC 1735;",1.3
74.5287,-67.2425,0,10.8,Open Cluster,"NGC 1774;",1.8
81.68085,-69.1017,0,10.8,Open Cluster,"NGC 1967;",0.4
83.4246,-70.9869,0,10.8,Open Cluster,"NGC 2031;",3.5
99.5892,10.8836,0,10.8,Open Cluster,"NGC 2259;",4.5
101.9292,-26.7553,28860000,10.8,Galaxy,"NGC 2293;",4.2
115.45995,-14.7358,0,10.8,Nebula,"NGC 2438;",1.21667
138.4575,-69.6447,23300000,10.8,Galaxy,"NGC 2822;",3.3
150.489,55.6817,19130000,10.8,Galaxy,"NGC 3079;",7.9
154.224,73.4006,41500000,10.8,Galaxy,"NGC 3147;",3.9
156.8265,28.5072,21550000,10.8,Galaxy,"NGC 3245;",3.2
168.654,12.8175,8800000,10.8,Galaxy,"NGC 3593;",5.2
169.2465,18.1483,23690000,10.8,Galaxy,"NGC 3608;",3.2
171.1815,38.7631,32400000,10.8,Galaxy,"NGC 3665;",2.5
175.245,11.4714,17770000,10.8,Galaxy,"NGC 3810;",4.3
180.0975,-1.1,24460000,10.8,Galaxy,"NGC 4030;",4.2
184.9395,12.7981,15240000,10.8,Galaxy,"NGC 4267;",3.2
186.9195,13.0789,16230000,10.8,Galaxy,"NGC 4435;",2.8
187.2465,3.57028,17400000,10.8,Galaxy,"NGC 4457;",2.7
188.19,0.113333,0,10.8,Galaxy,"NGC 4517;",10.5
188.535,2.6525,24500000,10.8,Galaxy,"NGC 4527;",6.2
190.833,1.97833,25700000,10.8,Galaxy,"NGC 4643;",3.1
190.9275,16.3931,26710000,10.8,Galaxy,"NGC 4651;",4
199.2435,-16.6353,24500000,10.8,Galaxy,"NGC 5054;",5.1
199.9575,-27.41,30500000,10.8,Galaxy,"NGC 5078;",4
200.07,-21.8278,26400000,10.8,Galaxy,"NGC 5084;",9.3
209.0295,5.25528,22400000,10.8,Galaxy,"NGC 5363;",4.1
210.912,-33.9786,58100000,10.8,Galaxy,"NGC 5419;",4.2
221.2335,1.95583,29040000,10.8,Galaxy,"NGC 5746;",7.4
226.359,2.09917,28500000,10.8,Galaxy,"NGC 5838;",4.2
302.475,-48.3797,40200000,10.8,Galaxy,"NGC 6868;",3.5
328.1775,-48.2553,27200000,10.8,Galaxy,"NGC 7144;",3.7
332.3175,-47.1667,24700000,10.8,Galaxy,"NGC 7213;",3.1
348.0315,-28.5406,22500000,10.8,Galaxy,"NGC 7507;",2.8
354.9735,-12.2933,26300000,10.8,Galaxy,"NGC 7727;",4.7
157.1025,68.4132,3830000,10.83,Galaxy,"IC 2574;",12.88
11.76333,-11.8722,0,10.9,Nebula,"NGC 246;C 56;",4.6
13.018755,47.5506,11800000,10.9,Galaxy,"NGC 278;",2.1
15.97335,-72.8253,0,10.9,Cluster,"NGC 376;",NaN
40.4391,0.442222,16630000,10.9,Galaxy,"NGC 1055;",7.6
54.2379,-35.5064,18300000,10.9,Galaxy,"NGC 1387;",2.8
62.32035,30.7761,0,10.9,Nebula,"NGC 1514;",2.3
62.4663,-56.1183,18380000,10.9,Galaxy,"NGC 1533;",2.8
74.7867,-65.9853,0,10.9,Cluster,"NGC 1783;",2.9
74.78295,-67.7453,0,10.9,Cluster,"NGC 1786;",1.5
75.42705,-65.8231,0,10.9,Open Cluster,"NGC 1787;",23
81.69795,-63.7606,15500000,10.9,Galaxy,"NGC 1947;",3
82.6887,-71.0683,0,10.9,Nebula,"NGC 2018;",25
82.9863,-70.1597,0,10.9,Cluster,"NGC 2019;",1
83.14035,-71.7156,0,10.9,Open Cluster,"NGC 2025;",1.9
83.34,-21.9467,23400000,10.9,Galaxy,"NGC 1964;",5.6
93.23955,-68.2592,0,10.9,Open Cluster,"NGC 2214;",3.5
93.82245,39.8553,0,10.9,Open Cluster,"NGC 2192;",5
101.91585,-26.7469,29350000,10.9,Galaxy,"NGC 2292;",4.1
145.6371,-3.69944,27000000,10.9,Galaxy,"NGC 2652;NGC 2974",3.4
133.8942,58.7339,15700000,10.9,Galaxy,"NGC 2685;",4.5
139.82715,69.2031,10240000,10.9,Galaxy,"NGC 2787;",3.2
146.06745,-21.2792,35310000,10.9,Galaxy,"NGC 2986;",3.2
155.877,19.8653,20850000,10.9,Galaxy,"NGC 3227;",5.4
160.5315,13.7467,24640000,10.9,Galaxy,"NGC 3338;",5.9
162.8175,27.975,25050000,10.9,Galaxy,"NGC 3414;",3.5
170.016,18.3564,0,10.9,Galaxy,"NGC 3632;",3.1
170.5755,59.0742,27500000,10.9,Galaxy,"NGC 3642;",5.4
176.769,-16.8547,17870000,10.9,Galaxy,"NGC 3887;",3.3
178.4235,47.8583,18410000,10.9,Galaxy,"NGC 3949;",2.9
178.6665,-13.9747,30420000,10.9,Galaxy,"NGC 3962;",2.6
186.1275,-18.7847,0,10.9,Nebula,"NGC 4361;",1.9
186.327,-39.7603,47800000,10.9,Galaxy,"NGC 4373;",3.4
186.4815,18.2139,16800000,10.9,Galaxy,"NGC 4394;",3.6
189.222,7.24639,24400000,10.9,Galaxy,"NGC 4570;",3.8
189.354,74.1917,29420000,10.9,Galaxy,"NGC 4589;",3.2
190.386,41.1506,7700000,10.9,Galaxy,"NGC 4618;",4.2
192.054,-3.33361,22500000,10.9,Galaxy,"NGC 4691;",2.8
192.096,8.48778,23650000,10.9,Galaxy,"NGC 4698;",4
192.411,15.165,16800000,10.9,Galaxy,"NGC 4710;",4.9
195.249,-14.5136,39200000,10.9,Galaxy,"NGC 4902;",3
196.071,-30.5267,43900000,10.9,Galaxy,"NGC 4936;",2.7
197.2395,-15.5169,21300000,10.9,Galaxy,"NGC 4984;",2.8
198.849,-16.3858,39200000,10.9,Galaxy,"NGC 5044;",3
215.265,3.27083,23690000,10.9,Galaxy,"NGC 5576;",3.5
225.297,1.70167,30150000,10.9,Galaxy,"NGC 5813;",4.2
234.108,-66.8597,49500000,10.9,Galaxy,"NGC 5938;",2.8
247.8765,-40.2536,0,10.9,Nebula,"NGC 6153;",0.466667
266.2275,3.17028,0,10.9,Cluster,"NGC 6426;",3.2
302.598,46.4608,0,10.9,Open Cluster,"NGC 6766;",0.0933333
302.598,46.4608,0,10.9,Nebula,"NGC 6884;",0.0933333
316.5765,47.8522,0,10.9,Nebula,"NGC 7026;",0.45
349.77,-8.48556,31550000,10.9,Galaxy,"NGC 7606;",5.4
154.524,21.8331,23630000,11.1,Galaxy,"NGC 3190;",4.4
154.6035,21.8936,29560000,11.2,Galaxy,"NGC 3193;",3
173.4555,53.1256,20180000,11.6,Galaxy,"NGC 3729;",2.8
154.4115,21.6883,22000000,12,Galaxy,"NGC 3185;",2.3
185.631,15.5375,10930000,12.1,Galaxy,"NGC 4312;",4.6
350.1255,17.2256,23000000,12.1,Open Cluster,"NGC 7625;",1.6
154.4505,21.8731,26100000,12.7,Galaxy,"NGC 3187;",3
339.0135,33.9483,15670000,13.1,Galaxy,"NGC 7320;",2.2
338.994,33.9658,0,13.4,Galaxy,"NGC 7318;NGC 7318A",1.2
339.015,33.9758,95100000,13.8,Galaxy,"NGC 7319;",1.7
338.9655,33.9447,93000000,13.9,Galaxy,"NGC 7317;",1.1
